Susceptibles,Expuestos,Infectados,Recuperados,Mosquitos_S,Mosquitos_I,Mosquitos_Total,Huevos,Temperatura,Precipitacion,Sitios_Temporales,LSM_Activo,ITN_IRS_Activo,seed,estrategia,usar_lsm,usar_itn_irs,run_id
9998,0,2,0,2000,3000,5000,2000,25.0,0.0,0,False,False,42,sin_control,False,False,1
9998,0,2,0,1856,2786,4642,16636,21.5,2.3,0,False,False,42,sin_control,False,False,1
9997,1,2,0,1709,2563,4272,24410,22.3,0.0,0,False,False,42,sin_control,False,False,1
9997,1,2,0,1601,2382,3983,27987,22.3,0.0,0,False,False,42,sin_control,False,False,1
9997,1,2,0,1487,2235,3722,28877,21.8,0.0,0,False,False,42,sin_control,False,False,1
9997,1,2,0,1381,2072,3453,29373,21.6,0.0,0,False,False,42,sin_control,False,False,1
9997,0,3,0,1294,1931,3225,28587,19.5,0.2,0,False,False,42,sin_control,False,False,1
9997,0,3,0,1201,1790,2991,28052,20.1,1.7,0,False,False,42,sin_control,False,False,1
9997,0,1,2,1116,1648,2764,26597,21.8,0.3,0,False,False,42,sin_control,False,False,1
9996,1,1,2,1028,1532,2560,24554,21.7,0.0,0,False,False,42,sin_control,False,False,1
9994,3,1,2,974,1398,2372,22671,21.0,0.0,0,False,False,42,sin_control,False,False,1
9994,3,1,2,903,1306,2209,21621,19.8,7.2,3,False,False,42,sin_control,False,False,1
9994,3,1,2,841,1209,2050,23479,21.2,8.0,7,False,False,42,sin_control,False,False,1
9994,2,2,2,771,1127,1898,23749,20.1,5.1,9,False,False,42,sin_control,False,False,1
9994,0,3,3,708,1022,1730,23782,20.6,3.5,9,False,False,42,sin_control,False,False,1
9994,0,3,3,665,958,1623,25979,21.0,1.7,9,False,False,42,sin_control,False,False,1
9994,0,3,3,647,883,1530,26946,20.8,3.8,9,False,False,42,sin_control,False,False,1
9994,0,3,3,640,828,1468,27913,21.9,0.5,9,False,False,42,sin_control,False,False,1
9994,0,3,3,645,790,1435,26148,21.3,0.3,9,False,False,42,sin_control,False,False,1
9994,0,3,3,665,755,1420,24530,21.9,0.1,6,False,False,42,sin_control,False,False,1
9994,0,3,3,706,705,1411,19198,24.0,0.0,2,False,False,42,sin_control,False,False,1
9993,1,2,4,873,691,1564,17284,23.1,0.3,0,False,False,42,sin_control,False,False,1
9993,1,0,6,917,677,1594,15550,21.4,1.6,0,False,False,42,sin_control,False,False,1
9993,1,0,6,936,651,1587,14806,22.8,0.0,0,False,False,42,sin_control,False,False,1
9992,2,0,6,949,626,1575,13897,21.2,3.8,0,False,False,42,sin_control,False,False,1
9992,1,1,6,993,592,1585,14137,22.3,0.0,0,False,False,42,sin_control,False,False,1
9992,1,1,6,995,658,1653,17210,22.4,52.3,26,False,False,42,sin_control,False,False,1
9992,1,1,6,988,626,1614,20193,22.4,0.0,26,False,False,42,sin_control,False,False,1
9992,0,2,6,991,612,1603,22163,21.3,24.9,38,False,False,42,sin_control,False,False,1
9992,0,2,6,1008,574,1582,24080,21.2,0.0,38,False,False,42,sin_control,False,False,1
9992,0,2,6,995,545,1540,25399,19.9,8.1,42,False,False,42,sin_control,False,False,1
9992,0,2,6,986,507,1493,26358,21.1,0.0,42,False,False,42,sin_control,False,False,1
9991,1,2,6,981,479,1460,26960,21.1,0.4,42,False,False,42,sin_control,False,False,1
9991,1,1,7,982,450,1432,27937,23.0,0.0,42,False,False,42,sin_control,False,False,1
9991,1,1,7,986,436,1422,28533,22.4,0.0,16,False,False,42,sin_control,False,False,1
9991,1,1,7,1081,425,1506,26754,21.6,9.9,20,False,False,42,sin_control,False,False,1
9991,0,1,8,1167,401,1568,25728,21.2,0.8,8,False,False,42,sin_control,False,False,1
9991,0,1,8,1316,490,1806,27179,20.1,50.0,33,False,False,42,sin_control,False,False,1
9991,0,1,8,1531,491,2022,29797,19.9,7.5,32,False,False,42,sin_control,False,False,1
9991,0,1,8,1406,463,1869,31554,19.6,21.2,42,False,False,42,sin_control,False,False,1
9992,0,1,7,1691,471,2162,33257,21.3,0.0,42,False,False,42,sin_control,False,False,1
9992,0,1,7,1861,543,2404,36113,21.0,2.4,42,False,False,42,sin_control,False,False,1
9992,0,1,7,2125,544,2669,38537,22.8,0.0,42,False,False,42,sin_control,False,False,1
9992,0,1,7,2760,605,3365,42653,22.9,0.0,38,False,False,42,sin_control,False,False,1
9991,1,0,8,2957,610,3567,47609,20.7,5.5,40,False,False,42,sin_control,False,False,1
9990,2,0,8,3170,615,3785,52399,21.7,2.0,15,False,False,42,sin_control,False,False,1
9990,2,0,8,3340,621,3961,53352,21.2,1.0,12,False,False,42,sin_control,False,False,1
9990,2,0,8,3480,627,4107,54595,23.2,0.0,2,False,False,42,sin_control,False,False,1
9990,1,1,8,3589,611,4200,56305,22.7,7.2,5,False,False,42,sin_control,False,False,1
9990,1,2,7,3657,602,4259,57085,21.7,2.0,5,False,False,42,sin_control,False,False,1
9990,1,2,7,3767,594,4361,61933,20.6,10.9,10,False,False,42,sin_control,False,False,1
9990,1,2,7,3829,611,4440,62595,20.8,1.2,10,False,False,42,sin_control,False,False,1
9990,1,2,7,4005,586,4591,62394,22.5,0.0,8,False,False,42,sin_control,False,False,1
9990,0,3,7,4069,578,4647,68391,22.8,5.8,10,False,False,42,sin_control,False,False,1
9990,0,3,7,4154,561,4715,72494,21.4,16.4,18,False,False,42,sin_control,False,False,1
9990,0,3,7,4310,547,4858,76942,21.5,7.8,21,False,False,42,sin_control,False,False,1
9990,1,2,7,4447,518,4966,80758,22.8,0.0,18,False,False,42,sin_control,False,False,1
9990,1,1,8,4780,590,5372,85430,20.5,49.0,42,False,False,42,sin_control,False,False,1
9990,1,1,8,5159,576,5737,89406,20.5,8.9,41,False,False,42,sin_control,False,False,1
9990,1,1,8,5556,555,6113,95328,21.3,8.3,45,False,False,42,sin_control,False,False,1
9990,0,2,8,6037,553,6592,98375,20.0,18.6,54,False,False,42,sin_control,False,False,1
9990,0,1,9,6541,583,7126,101702,20.5,8.3,56,False,False,42,sin_control,False,False,1
9990,0,1,9,7070,577,7649,108970,20.6,5.0,50,False,False,42,sin_control,False,False,1
9989,1,1,9,7658,558,8216,118267,21.6,0.8,47,False,False,42,sin_control,False,False,1
9989,1,1,9,8161,541,8702,127172,20.7,5.1,49,False,False,42,sin_control,False,False,1
9989,1,1,9,7550,500,8050,134238,20.2,14.0,32,False,False,42,sin_control,False,False,1
9989,1,1,9,8100,500,8600,140187,20.4,3.3,28,False,False,42,sin_control,False,False,1
9989,0,2,9,8729,502,9231,147780,21.8,0.0,24,False,False,42,sin_control,False,False,1
9988,1,1,10,9359,507,9866,155522,21.1,0.0,15,False,False,42,sin_control,False,False,1
9988,1,1,10,9861,517,10378,163806,22.1,4.1,11,False,False,42,sin_control,False,False,1
9988,1,1,10,10468,519,10988,173247,21.1,11.0,14,False,False,42,sin_control,False,False,1
9988,1,1,10,11017,509,11527,183811,21.4,0.8,14,False,False,42,sin_control,False,False,1
9988,0,2,10,11599,552,12152,180319,21.7,0.3,12,False,False,42,sin_control,False,False,1
9988,0,2,10,12018,562,12581,192229,20.9,17.0,13,False,False,42,sin_control,False,False,1
9988,0,2,10,12553,542,13097,205003,22.7,0.0,13,False,False,42,sin_control,False,False,1
9988,0,1,11,13367,566,13936,217076,21.0,1.5,13,False,False,42,sin_control,False,False,1
9987,1,1,11,16692,611,17304,236249,22.6,0.0,13,False,False,42,sin_control,False,False,1
9987,1,1,11,18050,622,18673,241025,21.8,4.3,13,False,False,42,sin_control,False,False,1
9987,1,1,11,19277,720,19998,267896,22.6,50.0,33,False,False,42,sin_control,False,False,1
9986,2,1,11,20204,708,20913,293127,21.4,3.9,33,False,False,42,sin_control,False,False,1
9986,1,1,12,21126,715,21841,316548,21.7,2.4,33,False,False,42,sin_control,False,False,1
9986,1,1,12,22239,693,22932,339474,23.9,0.0,25,False,False,42,sin_control,False,False,1
9986,1,1,12,23457,675,24132,365151,21.7,4.5,25,False,False,42,sin_control,False,False,1
9986,0,2,12,24711,671,25382,389278,22.8,1.0,25,False,False,42,sin_control,False,False,1
9986,0,2,12,26084,680,26770,416045,22.3,7.1,28,False,False,42,sin_control,False,False,1
9986,0,2,12,27609,678,28292,412299,21.6,0.0,28,False,False,42,sin_control,False,False,1
9986,0,2,12,29091,674,29769,445523,20.8,13.9,9,False,False,42,sin_control,False,False,1
9986,0,2,12,30577,684,31267,477288,21.2,15.5,16,False,False,42,sin_control,False,False,1
9987,0,1,12,32239,661,32909,507314,22.0,0.8,16,False,False,42,sin_control,False,False,1
9987,0,1,12,33907,648,34564,539343,21.8,0.0,16,False,False,42,sin_control,False,False,1
9987,0,1,12,36423,670,37105,574591,22.1,3.0,16,False,False,42,sin_control,False,False,1
9987,0,0,13,39943,684,40637,614958,21.9,19.7,25,False,False,42,sin_control,False,False,1
9987,0,0,13,43490,748,44244,660346,21.7,11.8,27,False,False,42,sin_control,False,False,1
9987,0,0,13,47016,863,47885,679907,21.3,61.0,57,False,False,42,sin_control,False,False,1
9987,0,0,13,50190,878,51072,706932,21.4,4.0,51,False,False,42,sin_control,False,False,1
9987,0,0,13,53090,858,53951,773714,22.7,0.0,44,False,False,42,sin_control,False,False,1
9986,1,0,13,56360,851,57212,800558,21.2,19.1,53,False,False,42,sin_control,False,False,1
9986,1,0,13,59167,849,60016,832611,22.2,8.9,57,False,False,42,sin_control,False,False,1
9986,1,0,13,61901,854,62755,865617,21.6,23.7,68,False,False,42,sin_control,False,False,1
9986,1,0,13,65222,859,66081,905635,23.0,0.0,59,False,False,42,sin_control,False,False,1
9986,0,1,13,68234,861,69095,990345,23.2,0.0,54,False,False,42,sin_control,False,False,1
9986,0,1,13,71343,860,72204,1068193,21.8,4.7,24,False,False,42,sin_control,False,False,1
9986,0,1,13,74441,837,75281,1144362,21.7,1.7,24,False,False,42,sin_control,False,False,1
9985,1,1,13,77802,933,78738,1219304,23.3,52.3,50,False,False,42,sin_control,False,False,1
9985,1,1,13,81632,923,82561,1293709,23.2,0.0,41,False,False,42,sin_control,False,False,1
9985,1,1,13,86050,910,86966,1371126,22.4,8.7,41,False,False,42,sin_control,False,False,1
9986,1,1,12,91148,913,92068,1451921,20.4,2.0,30,False,False,42,sin_control,False,False,1
9986,0,2,12,97284,973,98265,1543246,21.5,4.1,30,False,False,42,sin_control,False,False,1
9986,0,1,13,104686,986,105679,1644146,19.4,0.0,30,False,False,42,sin_control,False,False,1
9986,0,1,13,112962,1012,113979,1754436,20.3,19.1,39,False,False,42,sin_control,False,False,1
9986,0,1,13,121723,1074,122801,1876498,20.2,37.1,57,False,False,42,sin_control,False,False,1
9986,0,1,13,132096,1118,133217,1928078,19.0,31.1,46,False,False,42,sin_control,False,False,1
9986,0,1,13,142447,1136,143587,2087192,20.3,1.8,46,False,False,42,sin_control,False,False,1
9986,0,1,13,154623,1126,155753,2261866,21.9,0.0,42,False,False,42,sin_control,False,False,1
9986,0,1,13,142923,1030,143956,2388562,19.7,4.7,42,False,False,42,sin_control,False,False,1
9985,1,0,14,152559,1039,153601,2398923,21.0,8.6,46,False,False,42,sin_control,False,False,1
9985,1,0,14,160897,1022,161922,2543200,22.9,0.0,46,False,False,42,sin_control,False,False,1
9986,1,0,13,169640,1006,170649,2698009,20.6,2.0,37,False,False,42,sin_control,False,False,1
9986,1,0,13,178437,1080,179519,2657430,21.3,3.9,19,False,False,42,sin_control,False,False,1
9986,0,1,13,185637,1054,186692,2646102,22.5,2.0,4,False,False,42,sin_control,False,False,1
9985,1,1,13,191378,1039,192420,2861177,22.4,8.9,8,False,False,42,sin_control,False,False,1
9984,2,1,13,198011,1024,199040,3052622,22.5,0.0,8,False,False,42,sin_control,False,False,1
9982,4,1,13,205875,1015,206893,3014275,22.8,0.0,8,False,False,42,sin_control,False,False,1
9980,6,1,13,240949,1106,242060,3088968,22.9,2.2,4,False,False,42,sin_control,False,False,1
9980,6,2,12,250612,1130,251747,3185359,22.0,2.0,4,False,False,42,sin_control,False,False,1
9980,5,3,12,260793,1177,261977,3294332,20.7,4.1,4,False,False,42,sin_control,False,False,1
9980,3,5,12,269377,1144,270529,3409313,19.9,1.4,4,False,False,42,sin_control,False,False,1
9980,1,6,13,277045,1117,278172,3525324,21.1,0.5,4,False,False,42,sin_control,False,False,1
9979,1,7,13,279770,1076,280860,3620317,21.8,7.1,3,False,False,42,sin_control,False,False,1
9979,1,7,13,282899,1031,283957,3714381,22.2,0.3,3,False,False,42,sin_control,False,False,1
9979,1,7,13,284817,997,285839,4057349,21.7,10.9,8,False,False,42,sin_control,False,False,1
9979,1,7,13,287837,966,288837,4366305,22.0,5.1,10,False,False,42,sin_control,False,False,1
9976,3,7,14,294738,947,295729,4647830,21.8,5.3,12,False,False,42,sin_control,False,False,1
9976,3,6,15,304955,941,305958,4917236,22.3,0.0,12,False,False,42,sin_control,False,False,1
9977,3,4,16,315549,928,316546,5173735,21.5,3.0,12,False,False,42,sin_control,False,False,1
9977,3,2,18,325988,934,326996,5430821,23.3,2.0,12,False,False,42,sin_control,False,False,1
9977,0,4,19,340726,920,341728,5687198,22.6,1.0,9,False,False,42,sin_control,False,False,1
9976,1,4,19,366098,934,367132,5554568,21.2,0.0,9,False,False,42,sin_control,False,False,1
9976,1,4,19,391096,938,392149,5537304,20.7,6.9,7,False,False,42,sin_control,False,False,1
9976,1,4,19,416701,962,417803,5603790,22.2,0.0,5,False,False,42,sin_control,False,False,1
9976,1,3,20,441705,969,442829,5736944,21.5,3.2,3,False,False,42,sin_control,False,False,1
9975,1,4,20,466526,983,467668,5924135,22.2,7.0,6,False,False,42,sin_control,False,False,1
9974,2,4,20,489690,1025,490897,6133849,23.9,0.5,6,False,False,42,sin_control,False,False,1
9974,2,4,20,512376,1023,513591,6829221,22.5,7.9,9,False,False,42,sin_control,False,False,1
9973,3,1,23,533224,1018,534432,7488451,20.5,6.0,12,False,False,42,sin_control,False,False,1
9973,2,2,23,553728,1024,554914,7556921,21.1,0.0,12,False,False,42,sin_control,False,False,1
9972,2,3,23,568132,1000,569297,8223708,21.8,1.0,9,False,False,42,sin_control,False,False,1
9972,3,3,22,583744,1011,584914,8226289,22.1,0.0,9,False,False,42,sin_control,False,False,1
9973,2,4,21,594689,1020,595844,8877400,20.7,15.3,16,False,False,42,sin_control,False,False,1
9973,2,3,22,606876,1041,608091,9472347,22.7,0.8,13,False,False,42,sin_control,False,False,1
9972,2,4,22,620506,1038,621725,9316244,21.9,1.0,13,False,False,42,sin_control,False,False,1
9971,2,5,22,637177,1037,638415,9245212,22.1,0.3,10,False,False,42,sin_control,False,False,1
9971,2,5,22,657445,1030,658661,9939654,20.6,18.2,16,False,False,42,sin_control,False,False,1
9971,3,4,22,687124,1007,688321,10614241,20.7,1.0,16,False,False,42,sin_control,False,False,1
9972,2,4,22,726806,1034,728009,11305209,20.5,10.9,21,False,False,42,sin_control,False,False,1
9971,2,5,22,776516,1073,777745,12049696,20.4,1.7,21,False,False,42,sin_control,False,False,1
9971,2,4,23,835334,1102,836588,12874223,20.8,8.7,18,False,False,42,sin_control,False,False,1
9971,1,5,23,772844,1034,774015,13461461,21.5,0.3,18,False,False,42,sin_control,False,False,1
9971,1,4,24,824196,1070,825394,14018609,19.9,6.0,21,False,False,42,sin_control,False,False,1
9971,0,4,25,870714,1048,871875,14659610,20.0,14.3,28,False,False,42,sin_control,False,False,1
9972,0,4,24,926092,1072,927257,15378023,20.3,25.5,31,False,False,42,sin_control,False,False,1
9972,0,4,24,979224,1080,980385,16167715,20.3,26.8,44,False,False,42,sin_control,False,False,1
9972,0,3,25,1040559,1063,1041692,17044075,21.6,0.0,39,False,False,42,sin_control,False,False,1
9972,0,2,26,1097233,1081,1098373,17985928,20.6,20.2,49,False,False,42,sin_control,False,False,1
9971,1,2,26,1150725,1092,1151870,18160459,20.5,10.9,50,False,False,42,sin_control,False,False,1
9970,2,1,27,1205461,1106,1206612,18466684,19.7,5.0,52,False,False,42,sin_control,False,False,1
9970,2,1,27,1261598,1107,1262742,18922894,20.6,11.8,54,False,False,42,sin_control,False,False,1
9969,3,0,28,1308368,1137,1309535,20286172,19.1,10.4,52,False,False,42,sin_control,False,False,1
9969,2,1,28,1354968,1116,1356108,21601414,19.9,13.5,46,False,False,42,sin_control,False,False,1
9969,1,2,28,1253352,1031,1254401,22440170,20.2,0.0,33,False,False,42,sin_control,False,False,1
9970,1,2,27,1314579,1014,1315611,23221948,20.4,1.0,33,False,False,42,sin_control,False,False,1
9971,0,3,26,1359770,993,1360783,24104889,20.0,4.1,23,False,False,42,sin_control,False,False,1
9971,0,3,26,1406056,980,1407059,25020728,21.2,2.3,18,False,False,42,sin_control,False,False,1
9971,0,3,26,1557784,1005,1558822,26413217,22.6,1.0,16,False,False,42,sin_control,False,False,1
9971,0,3,26,1603724,975,1604734,27678427,21.1,4.1,11,False,False,42,sin_control,False,False,1
9972,0,3,25,1651665,1001,1652701,26857944,19.8,5.1,8,False,False,42,sin_control,False,False,1
9973,0,2,25,1690020,1003,1691061,26369874,20.6,6.1,5,False,False,42,sin_control,False,False,1
9973,0,1,26,1721035,934,1722005,28021280,20.0,10.6,10,False,False,42,sin_control,False,False,1
9974,0,1,25,1756168,936,1757130,29542974,21.6,0.0,10,False,False,42,sin_control,False,False,1
9974,0,0,26,1799086,901,1800006,31019316,21.4,0.5,10,False,False,42,sin_control,False,False,1
9974,0,0,26,1849407,861,1850280,32452680,21.0,8.3,14,False,False,42,sin_control,False,False,1
9974,0,0,26,1906956,859,1907824,33916334,20.7,24.7,26,False,False,42,sin_control,False,False,1
9974,0,0,26,1960825,846,1961676,35369871,21.1,10.7,31,False,False,42,sin_control,False,False,1
9974,0,0,26,2013577,819,2014400,36824100,22.8,1.4,29,False,False,42,sin_control,False,False,1
9974,0,0,26,2050300,790,2051093,38096419,22.7,0.6,26,False,False,42,sin_control,False,False,1
9974,0,0,26,2194606,782,2195390,40320265,21.4,10.5,26,False,False,42,sin_control,False,False,1
9975,0,0,25,2237219,765,2237984,41875379,21.9,9.8,30,False,False,42,sin_control,False,False,1
9975,0,0,25,2286175,722,2286897,43507688,22.7,5.1,32,False,False,42,sin_control,False,False,1
9975,0,0,25,2331491,690,2332181,45037974,20.5,3.8,28,False,False,42,sin_control,False,False,1
9975,0,0,25,2379047,659,2379706,46620394,21.9,1.2,16,False,False,42,sin_control,False,False,1
9975,0,0,25,2430265,658,2430923,48301062,22.6,3.2,11,False,False,42,sin_control,False,False,1
9975,0,0,25,2473881,647,2474528,49872902,20.3,12.4,17,False,False,42,sin_control,False,False,1
9976,0,0,24,2514862,667,2515529,51392222,20.8,33.8,33,False,False,42,sin_control,False,False,1
9976,0,0,24,2551168,639,2551807,52860935,20.8,4.9,28,False,False,42,sin_control,False,False,1
9976,0,0,24,2585715,622,2586337,54261570,21.5,5.5,26,False,False,42,sin_control,False,False,1
9976,0,0,24,2617425,620,2618045,55622948,22.6,2.5,24,False,False,42,sin_control,False,False,1
9976,0,0,24,2648273,578,2648851,56933328,22.9,9.7,28,False,False,42,sin_control,False,False,1
9976,0,0,24,2677092,563,2677655,58209032,21.3,1.0,28,False,False,42,sin_control,False,False,1
9976,0,0,24,2703101,549,2703650,59379360,21.7,0.5,28,False,False,42,sin_control,False,False,1
9977,0,0,23,2733765,534,2734299,56474479,21.2,0.5,22,False,False,42,sin_control,False,False,1
9977,0,0,23,2757141,502,2757643,53962089,22.4,0.0,6,False,False,42,sin_control,False,False,1
9977,0,0,23,2776415,478,2776893,52015918,21.9,3.0,6,False,False,42,sin_control,False,False,1
9977,0,0,23,2791300,451,2791751,50407405,21.8,2.0,4,False,False,42,sin_control,False,False,1
9977,0,0,23,2803523,427,2803950,41670629,22.0,0.0,4,False,False,42,sin_control,False,False,1
9977,0,0,23,2807203,398,2807601,35819908,22.3,0.5,0,False,False,42,sin_control,False,False,1
9978,0,0,22,2803338,372,2803710,31856100,21.6,0.5,0,False,False,42,sin_control,False,False,1
9978,0,0,22,2792648,362,2793010,33828533,20.6,4.1,0,False,False,42,sin_control,False,False,1
9978,0,0,22,2781884,352,2782236,37803227,20.2,16.6,8,False,False,42,sin_control,False,False,1
9978,0,0,22,2774428,322,2774750,41142826,21.1,14.0,15,False,False,42,sin_control,False,False,1
9977,1,0,22,2769176,309,2769485,43980004,21.4,1.3,15,False,False,42,sin_control,False,False,1
9976,2,0,22,2766989,291,2767280,46367039,23.3,0.0,15,False,False,42,sin_control,False,False,1
9976,2,0,22,2766495,275,2766770,48393802,22.7,0.0,15,False,False,42,sin_control,False,False,1
9976,2,0,22,2768524,262,2768786,50155316,22.2,2.0,15,False,False,42,sin_control,False,False,1
9976,1,1,22,2776098,255,2776353,51762697,21.7,1.0,15,False,False,42,sin_control,False,False,1
9975,1,2,22,2788010,252,2788267,53191972,21.1,7.1,18,False,False,42,sin_control,False,False,1
9975,1,2,22,2803269,243,2803519,50573280,21.3,11.7,15,False,False,42,sin_control,False,False,1
9975,1,2,22,2818181,243,2818447,52346904,22.0,6.1,11,False,False,42,sin_control,False,False,1
9975,1,2,22,2846879,254,2847154,54212456,21.0,25.9,23,False,False,42,sin_control,False,False,1
9975,0,3,22,2886254,251,2886540,56246108,21.1,2.4,23,False,False,42,sin_control,False,False,1
9975,0,3,22,2933929,246,2934225,58616971,22.9,0.0,23,False,False,42,sin_control,False,False,1
9975,0,3,22,2972190,262,2972510,60883381,23.2,1.7,23,False,False,42,sin_control,False,False,1
9975,0,2,23,3000891,274,3001215,62909415,21.3,5.6,25,False,False,42,sin_control,False,False,1
9975,0,1,24,3023359,280,3023680,64700136,21.6,3.6,22,False,False,42,sin_control,False,False,1
9975,0,1,24,3041022,276,3041329,66289774,22.3,16.9,25,False,False,42,sin_control,False,False,1
9975,0,1,24,3055600,277,3055904,67684598,21.7,0.0,22,False,False,42,sin_control,False,False,1
9975,0,1,24,3067551,274,3067849,68937669,21.4,14.9,17,False,False,42,sin_control,False,False,1
9976,0,0,24,3078093,281,3078394,70026692,21.4,8.6,21,False,False,42,sin_control,False,False,1
9976,0,0,24,3086574,287,3086875,71013205,20.4,18.0,30,False,False,42,sin_control,False,False,1
9976,0,0,24,3095378,281,3095669,71893914,20.6,0.0,30,False,False,42,sin_control,False,False,1
9976,0,0,24,3106670,271,3106950,72944533,21.7,0.4,28,False,False,42,sin_control,False,False,1
9977,0,0,23,3117383,250,3117641,73885021,22.1,2.3,28,False,False,42,sin_control,False,False,1
9977,0,0,23,3128824,267,3129097,74819740,22.7,5.9,22,False,False,42,sin_control,False,False,1
9977,0,0,23,3142592,277,3142873,75811509,20.8,7.1,25,False,False,42,sin_control,False,False,1
9977,0,0,23,3159388,274,3159664,76905872,21.1,0.0,18,False,False,42,sin_control,False,False,1
9977,0,0,23,3178644,277,3178923,72347042,21.1,6.5,17,False,False,42,sin_control,False,False,1
9976,1,0,23,3194549,281,3194831,73928467,21.4,9.5,12,False,False,42,sin_control,False,False,1
9976,1,0,23,3211276,284,3211561,75320949,22.2,1.4,12,False,False,42,sin_control,False,False,1
9976,1,0,23,3226789,277,3227066,76592678,21.6,2.5,12,False,False,42,sin_control,False,False,1
9976,1,0,23,3242150,254,3242404,77714288,21.1,6.3,15,False,False,42,sin_control,False,False,1
9976,0,1,23,3257397,263,3257660,78703639,21.8,0.0,13,False,False,42,sin_control,False,False,1
9976,0,1,23,3272412,270,3272684,79622538,20.2,3.3,10,False,False,42,sin_control,False,False,1
9976,0,1,23,3285934,284,3286226,74588038,21.7,0.0,10,False,False,42,sin_control,False,False,1
9976,0,1,23,3296346,279,3296640,70463242,22.3,5.4,9,False,False,42,sin_control,False,False,1
9977,0,1,22,3304328,270,3304609,72324376,22.2,14.0,12,False,False,42,sin_control,False,False,1
9977,0,1,22,3312864,276,3313157,73951736,21.8,0.0,12,False,False,42,sin_control,False,False,1
9977,0,1,22,3321665,268,3321951,75396625,21.3,3.4,12,False,False,42,sin_control,False,False,1
9977,0,1,22,3331081,257,3331351,76724982,21.4,8.9,13,False,False,42,sin_control,False,False,1
9977,0,0,23,3341077,258,3341343,77949385,21.7,7.7,16,False,False,42,sin_control,False,False,1
9976,1,0,23,3353910,254,3354168,79317528,22.2,1.4,16,False,False,42,sin_control,False,False,1
9976,1,0,23,3368274,242,3368518,80433994,22.4,1.7,16,False,False,42,sin_control,False,False,1
9976,1,0,23,3382227,242,3382470,81443309,20.7,6.7,17,False,False,42,sin_control,False,False,1
9976,1,0,23,3396387,235,3396622,82372166,22.5,1.9,10,False,False,42,sin_control,False,False,1
9976,0,1,23,3410064,243,3410307,83190168,23.3,0.0,10,False,False,42,sin_control,False,False,1
9976,0,1,23,3423083,231,3423341,83944949,22.2,14.0,17,False,False,42,sin_control,False,False,1
9976,0,1,23,3437166,227,3437489,84644196,22.1,0.0,13,False,False,42,sin_control,False,False,1
9976,0,1,23,3453283,244,3453603,85620056,21.0,31.0,25,False,False,42,sin_control,False,False,1
9975,1,1,23,3471416,246,3471769,86712490,22.0,0.0,25,False,False,42,sin_control,False,False,1
9975,1,1,23,3487604,248,3487961,87630863,21.0,3.9,25,False,False,42,sin_control,False,False,1
9975,1,1,23,3503426,261,3503795,88461926,21.9,13.6,28,False,False,42,sin_control,False,False,1
9975,1,1,23,3516568,264,3516916,89268999,20.5,22.6,39,False,False,42,sin_control,False,False,1
9975,0,1,24,3529062,271,3529403,89987557,20.5,24.8,51,False,False,42,sin_control,False,False,1
9975,0,1,24,3540589,255,3540946,86711710,20.8,7.7,47,False,False,42,sin_control,False,False,1
9975,0,1,24,3550077,239,3550415,87876584,20.6,1.2,47,False,False,42,sin_control,False,False,1
9975,0,1,24,3560115,221,3560438,88862367,21.7,11.2,37,False,False,42,sin_control,False,False,1
9975,0,1,24,3569405,225,3569716,89757200,20.4,18.0,46,False,False,42,sin_control,False,False,1
9975,0,1,24,3578829,222,3579145,90549155,20.6,4.9,46,False,False,42,sin_control,False,False,1
9977,0,1,22,3309787,215,3310134,87715470,21.5,2.0,40,False,False,42,sin_control,False,False,1
9976,1,1,22,3574289,204,3574618,87562411,20.7,0.0,29,False,False,42,sin_control,False,False,1
9976,1,0,23,3583218,188,3583570,88193381,22.4,0.0,17,False,False,42,sin_control,False,False,1
9976,1,0,23,3590529,191,3590809,88812680,22.3,0.0,14,False,False,42,sin_control,False,False,1
9976,1,0,23,3598010,196,3598266,82878013,21.9,0.0,14,False,False,42,sin_control,False,False,1
9976,0,1,23,3604635,193,3604864,78089581,21.3,6.4,12,False,False,42,sin_control,False,False,1
9977,0,1,22,3609817,183,3610033,74120766,19.9,7.2,6,False,False,42,sin_control,False,False,1
9977,0,1,22,3614367,183,3614580,70796576,19.8,2.4,6,False,False,42,sin_control,False,False,1
9977,0,1,22,3618365,190,3618580,68036266,20.5,0.0,6,False,False,42,sin_control,False,False,1
9977,0,1,22,3621512,191,3621734,65731565,21.3,1.7,6,False,False,42,sin_control,False,False,1
9977,0,1,22,3624781,192,3625016,63896156,22.6,3.3,6,False,False,42,sin_control,False,False,1
9977,0,1,22,3627234,185,3627463,62278367,21.0,0.5,6,False,False,42,sin_control,False,False,1
9977,0,1,22,3628792,171,3629002,60899504,20.4,0.0,6,False,False,42,sin_control,False,False,1
9977,0,0,23,3630174,161,3630371,50634167,20.8,1.7,3,False,False,42,sin_control,False,False,1
9977,0,0,23,3629081,143,3629252,51320405,21.6,6.1,3,False,False,42,sin_control,False,False,1
9978,0,0,22,3625528,135,3625685,51403185,19.7,7.3,6,False,False,42,sin_control,False,False,1
9978,0,0,22,3623611,179,3623806,55417520,21.1,39.1,25,False,False,42,sin_control,False,False,1
9978,0,0,22,3621649,175,3621838,58852071,21.9,0.0,25,False,False,42,sin_control,False,False,1
9978,0,0,22,3620392,166,3620567,61777989,21.4,0.0,25,False,False,42,sin_control,False,False,1
9978,0,0,22,3620453,152,3620611,64381336,20.7,9.9,29,False,False,42,sin_control,False,False,1
9978,0,0,22,3622088,143,3622234,66678040,20.2,7.4,32,False,False,42,sin_control,False,False,1
9978,0,0,22,3625278,139,3625417,68684786,21.5,4.7,32,False,False,42,sin_control,False,False,1
9978,0,0,22,3629616,130,3629746,70501303,22.1,13.7,35,False,False,42,sin_control,False,False,1
9978,0,0,22,3635014,125,3635139,72156475,21.7,12.1,38,False,False,42,sin_control,False,False,1
9978,0,0,22,3641015,118,3641133,73668124,20.8,21.8,29,False,False,42,sin_control,False,False,1
9978,0,0,22,3647810,164,3647974,71805605,20.6,38.6,48,False,False,42,sin_control,False,False,1
9979,0,0,21,3654060,158,3654218,73559153,20.6,0.0,48,False,False,42,sin_control,False,False,1
9979,0,0,21,3660224,148,3660372,71940851,20.8,11.1,49,False,False,42,sin_control,False,False,1
9979,0,0,21,3668505,144,3668649,74286707,21.0,0.0,46,False,False,42,sin_control,False,False,1
9979,0,0,21,3677204,140,3677344,76422137,20.5,7.7,49,False,False,42,sin_control,False,False,1
9979,0,0,21,3684734,130,3684864,78378582,21.6,6.1,46,False,False,42,sin_control,False,False,1
9979,0,0,21,3691464,132,3691596,80083432,19.9,9.5,44,False,False,42,sin_control,False,False,1
9979,0,0,21,3697083,132,3697215,81578340,19.9,13.5,40,False,False,42,sin_control,False,False,1
9979,0,0,21,3701678,140,3701818,82883655,19.5,5.9,23,False,False,42,sin_control,False,False,1
9979,0,0,21,3705885,142,3706027,84009213,20.6,2.0,23,False,False,42,sin_control,False,False,1
9980,0,0,20,3709299,136,3709435,85035687,19.6,2.3,18,False,False,42,sin_control,False,False,1
9980,0,0,20,3712359,133,3712492,85915087,20.5,0.0,18,False,False,42,sin_control,False,False,1
9980,0,0,20,3715566,126,3715692,86667629,21.2,0.0,15,False,False,42,sin_control,False,False,1
9980,0,0,20,3718705,126,3718831,87381703,21.6,3.1,12,False,False,42,sin_control,False,False,1
9980,0,0,20,3721377,121,3721498,81570317,22.3,1.8,8,False,False,42,sin_control,False,False,1
9981,0,0,19,3723860,132,3723992,77012517,20.4,12.2,8,False,False,42,sin_control,False,False,1
9981,0,0,19,3725903,130,3726033,73249084,21.8,3.6,6,False,False,42,sin_control,False,False,1
9981,0,0,19,3727946,125,3728071,75696558,21.1,6.7,9,False,False,42,sin_control,False,False,1
9981,0,0,19,3729983,117,3730100,77899763,21.2,8.1,13,False,False,42,sin_control,False,False,1
9981,0,0,19,3732483,115,3732598,79817749,21.3,3.6,13,False,False,42,sin_control,False,False,1
9982,0,0,18,3735357,122,3735479,81489465,21.2,11.5,18,False,False,42,sin_control,False,False,1
9982,0,0,18,3738030,141,3738171,82890883,21.3,26.0,31,False,False,42,sin_control,False,False,1
9982,0,0,18,3740334,143,3740477,84136866,20.4,18.5,40,False,False,42,sin_control,False,False,1
9982,0,0,18,3742317,145,3742462,85175341,20.4,15.2,41,False,False,42,sin_control,False,False,1
9982,0,0,18,3744165,180,3744345,82307705,21.3,35.2,58,False,False,42,sin_control,False,False,1
9982,0,0,18,3745920,176,3746096,79880470,20.6,11.9,60,False,False,42,sin_control,False,False,1
9982,0,0,18,3747479,173,3747652,77776241,20.3,10.0,61,False,False,42,sin_control,False,False,1
9982,0,0,18,3748781,175,3748956,75987357,21.9,0.0,61,False,False,42,sin_control,False,False,1
9982,0,0,18,3749952,166,3750118,77860086,22.0,7.6,59,False,False,42,sin_control,False,False,1
9982,0,0,18,3751517,160,3751677,79647656,21.7,0.0,46,False,False,42,sin_control,False,False,1
9982,0,0,18,3753156,155,3753311,81364564,19.1,1.4,37,False,False,42,sin_control,False,False,1
9982,0,0,18,3755248,156,3755404,82990089,20.9,3.9,30,False,False,42,sin_control,False,False,1
9982,0,0,18,3756831,153,3756984,84371475,21.6,10.1,18,False,False,42,sin_control,False,False,1
9982,0,0,18,3758583,147,3758730,85612467,21.0,6.4,16,False,False,42,sin_control,False,False,1
9982,0,0,18,3760378,139,3760517,86669750,20.7,11.9,16,False,False,42,sin_control,False,False,1
9982,0,0,18,3761972,134,3762106,87581689,21.6,10.1,21,False,False,42,sin_control,False,False,1
9982,0,0,18,3763289,133,3763422,88358474,21.5,3.2,18,False,False,42,sin_control,False,False,1
9982,0,0,18,3764703,134,3764837,89037678,21.2,15.0,25,False,False,42,sin_control,False,False,1
9982,0,0,18,3766260,131,3766391,89606353,20.7,0.0,25,False,False,42,sin_control,False,False,1
9982,0,0,18,3768149,145,3768294,90267314,21.0,7.1,28,False,False,42,sin_control,False,False,1
9982,0,0,18,3770108,141,3770249,90912703,20.4,13.9,29,False,False,42,sin_control,False,False,1
9982,0,0,18,3772392,144,3772536,91639221,20.9,9.7,30,False,False,42,sin_control,False,False,1
9983,0,0,17,3774729,151,3774880,92394739,19.5,10.7,30,False,False,42,sin_control,False,False,1
9983,0,0,17,3776448,148,3776596,92983346,20.1,3.5,25,False,False,42,sin_control,False,False,1
9984,0,0,16,3778278,154,3778432,93554551,20.0,2.9,25,False,False,42,sin_control,False,False,1
9985,0,0,15,3779730,153,3779883,94154877,20.9,0.0,18,False,False,42,sin_control,False,False,1
9985,0,0,15,3781257,151,3781408,94674691,19.8,2.7,18,False,False,42,sin_control,False,False,1
9985,0,0,15,3782705,148,3782853,95147658,20.7,6.2,18,False,False,42,sin_control,False,False,1
9985,0,0,15,3784071,147,3784218,95531661,21.0,6.8,15,False,False,42,sin_control,False,False,1
9985,0,0,15,3785738,154,3785892,88823417,20.8,1.8,11,False,False,42,sin_control,False,False,1
9985,0,0,15,3787031,154,3787185,83319523,18.9,0.8,6,False,False,42,sin_control,False,False,1
9985,0,0,15,3788099,156,3788255,78803358,20.5,0.0,6,False,False,42,sin_control,False,False,1
9986,0,0,14,3503790,143,3503933,72423577,20.2,2.7,6,False,False,42,sin_control,False,False,1
9986,0,0,14,3788982,156,3789138,71023139,21.3,6.2,9,False,False,42,sin_control,False,False,1
9985,1,0,14,3789557,158,3789715,68628354,21.4,2.0,9,False,False,42,sin_control,False,False,1
9985,1,0,14,3789889,156,3790045,71671797,21.4,16.0,14,False,False,42,sin_control,False,False,1
9985,1,0,14,3790382,151,3790533,74323433,21.6,0.0,11,False,False,42,sin_control,False,False,1
9985,1,0,14,3791296,153,3791449,76577481,21.0,0.2,11,False,False,42,sin_control,False,False,1
9985,0,1,14,3792287,149,3792436,78505515,22.8,0.0,11,False,False,42,sin_control,False,False,1
9985,0,1,14,3793276,137,3793413,80125816,22.5,1.9,11,False,False,42,sin_control,False,False,1
9985,0,1,14,3794389,130,3794519,75621107,21.6,0.0,11,False,False,42,sin_control,False,False,1
9986,0,1,13,3795340,121,3795467,71942926,21.8,0.2,8,False,False,42,sin_control,False,False,1
9986,0,1,13,3796114,120,3796242,58267997,20.7,0.3,8,False,False,42,sin_control,False,False,1
9986,0,1,13,3799234,117,3799363,50972983,22.5,0.0,0,False,False,42,sin_control,False,False,1
9986,0,1,13,3799256,115,3799382,44646706,22.4,0.5,0,False,False,42,sin_control,False,False,1
9986,0,1,13,3798782,109,3798901,40408592,23.1,1.3,0,False,False,42,sin_control,False,False,1
9986,1,0,13,3769351,109,3769474,37350442,22.5,0.0,0,False,False,42,sin_control,False,False,1
9986,1,0,13,3778665,103,3778781,35440637,21.6,0.6,0,False,False,42,sin_control,False,False,1
9985,2,0,13,3705286,99,3705396,34041577,21.6,0.2,0,False,False,42,sin_control,False,False,1
9986,2,0,12,3580228,92,3580329,32790441,20.7,1.6,0,False,False,42,sin_control,False,False,1
9986,1,1,12,3423858,86,3423951,31559360,21.6,0.0,0,False,False,42,sin_control,False,False,1
9986,1,1,12,3250129,80,3250225,30230908,20.9,5.4,2,False,False,42,sin_control,False,False,1
9986,0,2,12,3066809,74,3066910,28817184,21.9,1.9,2,False,False,42,sin_control,False,False,1
9986,0,2,12,2881238,71,2881349,31667277,21.7,11.6,7,False,False,42,sin_control,False,False,1
9998,0,2,0,2000,3000,5000,2000,25.0,0.0,0,False,False,42,lsm,True,False,2
9998,0,2,0,1856,2786,4642,16636,21.5,2.3,0,False,False,42,lsm,True,False,2
9997,1,2,0,1709,2563,4272,24410,22.3,0.0,0,False,False,42,lsm,True,False,2
9997,1,2,0,1601,2382,3983,27987,22.3,0.0,0,False,False,42,lsm,True,False,2
9997,1,2,0,1487,2235,3722,28877,21.8,0.0,0,False,False,42,lsm,True,False,2
9997,1,2,0,1381,2072,3453,29373,21.6,0.0,0,False,False,42,lsm,True,False,2
9997,0,3,0,1294,1931,3225,28587,19.5,0.2,0,False,False,42,lsm,True,False,2
9997,0,3,0,1201,1790,2991,12463,20.1,1.7,0,True,False,42,lsm,True,False,2
9997,0,1,2,1116,1648,2764,16848,21.8,0.3,0,True,False,42,lsm,True,False,2
9996,1,1,2,1028,1532,2560,18427,21.7,0.0,0,True,False,42,lsm,True,False,2
9994,3,1,2,978,1398,2376,18983,21.0,0.0,0,True,False,42,lsm,True,False,2
9994,3,1,2,907,1294,2201,19380,19.8,7.2,3,True,False,42,lsm,True,False,2
9994,3,1,2,834,1191,2025,21771,21.2,8.0,7,True,False,42,lsm,True,False,2
9993,3,2,2,778,1099,1877,23508,20.1,5.1,9,True,False,42,lsm,True,False,2
9993,1,3,3,718,1003,1721,10170,20.6,3.5,9,True,False,42,lsm,True,False,2
9993,1,3,3,664,942,1606,13572,21.0,1.7,9,True,False,42,lsm,True,False,2
9993,1,3,3,615,869,1484,16466,20.8,3.8,9,True,False,42,lsm,True,False,2
9993,0,4,3,583,809,1392,19029,21.9,0.5,9,True,False,42,lsm,True,False,2
9993,0,4,3,549,740,1289,19043,21.3,0.3,9,True,False,42,lsm,True,False,2
9992,1,4,3,530,674,1204,18509,21.9,0.1,6,True,False,42,lsm,True,False,2
9992,1,4,3,495,635,1130,15085,24.0,0.0,2,True,False,42,lsm,True,False,2
9992,1,3,4,498,596,1094,5400,23.1,0.3,0,True,False,42,lsm,True,False,2
9992,1,1,6,486,557,1043,6263,21.4,1.6,0,True,False,42,lsm,True,False,2
9992,0,2,6,472,528,1000,7221,22.8,0.0,0,True,False,42,lsm,True,False,2
9992,0,2,6,437,489,926,7172,21.2,3.8,0,True,False,42,lsm,True,False,2
9992,0,1,7,415,460,875,7385,22.3,0.0,0,True,False,42,lsm,True,False,2
9992,0,1,7,406,500,906,9249,22.4,52.3,26,True,False,42,lsm,True,False,2
9992,0,1,7,377,457,834,11030,22.4,0.0,26,True,False,42,lsm,True,False,2
9992,0,1,7,363,436,799,5293,21.3,24.9,38,True,False,42,lsm,True,False,2
9992,0,1,7,348,400,748,7047,21.2,0.0,38,True,False,42,lsm,True,False,2
9992,0,1,7,333,371,704,8182,19.9,8.1,42,True,False,42,lsm,True,False,2
9992,0,0,8,314,345,659,8988,21.1,0.0,42,True,False,42,lsm,True,False,2
9992,0,0,8,299,324,623,9415,21.1,0.4,42,True,False,42,lsm,True,False,2
9992,0,0,8,281,310,591,9835,23.0,0.0,42,True,False,42,lsm,True,False,2
9992,0,0,8,273,284,557,10272,22.4,0.0,16,True,False,42,lsm,True,False,2
9992,0,0,8,264,261,525,4196,21.6,9.9,20,True,False,42,lsm,True,False,2
9992,0,0,8,249,239,488,4875,21.2,0.8,8,True,False,42,lsm,True,False,2
9992,0,0,8,247,315,562,5792,20.1,50.0,33,True,False,42,lsm,True,False,2
9992,0,0,8,255,301,556,6658,19.9,7.5,32,True,False,42,lsm,True,False,2
9992,0,0,8,243,288,531,7200,19.6,21.2,42,True,False,42,lsm,True,False,2
9992,0,0,8,256,273,529,7625,21.3,0.0,42,True,False,42,lsm,True,False,2
9992,0,0,8,258,268,526,7878,21.0,2.4,42,True,False,42,lsm,True,False,2
9992,0,0,8,282,259,541,3952,22.8,0.0,42,True,False,42,lsm,True,False,2
9991,1,0,8,331,255,586,5265,22.9,0.0,38,True,False,42,lsm,True,False,2
9991,1,0,8,333,245,578,6442,20.7,5.5,40,True,False,42,lsm,True,False,2
9992,1,0,7,336,232,568,7607,21.7,2.0,15,True,False,42,lsm,True,False,2
9992,1,0,7,332,217,549,7607,21.2,1.0,12,True,False,42,lsm,True,False,2
9991,1,1,7,328,203,531,7236,23.2,0.0,2,True,False,42,lsm,True,False,2
9991,1,1,7,324,186,510,7412,22.7,7.2,5,True,False,42,lsm,True,False,2
9991,1,1,7,317,178,495,3239,21.7,2.0,5,True,False,42,lsm,True,False,2
9991,1,1,7,328,174,502,4261,20.6,10.9,10,True,False,42,lsm,True,False,2
9991,0,2,7,312,170,482,5151,20.8,1.2,10,True,False,42,lsm,True,False,2
9992,0,2,6,320,165,485,5341,22.5,0.0,8,True,False,42,lsm,True,False,2
9992,0,2,6,309,149,458,5989,22.8,5.8,10,True,False,42,lsm,True,False,2
9992,0,2,6,310,146,456,6656,21.4,16.4,18,True,False,42,lsm,True,False,2
9992,0,1,7,301,140,441,7238,21.5,7.8,21,True,False,42,lsm,True,False,2
9992,0,1,7,295,132,427,3301,22.8,0.0,18,True,False,42,lsm,True,False,2
9992,0,1,7,296,213,509,4308,20.5,49.0,42,True,False,42,lsm,True,False,2
9992,0,1,7,293,200,493,5088,20.5,8.9,41,True,False,42,lsm,True,False,2
9992,0,0,8,295,189,484,6213,21.3,8.3,45,True,False,42,lsm,True,False,2
9992,0,0,8,287,177,464,6415,20.0,18.6,54,True,False,42,lsm,True,False,2
9992,0,0,8,285,167,452,6974,20.5,8.3,56,True,False,42,lsm,True,False,2
9992,0,0,8,297,157,454,7335,20.6,5.0,50,True,False,42,lsm,True,False,2
9992,0,0,8,295,148,443,3023,21.6,0.8,47,True,False,42,lsm,True,False,2
9992,0,0,8,307,140,447,4057,20.7,5.1,49,True,False,42,lsm,True,False,2
9992,0,0,8,285,126,411,4711,20.2,14.0,32,True,False,42,lsm,True,False,2
9992,0,0,8,272,115,387,5106,20.4,3.3,28,True,False,42,lsm,True,False,2
9992,0,0,8,273,111,384,5683,21.8,0.0,24,True,False,42,lsm,True,False,2
9992,0,0,8,277,105,382,6158,21.1,0.0,15,True,False,42,lsm,True,False,2
9992,0,0,8,282,97,379,6424,22.1,4.1,11,True,False,42,lsm,True,False,2
9992,0,0,8,291,94,385,2806,21.1,11.0,14,True,False,42,lsm,True,False,2
9992,0,0,8,276,86,362,3829,21.4,0.8,14,True,False,42,lsm,True,False,2
9992,0,0,8,279,86,365,4262,21.7,0.3,12,True,False,42,lsm,True,False,2
9992,0,0,8,263,84,347,4766,20.9,17.0,13,True,False,42,lsm,True,False,2
9992,0,0,8,263,78,341,4814,22.7,0.0,13,True,False,42,lsm,True,False,2
9992,0,0,8,254,77,331,5052,21.0,1.5,13,True,False,42,lsm,True,False,2
9992,0,0,8,265,73,338,5174,22.6,0.0,13,True,False,42,lsm,True,False,2
9992,0,0,8,283,69,352,2307,21.8,4.3,13,True,False,42,lsm,True,False,2
9992,0,0,8,272,155,427,3260,22.6,50.0,32,True,False,42,lsm,True,False,2
9992,0,0,8,263,147,410,4327,21.4,3.9,32,True,False,42,lsm,True,False,2
9992,0,0,8,272,143,415,5142,21.7,2.4,32,True,False,42,lsm,True,False,2
9992,0,0,8,282,135,417,5635,23.9,0.0,25,True,False,42,lsm,True,False,2
9992,0,0,8,274,123,397,6043,21.7,4.5,25,True,False,42,lsm,True,False,2
9992,0,0,8,279,115,394,6374,22.8,1.0,25,True,False,42,lsm,True,False,2
9992,0,0,8,268,110,378,3073,22.3,7.1,28,True,False,42,lsm,True,False,2
9992,0,0,8,264,105,369,3618,21.6,0.0,28,True,False,42,lsm,True,False,2
9992,0,0,8,263,103,366,4526,20.8,13.9,9,True,False,42,lsm,True,False,2
9992,0,0,8,265,95,360,5383,21.2,15.5,16,True,False,42,lsm,True,False,2
9992,0,0,8,263,91,354,5632,22.0,0.8,16,True,False,42,lsm,True,False,2
9992,0,0,8,267,89,356,5991,21.8,0.0,16,True,False,42,lsm,True,False,2
9992,0,0,8,266,80,346,6141,22.1,3.0,16,True,False,42,lsm,True,False,2
9992,0,0,8,275,81,356,2844,21.9,19.7,25,True,False,42,lsm,True,False,2
9992,0,0,8,286,81,367,3524,21.7,11.8,27,True,False,42,lsm,True,False,2
9992,0,0,8,307,166,473,4110,21.3,61.0,57,True,False,42,lsm,True,False,2
9992,0,0,8,315,152,467,4945,21.4,4.0,51,True,False,42,lsm,True,False,2
9992,0,0,8,316,142,458,5535,22.7,0.0,44,True,False,42,lsm,True,False,2
9992,0,0,8,315,136,451,5823,21.2,19.1,53,True,False,42,lsm,True,False,2
9991,1,0,8,320,128,448,6111,22.2,8.9,57,True,False,42,lsm,True,False,2
9991,1,0,8,309,128,437,2451,21.6,23.7,68,True,False,42,lsm,True,False,2
9991,1,0,8,297,120,417,3034,23.0,0.0,59,True,False,42,lsm,True,False,2
9991,1,0,8,294,106,400,3813,23.2,0.0,54,True,False,42,lsm,True,False,2
9992,0,1,7,287,101,388,4402,21.8,4.7,24,True,False,42,lsm,True,False,2
9993,0,1,6,280,99,379,4994,21.7,1.7,24,True,False,42,lsm,True,False,2
9993,0,1,6,283,189,472,5869,23.3,52.3,50,True,False,42,lsm,True,False,2
9994,0,1,5,282,166,448,6201,23.2,0.0,41,True,False,42,lsm,True,False,2
9994,0,1,5,271,145,416,2935,22.4,8.7,41,True,False,42,lsm,True,False,2
9994,0,1,5,269,132,401,3721,20.4,2.0,30,True,False,42,lsm,True,False,2
9994,0,1,5,275,129,404,4143,21.5,4.1,30,True,False,42,lsm,True,False,2
9994,0,1,5,282,122,404,4837,19.4,0.0,30,True,False,42,lsm,True,False,2
9994,0,0,6,288,119,407,5374,20.3,19.1,39,True,False,42,lsm,True,False,2
9994,0,0,6,280,153,433,6319,20.2,37.1,57,True,False,42,lsm,True,False,2
9994,0,0,6,291,170,461,6436,19.0,31.1,46,True,False,42,lsm,True,False,2
9994,0,0,6,277,158,435,2793,20.3,1.8,46,True,False,42,lsm,True,False,2
9994,0,0,6,279,141,420,3831,21.9,0.0,42,True,False,42,lsm,True,False,2
9994,0,0,6,260,131,391,4539,19.7,4.7,42,True,False,42,lsm,True,False,2
9994,0,0,6,259,121,380,4968,21.0,8.6,46,True,False,42,lsm,True,False,2
9994,0,0,6,250,114,364,5238,22.9,0.0,46,True,False,42,lsm,True,False,2
9994,0,0,6,240,107,347,5522,20.6,2.0,37,True,False,42,lsm,True,False,2
9994,0,0,6,240,104,344,5431,21.3,3.9,19,True,False,42,lsm,True,False,2
9994,0,0,6,242,96,338,2321,22.5,2.0,4,True,False,42,lsm,True,False,2
9994,0,0,6,227,90,317,2891,22.4,8.9,8,True,False,42,lsm,True,False,2
9994,0,0,6,215,83,298,3546,22.5,0.0,8,True,False,42,lsm,True,False,2
9994,0,0,6,210,79,289,3587,22.8,0.0,8,True,False,42,lsm,True,False,2
9994,0,0,6,239,74,313,3680,22.9,2.2,4,True,False,42,lsm,True,False,2
9994,0,0,6,246,74,320,3742,22.0,2.0,4,True,False,42,lsm,True,False,2
9994,0,0,6,232,72,304,4117,20.7,4.1,4,True,False,42,lsm,True,False,2
9994,0,0,6,229,68,297,1983,19.9,1.4,4,True,False,42,lsm,True,False,2
9995,0,0,5,225,61,286,2471,21.1,0.5,4,True,False,42,lsm,True,False,2
9995,0,0,5,215,57,272,2842,21.8,7.1,3,True,False,42,lsm,True,False,2
9995,0,0,5,212,57,269,3205,22.2,0.3,3,True,False,42,lsm,True,False,2
9995,0,0,5,205,53,258,3667,21.7,10.9,8,True,False,42,lsm,True,False,2
9995,0,0,5,200,50,250,3752,22.0,5.1,10,True,False,42,lsm,True,False,2
9995,0,0,5,202,49,251,4127,21.8,5.3,12,True,False,42,lsm,True,False,2
9995,0,0,5,203,53,256,1908,22.3,0.0,12,True,False,42,lsm,True,False,2
9995,0,0,5,201,49,250,2538,21.5,3.0,12,True,False,42,lsm,True,False,2
9995,0,0,5,198,45,243,2823,23.3,2.0,12,True,False,42,lsm,True,False,2
9995,0,0,5,195,43,238,3107,22.6,1.0,9,True,False,42,lsm,True,False,2
9995,0,0,5,196,40,236,2994,21.2,0.0,9,True,False,42,lsm,True,False,2
9995,0,0,5,189,39,228,3044,20.7,6.9,7,True,False,42,lsm,True,False,2
9995,0,0,5,195,37,232,3122,22.2,0.0,5,True,False,42,lsm,True,False,2
9995,0,0,5,193,33,226,1272,21.5,3.2,3,True,False,42,lsm,True,False,2
9995,0,0,5,192,34,226,1652,22.2,7.0,6,True,False,42,lsm,True,False,2
9995,0,0,5,187,35,222,1971,23.9,0.5,6,True,False,42,lsm,True,False,2
9995,0,0,5,182,32,214,2373,22.5,7.9,9,True,False,42,lsm,True,False,2
9995,0,0,5,177,26,203,2691,20.5,6.0,12,True,False,42,lsm,True,False,2
9995,0,0,5,171,23,194,2899,21.1,0.0,12,True,False,42,lsm,True,False,2
9995,0,0,5,165,25,190,3052,21.8,1.0,9,True,False,42,lsm,True,False,2
9995,0,0,5,158,22,180,1323,22.1,0.0,9,True,False,42,lsm,True,False,2
9995,0,0,5,159,25,184,1575,20.7,15.3,16,True,False,42,lsm,True,False,2
9995,0,0,5,155,24,179,2048,22.7,0.8,13,True,False,42,lsm,True,False,2
9995,0,0,5,148,24,172,2181,21.9,1.0,13,True,False,42,lsm,True,False,2
9995,0,0,5,146,22,168,2077,22.1,0.3,10,True,False,42,lsm,True,False,2
9995,0,0,5,140,22,162,2421,20.6,18.2,16,True,False,42,lsm,True,False,2
9995,0,0,5,136,20,156,2705,20.7,1.0,16,True,False,42,lsm,True,False,2
9995,0,0,5,132,16,148,1190,20.5,10.9,21,True,False,42,lsm,True,False,2
9995,0,0,5,129,16,145,1728,20.4,1.7,21,True,False,42,lsm,True,False,2
9995,0,0,5,137,16,153,1831,20.8,8.7,18,True,False,42,lsm,True,False,2
9995,0,0,5,127,14,141,2058,21.5,0.3,18,True,False,42,lsm,True,False,2
9995,0,0,5,122,14,136,2213,19.9,6.0,21,True,False,42,lsm,True,False,2
9995,0,0,5,122,12,134,2246,20.0,14.3,28,True,False,42,lsm,True,False,2
9996,0,0,4,127,26,153,2392,20.3,25.5,31,True,False,42,lsm,True,False,2
9996,0,0,4,135,40,175,1357,20.3,26.8,44,True,False,42,lsm,True,False,2
9996,0,0,4,128,36,164,1619,21.6,0.0,39,True,False,42,lsm,True,False,2
9996,0,0,4,125,39,164,1848,20.6,20.2,49,True,False,42,lsm,True,False,2
9996,0,0,4,130,35,165,2027,20.5,10.9,50,True,False,42,lsm,True,False,2
9996,0,0,4,125,34,159,2189,19.7,5.0,52,True,False,42,lsm,True,False,2
9996,0,0,4,121,29,150,2175,20.6,11.8,54,True,False,42,lsm,True,False,2
9996,0,0,4,116,26,142,2322,19.1,10.4,52,True,False,42,lsm,True,False,2
9996,0,0,4,112,24,136,1145,19.9,13.5,46,True,False,42,lsm,True,False,2
9996,0,0,4,103,21,124,1393,20.2,0.0,33,True,False,42,lsm,True,False,2
9996,0,0,4,97,20,117,1403,20.4,1.0,33,True,False,42,lsm,True,False,2
9996,0,0,4,93,17,110,1517,20.0,4.1,23,True,False,42,lsm,True,False,2
9996,0,0,4,93,16,109,1501,21.2,2.3,18,True,False,42,lsm,True,False,2
9996,0,0,4,105,15,120,1610,22.6,1.0,16,True,False,42,lsm,True,False,2
9996,0,0,4,99,14,113,1870,21.1,4.1,11,True,False,42,lsm,True,False,2
9996,0,0,4,98,13,111,730,19.8,5.1,8,True,False,42,lsm,True,False,2
9996,0,0,4,105,10,115,910,20.6,6.1,5,True,False,42,lsm,True,False,2
9996,0,0,4,99,9,108,1141,20.0,10.6,10,True,False,42,lsm,True,False,2
9996,0,0,4,93,8,101,1306,21.6,0.0,10,True,False,42,lsm,True,False,2
9996,0,0,4,90,8,98,1375,21.4,0.5,10,True,False,42,lsm,True,False,2
9996,0,0,4,92,6,98,1467,21.0,8.3,14,True,False,42,lsm,True,False,2
9996,0,0,4,91,19,110,1647,20.7,24.7,26,True,False,42,lsm,True,False,2
9996,0,0,4,90,18,108,817,21.1,10.7,31,True,False,42,lsm,True,False,2
9996,0,0,4,82,17,99,993,22.8,1.4,29,True,False,42,lsm,True,False,2
9997,0,0,3,85,16,101,1062,22.7,0.6,26,True,False,42,lsm,True,False,2
9997,0,0,3,91,13,104,1194,21.4,10.5,26,True,False,42,lsm,True,False,2
9997,0,0,3,92,12,104,1241,21.9,9.8,30,True,False,42,lsm,True,False,2
9997,0,0,3,84,13,97,1397,22.7,5.1,32,True,False,42,lsm,True,False,2
9997,0,0,3,85,11,96,1513,20.5,3.8,28,True,False,42,lsm,True,False,2
9997,0,0,3,84,10,94,647,21.9,1.2,16,True,False,42,lsm,True,False,2
9997,0,0,3,89,9,98,840,22.6,3.2,11,True,False,42,lsm,True,False,2
9997,0,0,3,89,8,97,1064,20.3,12.4,17,True,False,42,lsm,True,False,2
9997,0,0,3,92,43,135,1524,20.8,33.8,33,True,False,42,lsm,True,False,2
9997,0,0,3,100,38,138,1810,20.8,4.9,28,True,False,42,lsm,True,False,2
9997,0,0,3,98,37,135,2014,21.5,5.5,26,True,False,42,lsm,True,False,2
9997,0,0,3,100,35,135,2302,22.6,2.5,24,True,False,42,lsm,True,False,2
9997,0,0,3,97,34,131,1080,22.9,9.7,28,True,False,42,lsm,True,False,2
9997,0,0,3,99,31,130,1286,21.3,1.0,28,True,False,42,lsm,True,False,2
9997,0,0,3,96,32,128,1399,21.7,0.5,28,True,False,42,lsm,True,False,2
9997,0,0,3,93,28,121,1310,21.2,0.5,22,True,False,42,lsm,True,False,2
9996,1,0,3,90,26,116,1309,22.4,0.0,6,True,False,42,lsm,True,False,2
9996,1,0,3,91,25,116,1376,21.9,3.0,6,True,False,42,lsm,True,False,2
9996,1,0,3,91,21,112,1413,21.8,2.0,4,True,False,42,lsm,True,False,2
9996,1,0,3,88,19,107,487,22.0,0.0,4,True,False,42,lsm,True,False,2
9996,0,1,3,83,18,101,477,22.3,0.5,0,True,False,42,lsm,True,False,2
9996,0,1,3,83,18,101,602,21.6,0.5,0,True,False,42,lsm,True,False,2
9996,0,1,3,82,17,99,732,20.6,4.1,0,True,False,42,lsm,True,False,2
9996,0,1,3,78,20,98,921,20.2,16.6,8,True,False,42,lsm,True,False,2
9996,0,1,3,69,21,90,957,21.1,14.0,15,True,False,42,lsm,True,False,2
9996,0,1,3,66,18,84,1110,21.4,1.3,15,True,False,42,lsm,True,False,2
9996,0,1,3,60,17,77,559,23.3,0.0,15,True,False,42,lsm,True,False,2
9996,0,1,3,57,16,73,700,22.7,0.0,15,True,False,42,lsm,True,False,2
9996,0,0,4,55,17,72,844,22.2,2.0,15,True,False,42,lsm,True,False,2
9996,0,0,4,54,14,68,890,21.7,1.0,15,True,False,42,lsm,True,False,2
9996,0,0,4,57,12,69,960,21.1,7.1,18,True,False,42,lsm,True,False,2
9996,0,0,4,52,11,63,871,21.3,11.7,15,True,False,42,lsm,True,False,2
9996,0,0,4,46,11,57,960,22.0,6.1,11,True,False,42,lsm,True,False,2
9996,0,0,4,49,27,76,443,21.0,25.9,23,True,False,42,lsm,True,False,2
9996,0,0,4,48,26,74,550,21.1,2.4,23,True,False,42,lsm,True,False,2
9996,0,0,4,50,26,76,759,22.9,0.0,23,True,False,42,lsm,True,False,2
9996,0,0,4,61,24,85,877,23.2,1.7,23,True,False,42,lsm,True,False,2
9996,0,0,4,65,21,86,1086,21.3,5.6,25,True,False,42,lsm,True,False,2
9996,0,0,4,63,19,82,1148,21.6,3.6,22,True,False,42,lsm,True,False,2
9996,0,0,4,59,19,78,1277,22.3,16.9,25,True,False,42,lsm,True,False,2
9996,0,0,4,62,20,82,624,21.7,0.0,22,True,False,42,lsm,True,False,2
9996,0,0,4,64,18,82,807,21.4,14.9,17,True,False,42,lsm,True,False,2
9996,0,0,4,70,18,88,956,21.4,8.6,21,True,False,42,lsm,True,False,2
9996,0,0,4,69,20,89,1082,20.4,18.0,30,True,False,42,lsm,True,False,2
9996,0,0,4,68,20,88,1147,20.6,0.0,30,True,False,42,lsm,True,False,2
9996,0,0,4,65,19,84,1270,21.7,0.4,28,True,False,42,lsm,True,False,2
9996,0,0,4,68,16,84,1422,22.1,2.3,28,True,False,42,lsm,True,False,2
9996,0,0,4,63,16,79,627,22.7,5.9,22,True,False,42,lsm,True,False,2
9996,0,0,4,62,14,76,827,20.8,7.1,25,True,False,42,lsm,True,False,2
9996,0,0,4,58,12,70,1001,21.1,0.0,18,True,False,42,lsm,True,False,2
9996,0,0,4,52,11,63,844,21.1,6.5,17,True,False,42,lsm,True,False,2
9996,0,0,4,67,10,77,979,21.4,9.5,12,True,False,42,lsm,True,False,2
9996,0,0,4,61,9,70,957,22.2,1.4,12,True,False,42,lsm,True,False,2
9996,0,0,4,66,8,74,1031,21.6,2.5,12,True,False,42,lsm,True,False,2
9996,0,0,4,60,9,69,569,21.1,6.3,15,True,False,42,lsm,True,False,2
9996,0,0,4,57,9,66,730,21.8,0.0,13,True,False,42,lsm,True,False,2
9996,0,0,4,57,9,66,789,20.2,3.3,10,True,False,42,lsm,True,False,2
9996,0,0,4,54,9,63,790,21.7,0.0,10,True,False,42,lsm,True,False,2
9996,0,0,4,58,8,66,886,22.3,5.4,9,True,False,42,lsm,True,False,2
9996,0,0,4,58,7,65,898,22.2,14.0,12,True,False,42,lsm,True,False,2
9996,0,0,4,55,6,61,988,21.8,0.0,12,True,False,42,lsm,True,False,2
9996,0,0,4,55,5,60,384,21.3,3.4,12,True,False,42,lsm,True,False,2
9996,0,0,4,60,5,65,590,21.4,8.9,13,True,False,42,lsm,True,False,2
9996,0,0,4,54,6,60,726,21.7,7.7,16,True,False,42,lsm,True,False,2
9996,0,0,4,50,6,56,764,22.2,1.4,16,True,False,42,lsm,True,False,2
9996,0,0,4,50,5,55,742,22.4,1.7,16,True,False,42,lsm,True,False,2
9996,0,0,4,52,5,57,803,20.7,6.7,17,True,False,42,lsm,True,False,2
9996,0,0,4,56,5,61,773,22.5,1.9,10,True,False,42,lsm,True,False,2
9996,0,0,4,57,5,62,324,23.3,0.0,10,True,False,42,lsm,True,False,2
9996,0,0,4,55,4,59,398,22.2,14.0,17,True,False,42,lsm,True,False,2
9996,0,0,4,51,4,55,514,22.1,0.0,13,True,False,42,lsm,True,False,2
9996,0,0,4,49,26,75,537,21.0,31.0,25,True,False,42,lsm,True,False,2
9996,0,0,4,55,21,76,691,22.0,0.0,25,True,False,42,lsm,True,False,2
9996,0,0,4,56,19,75,760,21.0,3.9,25,True,False,42,lsm,True,False,2
9996,0,0,4,55,19,74,797,21.9,13.6,28,True,False,42,lsm,True,False,2
9996,0,0,4,54,27,81,419,20.5,22.6,39,True,False,42,lsm,True,False,2
9996,0,0,4,62,38,100,643,20.5,24.8,51,True,False,42,lsm,True,False,2
9996,0,0,4,56,32,88,942,20.8,7.7,47,True,False,42,lsm,True,False,2
9996,0,0,4,53,29,82,1024,20.6,1.2,47,True,False,42,lsm,True,False,2
9996,0,0,4,50,29,79,1127,21.7,11.2,37,True,False,42,lsm,True,False,2
9996,0,0,4,46,29,75,1206,20.4,18.0,46,True,False,42,lsm,True,False,2
9996,0,0,4,48,27,75,1276,20.6,4.9,46,True,False,42,lsm,True,False,2
9996,0,0,4,46,22,68,614,21.5,2.0,40,True,False,42,lsm,True,False,2
9996,0,0,4,45,21,66,723,20.7,0.0,29,True,False,42,lsm,True,False,2
9996,0,0,4,46,22,68,938,22.4,0.0,17,True,False,42,lsm,True,False,2
9996,0,0,4,41,19,60,1047,22.3,0.0,14,True,False,42,lsm,True,False,2
9996,0,0,4,41,18,59,1030,21.9,0.0,14,True,False,42,lsm,True,False,2
9996,0,0,4,41,16,57,1029,21.3,6.4,12,True,False,42,lsm,True,False,2
9996,0,0,4,48,17,65,892,19.9,7.2,6,True,False,42,lsm,True,False,2
9996,0,0,4,44,16,60,423,19.8,2.4,6,True,False,42,lsm,True,False,2
9996,0,0,4,40,14,54,516,20.5,0.0,6,True,False,42,lsm,True,False,2
9996,0,0,4,42,14,56,563,21.3,1.7,6,True,False,42,lsm,True,False,2
9996,0,0,4,44,14,58,661,22.6,3.3,6,True,False,42,lsm,True,False,2
9996,0,0,4,45,14,59,712,21.0,0.5,6,True,False,42,lsm,True,False,2
9996,0,0,4,43,13,56,730,20.4,0.0,6,True,False,42,lsm,True,False,2
9996,0,0,4,41,13,54,654,20.8,1.7,3,True,False,42,lsm,True,False,2
9996,0,0,4,39,13,52,261,21.6,6.1,3,True,False,42,lsm,True,False,2
9996,0,0,4,36,13,49,356,19.7,7.3,6,True,False,42,lsm,True,False,2
9996,0,0,4,33,66,99,649,21.1,39.1,25,True,False,42,lsm,True,False,2
9996,0,0,4,31,60,91,748,21.9,0.0,25,True,False,42,lsm,True,False,2
9996,0,0,4,33,55,88,978,21.4,0.0,25,True,False,42,lsm,True,False,2
9996,0,0,4,34,46,80,1136,20.7,9.9,29,True,False,42,lsm,True,False,2
9996,0,0,4,32,41,73,1217,20.2,7.4,31,True,False,42,lsm,True,False,2
9996,0,0,4,32,38,70,639,21.5,4.7,31,True,False,42,lsm,True,False,2
9996,0,0,4,31,36,67,719,22.1,13.7,34,True,False,42,lsm,True,False,2
9996,0,0,4,31,34,65,892,21.7,12.1,37,True,False,42,lsm,True,False,2
9996,0,0,4,30,36,66,1001,20.8,21.8,28,True,False,42,lsm,True,False,2
9996,0,0,4,27,84,111,1130,20.6,38.6,47,True,False,42,lsm,True,False,2
9996,0,0,4,26,79,105,1383,20.6,0.0,47,True,False,42,lsm,True,False,2
9996,0,0,4,24,73,97,1438,20.8,11.1,49,True,False,42,lsm,True,False,2
9996,0,0,4,26,72,98,720,21.0,0.0,46,True,False,42,lsm,True,False,2
9996,0,0,4,24,65,89,1018,20.5,7.7,49,True,False,42,lsm,True,False,2
9996,0,0,4,24,54,78,1135,21.6,6.1,46,True,False,42,lsm,True,False,2
9996,0,0,4,26,52,78,1381,19.9,9.5,44,True,False,42,lsm,True,False,2
9996,0,0,4,26,49,75,1317,19.9,13.5,40,True,False,42,lsm,True,False,2
9996,0,0,4,30,43,73,1296,19.5,5.9,23,True,False,42,lsm,True,False,2
9996,0,0,4,33,42,75,1282,20.6,2.0,23,True,False,42,lsm,True,False,2
9997,0,0,3,34,39,73,542,19.6,2.3,18,True,False,42,lsm,True,False,2
9997,0,0,3,32,34,66,567,20.5,0.0,18,True,False,42,lsm,True,False,2
9997,0,0,3,31,30,61,686,21.2,0.0,15,True,False,42,lsm,True,False,2
9997,0,0,3,28,32,60,655,21.6,3.1,12,True,False,42,lsm,True,False,2
9997,0,0,3,33,31,64,759,22.3,1.8,8,True,False,42,lsm,True,False,2
9997,0,0,3,33,30,63,762,20.4,12.2,8,True,False,42,lsm,True,False,2
9997,0,0,3,38,27,65,757,21.8,3.6,6,True,False,42,lsm,True,False,2
9997,0,0,3,36,26,62,323,21.1,6.7,9,True,False,42,lsm,True,False,2
9997,0,0,3,32,27,59,567,21.2,8.1,13,True,False,42,lsm,True,False,2
9997,0,0,3,38,24,62,669,21.3,3.6,13,True,False,42,lsm,True,False,2
9997,0,0,3,44,22,66,840,21.2,11.5,18,True,False,42,lsm,True,False,2
9998,0,0,2,42,35,77,1034,21.3,26.0,31,True,False,42,lsm,True,False,2
9998,0,0,2,39,36,75,1057,20.4,18.5,40,True,False,42,lsm,True,False,2
9998,0,0,2,38,32,70,1191,20.4,15.2,41,True,False,42,lsm,True,False,2
9998,0,0,2,35,67,102,655,21.3,35.2,58,True,False,42,lsm,True,False,2
9998,0,0,2,34,66,100,857,20.6,11.9,60,True,False,42,lsm,True,False,2
9998,0,0,2,40,63,103,1087,20.3,10.0,61,True,False,42,lsm,True,False,2
9998,0,0,2,40,60,100,1254,21.9,0.0,61,True,False,42,lsm,True,False,2
9998,0,0,2,37,57,94,1289,22.0,7.6,59,True,False,42,lsm,True,False,2
9998,0,0,2,30,50,80,1246,21.7,0.0,46,True,False,42,lsm,True,False,2
9998,0,0,2,29,44,73,1218,19.1,1.4,37,True,False,42,lsm,True,False,2
9998,0,0,2,31,42,73,574,20.9,3.9,30,True,False,42,lsm,True,False,2
9998,0,0,2,30,41,71,608,21.6,10.1,18,True,False,42,lsm,True,False,2
9998,0,0,2,32,39,71,767,21.0,6.4,16,True,False,42,lsm,True,False,2
9998,0,0,2,32,40,72,825,20.7,11.9,16,True,False,42,lsm,True,False,2
9998,0,0,2,39,38,77,991,21.6,10.1,21,True,False,42,lsm,True,False,2
9998,0,0,2,46,38,84,1181,21.5,3.2,18,True,False,42,lsm,True,False,2
9998,0,0,2,42,37,79,1183,21.2,15.0,25,True,False,42,lsm,True,False,2
9998,0,0,2,45,34,79,526,20.7,0.0,25,True,False,42,lsm,True,False,2
9998,0,0,2,43,32,75,684,21.0,7.1,28,True,False,42,lsm,True,False,2
9998,0,0,2,40,32,72,770,20.4,13.9,29,True,False,42,lsm,True,False,2
9998,0,0,2,39,30,69,842,20.9,9.7,30,True,False,42,lsm,True,False,2
9998,0,0,2,38,28,66,920,19.5,10.7,30,True,False,42,lsm,True,False,2
9998,0,0,2,40,25,65,1052,20.1,3.5,25,True,False,42,lsm,True,False,2
9998,0,0,2,40,23,63,1270,20.0,2.9,25,True,False,42,lsm,True,False,2
9998,0,0,2,38,21,59,582,20.9,0.0,18,True,False,42,lsm,True,False,2
9998,0,0,2,37,20,57,791,19.8,2.7,18,True,False,42,lsm,True,False,2
9998,0,0,2,35,18,53,928,20.7,6.2,18,True,False,42,lsm,True,False,2
9998,0,0,2,34,15,49,1048,21.0,6.8,15,True,False,42,lsm,True,False,2
9998,0,0,2,35,14,49,942,20.8,1.8,11,True,False,42,lsm,True,False,2
9998,0,0,2,38,14,52,843,18.9,0.8,6,True,False,42,lsm,True,False,2
9998,0,0,2,40,15,55,800,20.5,0.0,6,True,False,42,lsm,True,False,2
9998,0,0,2,38,14,52,319,20.2,2.7,6,True,False,42,lsm,True,False,2
9998,0,0,2,40,14,54,489,21.3,6.2,9,True,False,42,lsm,True,False,2
9998,0,0,2,43,15,58,581,21.4,2.0,9,True,False,42,lsm,True,False,2
9998,0,0,2,40,15,55,695,21.4,16.0,14,True,False,42,lsm,True,False,2
9998,0,0,2,37,14,51,834,21.6,0.0,11,True,False,42,lsm,True,False,2
9998,0,0,2,37,13,50,883,21.0,0.2,11,True,False,42,lsm,True,False,2
9998,0,0,2,34,11,45,900,22.8,0.0,11,True,False,42,lsm,True,False,2
9998,0,0,2,32,11,43,388,22.5,1.9,11,True,False,42,lsm,True,False,2
9998,0,0,2,31,11,42,478,21.6,0.0,11,True,False,42,lsm,True,False,2
9998,0,0,2,37,10,47,484,21.8,0.2,8,True,False,42,lsm,True,False,2
9998,0,0,2,33,9,42,399,20.7,0.3,8,True,False,42,lsm,True,False,2
9998,0,0,2,32,9,41,368,22.5,0.0,0,True,False,42,lsm,True,False,2
9998,0,0,2,29,9,38,235,22.4,0.5,0,True,False,42,lsm,True,False,2
9998,0,0,2,26,8,34,217,23.1,1.3,0,True,False,42,lsm,True,False,2
9998,0,0,2,25,8,33,128,22.5,0.0,0,True,False,42,lsm,True,False,2
9998,0,0,2,24,6,30,152,21.6,0.6,0,True,False,42,lsm,True,False,2
9998,0,0,2,22,6,28,192,21.6,0.2,0,True,False,42,lsm,True,False,2
9998,0,0,2,21,6,27,195,20.7,1.6,0,True,False,42,lsm,True,False,2
9998,0,0,2,21,6,27,242,21.6,0.0,0,True,False,42,lsm,True,False,2
9998,0,0,2,18,6,24,176,20.9,5.4,2,True,False,42,lsm,True,False,2
9998,0,0,2,17,6,23,111,21.9,1.9,2,True,False,42,lsm,True,False,2
9998,0,0,2,17,4,21,66,21.7,11.6,7,True,False,42,lsm,True,False,2
9998,0,2,0,2000,3000,5000,2000,25.0,0.0,0,False,False,42,itn_irs,False,True,3
9998,0,2,0,1856,2786,4642,16636,21.5,2.3,0,False,True,42,itn_irs,False,True,3
9998,0,2,0,1571,2370,3941,24260,22.3,0.0,0,False,True,42,itn_irs,False,True,3
9997,1,2,0,1330,2017,3347,25687,22.3,0.0,0,False,True,42,itn_irs,False,True,3
9997,1,2,0,1128,1722,2850,26194,21.8,0.0,0,False,True,42,itn_irs,False,True,3
9996,2,2,0,964,1470,2434,24348,21.6,0.0,0,False,True,42,itn_irs,False,True,3
9996,2,2,0,810,1225,2035,21429,19.5,0.2,0,False,True,42,itn_irs,False,True,3
9996,1,3,0,662,1045,1707,18710,20.1,1.7,0,False,True,42,itn_irs,False,True,3
9996,1,1,2,577,899,1476,16162,21.8,0.3,0,False,True,42,itn_irs,False,True,3
9995,1,2,2,489,748,1237,14264,21.7,0.0,0,False,True,42,itn_irs,False,True,3
9995,1,2,2,407,629,1036,12667,21.0,0.0,0,False,True,42,itn_irs,False,True,3
9995,1,2,2,349,532,881,11142,19.8,7.2,3,False,True,42,itn_irs,False,True,3
9995,1,2,2,296,451,747,11271,21.2,8.0,7,False,True,42,itn_irs,False,True,3
9995,0,3,2,257,370,627,10329,20.1,5.1,9,False,True,42,itn_irs,False,True,3
9995,0,3,2,219,319,538,9782,20.6,3.5,9,False,True,42,itn_irs,False,True,3
9995,0,2,3,188,270,458,9517,21.0,1.7,9,False,True,42,itn_irs,False,True,3
9995,0,2,3,204,238,442,9419,20.8,3.8,9,False,True,42,itn_irs,False,True,3
9995,0,1,4,209,215,424,9418,21.9,0.5,9,False,True,42,itn_irs,False,True,3
9995,0,1,4,221,192,413,8504,21.3,0.3,9,False,True,42,itn_irs,False,True,3
9995,0,1,4,248,163,411,7579,21.9,0.1,6,False,True,42,itn_irs,False,True,3
9995,0,1,4,259,149,408,5961,24.0,0.0,2,False,True,42,itn_irs,False,True,3
9995,0,0,5,318,138,456,5129,23.1,0.3,0,False,True,42,itn_irs,False,True,3
9995,0,0,5,313,123,436,4311,21.4,1.6,0,False,True,42,itn_irs,False,True,3
9995,0,0,5,309,116,425,4417,22.8,0.0,0,False,True,42,itn_irs,False,True,3
9995,0,0,5,305,113,418,4160,21.2,3.8,0,False,True,42,itn_irs,False,True,3
9995,0,0,5,286,108,394,3917,22.3,0.0,0,False,True,42,itn_irs,False,True,3
9995,0,0,5,255,185,440,4435,22.4,52.3,26,False,True,42,itn_irs,False,True,3
9996,0,0,4,236,162,398,5023,22.4,0.0,26,False,True,42,itn_irs,False,True,3
9996,0,0,4,219,156,375,5616,21.3,24.9,38,False,True,42,itn_irs,False,True,3
9996,0,0,4,201,134,335,5921,21.2,0.0,38,False,True,42,itn_irs,False,True,3
9996,0,0,4,189,118,307,6036,19.9,8.1,42,False,True,42,itn_irs,False,True,3
9995,1,0,4,174,103,277,6003,21.1,0.0,42,False,True,42,itn_irs,False,True,3
9995,1,0,4,183,88,271,5802,21.1,0.4,42,False,True,42,itn_irs,False,True,3
9995,1,0,4,164,76,240,5705,23.0,0.0,42,False,True,42,itn_irs,False,True,3
9995,1,0,4,152,69,221,5482,22.4,0.0,16,False,True,42,itn_irs,False,True,3
9995,0,1,4,167,65,232,5010,21.6,9.9,20,False,True,42,itn_irs,False,True,3
9995,0,1,4,174,52,226,4498,21.2,0.8,8,False,True,42,itn_irs,False,True,3
9995,0,1,4,234,139,373,4964,20.1,50.0,33,False,True,42,itn_irs,False,True,3
9995,0,1,4,271,125,396,5814,19.9,7.5,32,False,True,42,itn_irs,False,True,3
9995,0,1,4,230,111,341,6175,19.6,21.2,42,False,True,42,itn_irs,False,True,3
9995,0,1,4,290,98,388,6608,21.3,0.0,42,False,True,42,itn_irs,False,True,3
9995,0,1,4,305,99,404,7135,21.0,2.4,42,False,True,42,itn_irs,False,True,3
9995,0,1,4,333,100,433,7187,22.8,0.0,42,False,True,42,itn_irs,False,True,3
9995,0,0,5,443,97,540,7560,22.9,0.0,38,False,True,42,itn_irs,False,True,3
9995,0,0,5,463,84,547,7841,20.7,5.5,40,False,True,42,itn_irs,False,True,3
9995,0,0,5,468,81,549,8279,21.7,2.0,15,False,True,42,itn_irs,False,True,3
9995,0,0,5,463,73,536,7952,21.2,1.0,12,False,True,42,itn_irs,False,True,3
9995,0,0,5,451,63,514,7702,23.2,0.0,2,False,True,42,itn_irs,False,True,3
9995,0,0,5,415,54,469,7142,22.7,7.2,5,False,True,42,itn_irs,False,True,3
9995,0,0,5,402,50,452,6981,21.7,2.0,5,False,True,42,itn_irs,False,True,3
9995,0,0,5,388,43,431,7534,20.6,10.9,10,False,True,42,itn_irs,False,True,3
9995,0,0,5,395,68,463,7362,20.8,1.2,10,False,True,42,itn_irs,False,True,3
9995,0,0,5,427,70,497,7154,22.5,0.0,8,False,True,42,itn_irs,False,True,3
9995,0,0,5,430,66,496,7530,22.8,5.8,10,False,True,42,itn_irs,False,True,3
9995,0,0,5,441,63,504,8066,21.4,16.4,18,False,True,42,itn_irs,False,True,3
9995,0,0,5,460,62,522,8413,21.5,7.8,21,False,True,42,itn_irs,False,True,3
9995,0,0,5,449,62,511,8508,22.8,0.0,18,False,True,42,itn_irs,False,True,3
9995,0,0,5,472,126,598,8791,20.5,49.0,42,False,True,42,itn_irs,False,True,3
9995,0,0,5,484,113,597,9524,20.5,8.9,41,False,True,42,itn_irs,False,True,3
9995,0,0,5,494,101,595,9882,21.3,8.3,45,False,True,42,itn_irs,False,True,3
9995,0,0,5,517,92,609,9975,20.0,18.6,54,False,True,42,itn_irs,False,True,3
9995,0,0,5,532,84,616,10135,20.5,8.3,56,False,True,42,itn_irs,False,True,3
9995,0,0,5,550,77,627,10521,20.6,5.0,50,False,True,42,itn_irs,False,True,3
9995,0,0,5,576,70,646,10852,21.6,0.8,47,False,True,42,itn_irs,False,True,3
9995,0,0,5,614,63,677,11392,20.7,5.1,49,False,True,42,itn_irs,False,True,3
9995,0,0,5,523,55,578,11441,20.2,14.0,32,False,True,42,itn_irs,False,True,3
9995,0,0,5,557,52,609,11732,20.4,3.3,28,False,True,42,itn_irs,False,True,3
9995,0,0,5,599,50,649,11497,21.8,0.0,24,False,True,42,itn_irs,False,True,3
9995,0,0,5,639,50,689,12136,21.1,0.0,15,False,True,42,itn_irs,False,True,3
9995,0,0,5,657,45,702,12659,22.1,4.1,11,False,True,42,itn_irs,False,True,3
9995,0,0,5,676,43,719,12742,21.1,11.0,14,False,True,42,itn_irs,False,True,3
9995,0,0,5,695,37,732,13077,21.4,0.8,14,False,True,42,itn_irs,False,True,3
9995,0,0,5,681,53,734,12112,21.7,0.3,12,False,True,42,itn_irs,False,True,3
9995,0,0,5,738,57,795,13038,20.9,17.0,13,False,True,42,itn_irs,False,True,3
9995,0,0,5,755,48,803,13729,22.7,0.0,13,False,True,42,itn_irs,False,True,3
9995,0,0,5,772,61,833,14598,21.0,1.5,13,False,True,42,itn_irs,False,True,3
9995,0,0,5,979,78,1057,15081,22.6,0.0,13,False,True,42,itn_irs,False,True,3
9995,0,0,5,1022,81,1103,14944,21.8,4.3,13,False,True,42,itn_irs,False,True,3
9995,0,0,5,1065,163,1228,16546,22.6,50.0,33,False,True,42,itn_irs,False,True,3
9995,0,0,5,1047,149,1196,18001,21.4,3.9,33,False,True,42,itn_irs,False,True,3
9995,0,0,5,1091,127,1218,18912,21.7,2.4,33,False,True,42,itn_irs,False,True,3
9995,0,0,5,1040,112,1152,19627,23.9,0.0,25,False,True,42,itn_irs,False,True,3
9995,0,0,5,1113,99,1212,20459,21.7,4.5,25,False,True,42,itn_irs,False,True,3
9995,0,0,5,1155,81,1236,21323,22.8,1.0,25,False,True,42,itn_irs,False,True,3
9995,0,0,5,1148,68,1216,21983,22.3,7.1,28,False,True,42,itn_irs,False,True,3
9995,0,0,5,1184,65,1249,20748,21.6,0.0,28,False,True,42,itn_irs,False,True,3
9995,0,0,5,1180,58,1238,21183,20.8,13.9,9,False,True,42,itn_irs,False,True,3
9995,0,0,5,1234,53,1287,22351,21.2,15.5,16,False,True,42,itn_irs,False,True,3
9995,0,0,5,1295,47,1342,22684,22.0,0.8,16,False,True,42,itn_irs,False,True,3
9995,0,0,5,1394,46,1440,24282,21.8,0.0,16,False,True,42,itn_irs,False,True,3
9995,0,0,5,1445,40,1485,25000,22.1,3.0,16,False,True,42,itn_irs,False,True,3
9995,0,0,5,1535,48,1583,26295,21.9,19.7,25,False,False,42,itn_irs,False,True,3
9995,0,0,5,1842,64,1906,28161,21.7,11.8,27,False,False,42,itn_irs,False,True,3
9995,0,0,5,2105,166,2271,29626,21.3,61.0,57,False,False,42,itn_irs,False,True,3
9995,0,0,5,2277,170,2447,32113,21.4,4.0,51,False,False,42,itn_irs,False,True,3
9995,0,0,5,2423,171,2594,35571,22.7,0.0,44,False,False,42,itn_irs,False,True,3
9995,0,0,5,2583,176,2759,37036,21.2,19.1,53,False,False,42,itn_irs,False,True,3
9995,0,0,5,2700,165,2865,39471,22.2,8.9,57,False,False,42,itn_irs,False,True,3
9995,0,0,5,2800,163,2963,40843,21.6,23.7,68,False,False,42,itn_irs,False,True,3
9995,0,0,5,2932,152,3084,42801,23.0,0.0,59,False,False,42,itn_irs,False,True,3
9995,0,0,5,3000,148,3148,46662,23.2,0.0,54,False,False,42,itn_irs,False,True,3
9995,0,0,5,3150,141,3291,50238,21.8,4.7,24,False,False,42,itn_irs,False,True,3
9995,0,0,5,3219,131,3350,53314,21.7,1.7,24,False,False,42,itn_irs,False,True,3
9995,0,0,5,3361,221,3582,57084,23.3,52.3,50,False,False,42,itn_irs,False,True,3
9995,0,0,5,3454,205,3659,59711,23.2,0.0,41,False,False,42,itn_irs,False,True,3
9995,0,0,5,3586,194,3780,62758,22.4,8.7,41,False,False,42,itn_irs,False,True,3
9995,0,0,5,3805,186,3991,65710,20.4,2.0,30,False,False,42,itn_irs,False,True,3
9995,0,0,5,4124,207,4331,68034,21.5,4.1,30,False,False,42,itn_irs,False,True,3
9996,0,0,4,4591,196,4787,72850,19.4,0.0,30,False,False,42,itn_irs,False,True,3
9996,0,0,4,5000,196,5196,79279,20.3,19.1,39,False,False,42,itn_irs,False,True,3
9996,0,0,4,5434,233,5667,85327,20.2,37.1,57,False,False,42,itn_irs,False,True,3
9996,0,0,4,6035,264,6299,87162,19.0,31.1,46,False,False,42,itn_irs,False,True,3
9996,0,0,4,6512,258,6770,95599,20.3,1.8,46,False,False,42,itn_irs,False,True,3
9996,0,0,4,7082,246,7328,103785,21.9,0.0,42,False,False,42,itn_irs,False,True,3
9996,0,0,4,6552,229,6781,111158,19.7,4.7,42,False,False,42,itn_irs,False,True,3
9996,0,0,4,7012,227,7239,113930,21.0,8.6,45,False,False,42,itn_irs,False,True,3
9996,0,0,4,7380,221,7601,120348,22.9,0.0,45,False,False,42,itn_irs,False,True,3
9996,0,0,4,7717,218,7935,127332,20.6,2.0,36,False,False,42,itn_irs,False,True,3
9996,0,0,4,8116,239,8355,125287,21.3,3.9,18,False,False,42,itn_irs,False,True,3
9996,0,0,4,8366,231,8597,125239,22.5,2.0,4,False,False,42,itn_irs,False,True,3
9996,0,0,4,8636,217,8853,135453,22.4,8.9,8,False,False,42,itn_irs,False,True,3
9996,0,0,4,8897,213,9110,144010,22.5,0.0,8,False,False,42,itn_irs,False,True,3
9996,0,0,4,9142,205,9347,140714,22.8,0.0,8,False,False,42,itn_irs,False,True,3
9996,0,0,4,10836,230,11066,142018,22.9,2.2,4,False,False,42,itn_irs,False,True,3
9996,0,0,4,11305,235,11540,146707,22.0,2.0,4,False,False,42,itn_irs,False,True,3
9996,0,0,4,11733,240,11973,152354,20.7,4.1,4,False,False,42,itn_irs,False,True,3
9997,0,0,3,12259,220,12479,156915,19.9,1.4,4,False,False,42,itn_irs,False,True,3
9996,1,0,3,12608,216,12824,162966,21.1,0.5,4,False,False,42,itn_irs,False,True,3
9996,1,0,3,12846,207,13053,168557,21.8,7.1,3,False,False,42,itn_irs,False,True,3
9996,1,0,3,13153,207,13360,173673,22.2,0.3,3,False,False,42,itn_irs,False,True,3
9996,1,0,3,13248,205,13453,190357,21.7,10.9,8,False,False,42,itn_irs,False,True,3
9996,0,1,3,13418,202,13620,205135,22.0,5.1,10,False,False,42,itn_irs,False,True,3
9996,0,1,3,13708,201,13909,216655,21.8,5.3,12,False,False,42,itn_irs,False,True,3
9996,0,1,3,14203,205,14408,229742,22.3,0.0,12,False,False,42,itn_irs,False,True,3
9996,0,1,3,14696,196,14892,242408,21.5,3.0,12,False,False,42,itn_irs,False,True,3
9996,0,1,3,15212,184,15396,254609,23.3,2.0,12,False,False,42,itn_irs,False,True,3
9996,0,1,3,15800,178,15978,265716,22.6,1.0,9,False,False,42,itn_irs,False,True,3
9996,0,1,3,16850,176,17026,260144,21.2,0.0,9,False,False,42,itn_irs,False,True,3
9996,0,1,3,17949,185,18134,259247,20.7,6.9,7,False,False,42,itn_irs,False,True,3
9996,0,0,4,19167,194,19361,263212,22.2,0.0,5,False,False,42,itn_irs,False,True,3
9996,0,0,4,20280,184,20464,267913,21.5,3.2,3,False,False,42,itn_irs,False,True,3
9996,0,0,4,21487,181,21668,275282,22.2,7.0,6,False,False,42,itn_irs,False,True,3
9996,0,0,4,22644,171,22815,284316,23.9,0.5,6,False,False,42,itn_irs,False,True,3
9996,0,0,4,23801,173,23974,318900,22.5,7.9,9,False,False,42,itn_irs,False,True,3
9996,0,0,4,24857,176,25033,349322,20.5,6.0,12,False,False,42,itn_irs,False,True,3
9996,0,0,4,25829,176,26005,350174,21.1,0.0,12,False,False,42,itn_irs,False,True,3
9996,0,0,4,26429,178,26607,382170,21.8,1.0,9,False,False,42,itn_irs,False,True,3
9996,0,0,4,27226,184,27410,382391,22.1,0.0,9,False,False,42,itn_irs,False,True,3
9996,0,0,4,27818,182,28000,413418,20.7,15.3,16,False,False,42,itn_irs,False,True,3
9995,1,0,4,28428,178,28606,442659,22.7,0.8,13,False,False,42,itn_irs,False,True,3
9995,1,0,4,29023,176,29199,437092,21.9,1.0,13,False,False,42,itn_irs,False,True,3
9995,1,0,4,29919,168,30087,432567,22.1,0.3,10,False,False,42,itn_irs,False,True,3
9995,1,0,4,30766,167,30933,464083,20.6,18.2,16,False,False,42,itn_irs,False,True,3
9995,0,1,4,32192,173,32365,497821,20.7,1.0,16,False,False,42,itn_irs,False,True,3
9995,0,1,4,34057,175,34232,529629,20.5,10.9,21,False,False,42,itn_irs,False,True,3
9995,0,1,4,36361,176,36537,564788,20.4,1.7,21,False,False,42,itn_irs,False,True,3
9995,0,1,4,39388,178,39567,605582,20.8,8.7,18,False,False,42,itn_irs,False,True,3
9995,0,1,4,36425,160,36586,632792,21.5,0.3,18,False,False,42,itn_irs,False,True,3
9994,1,1,4,39046,159,39205,660952,19.9,6.0,21,False,False,42,itn_irs,False,True,3
9994,1,1,4,41410,164,41574,691336,20.0,14.3,28,False,False,42,itn_irs,False,True,3
9994,1,1,4,44104,181,44285,726926,20.3,25.5,31,False,False,42,itn_irs,False,True,3
9994,1,0,5,46966,197,47163,766243,20.3,26.8,44,False,False,42,itn_irs,False,True,3
9994,0,1,5,50284,198,50482,810387,21.6,0.0,39,False,False,42,itn_irs,False,True,3
9994,0,1,5,53642,209,53852,858277,20.6,20.2,49,False,False,42,itn_irs,False,True,3
9994,0,1,5,57106,207,57315,867475,20.5,10.9,50,False,False,42,itn_irs,False,True,3
9994,0,1,5,60613,204,60819,887840,19.7,5.0,52,False,False,42,itn_irs,False,True,3
9994,0,1,5,64331,203,64536,920914,20.6,11.8,54,False,False,42,itn_irs,False,True,3
9994,0,1,5,67430,212,67644,996199,19.1,10.4,52,False,False,42,itn_irs,False,True,3
9994,0,1,5,71137,212,71351,1069112,19.9,13.5,46,False,False,42,itn_irs,False,True,3
9994,0,1,5,65770,192,65966,1122835,20.2,0.0,33,False,False,42,itn_irs,False,True,3
9994,0,0,6,68427,188,68618,1171680,20.4,1.0,33,False,False,42,itn_irs,False,True,3
9994,0,0,6,71495,185,71683,1224665,20.0,4.1,23,False,False,42,itn_irs,False,True,3
9994,0,0,6,75112,185,75300,1280101,21.2,2.3,18,False,False,42,itn_irs,False,True,3
9994,0,0,6,87899,205,88107,1356576,22.6,1.0,16,False,False,42,itn_irs,False,True,3
9994,0,0,6,92215,195,92413,1443206,21.1,4.1,11,False,False,42,itn_irs,False,True,3
9994,0,0,6,97111,204,97317,1424423,19.8,5.1,8,False,False,42,itn_irs,False,True,3
9994,0,0,6,101073,216,101291,1422414,20.6,6.1,5,False,False,42,itn_irs,False,True,3
9994,0,0,6,104599,206,104806,1533832,20.0,10.6,10,False,False,42,itn_irs,False,True,3
9994,0,0,6,108476,204,108680,1646621,21.6,0.0,10,False,False,42,itn_irs,False,True,3
9993,1,0,6,113237,210,113447,1760986,21.4,0.5,10,False,False,42,itn_irs,False,True,3
9993,1,0,6,119527,204,119731,1874760,21.0,8.3,14,False,False,42,itn_irs,False,True,3
9993,1,0,6,127527,219,127746,1994422,20.7,24.7,26,False,False,42,itn_irs,False,True,3
9993,1,0,6,135455,212,135667,2117724,21.1,10.7,31,False,False,42,itn_irs,False,True,3
9993,0,1,6,143617,212,143829,2256529,22.8,1.4,29,False,False,42,itn_irs,False,True,3
9993,0,1,6,149779,211,149992,2391130,22.7,0.6,26,False,False,42,itn_irs,False,True,3
9993,0,1,6,177682,229,177913,2581245,21.4,10.5,26,False,False,42,itn_irs,False,True,3
9993,0,1,6,187006,224,187231,2789148,21.9,9.8,30,False,False,42,itn_irs,False,True,3
9993,0,1,6,198577,228,198805,2993499,22.7,5.1,32,False,False,42,itn_irs,False,True,3
9993,0,1,6,210391,224,210615,3205902,20.5,3.8,28,False,False,42,itn_irs,False,True,3
9992,1,1,6,224962,229,225191,3435522,21.9,1.2,16,False,False,42,itn_irs,False,True,3
9992,1,1,6,241612,222,241835,3683139,22.6,3.2,11,False,False,42,itn_irs,False,True,3
9992,1,0,7,257161,231,257393,3946055,20.3,12.4,17,False,False,42,itn_irs,False,True,3
9992,1,0,7,273262,287,273550,4218379,20.8,33.8,33,False,False,42,itn_irs,False,True,3
9992,0,1,7,289300,296,289597,4498797,20.8,4.9,28,False,False,42,itn_irs,False,True,3
9992,0,1,7,305243,300,305548,4794815,21.5,5.5,26,False,False,42,itn_irs,False,True,3
9992,0,1,7,321429,304,321744,5101448,22.6,2.5,24,False,False,42,itn_irs,False,True,3
9992,0,1,7,337534,304,337848,5423040,22.9,9.7,28,False,False,42,itn_irs,False,True,3
9992,0,1,7,354684,302,354997,5751474,21.3,1.0,28,False,False,42,itn_irs,False,True,3
9992,0,1,7,370703,306,371018,6080966,21.7,0.5,28,False,False,42,itn_irs,False,True,3
9992,0,1,7,390735,317,391064,5993079,21.2,0.5,22,False,False,42,itn_irs,False,True,3
9991,1,1,7,407046,312,407375,5970862,22.4,0.0,6,False,False,42,itn_irs,False,True,3
9991,1,0,8,420239,312,420570,5988398,21.9,3.0,6,False,False,42,itn_irs,False,True,3
9991,1,0,8,430570,316,430901,6041984,21.8,2.0,4,False,False,42,itn_irs,False,True,3
9991,1,0,8,439776,306,440095,5223520,22.0,0.0,4,False,False,42,itn_irs,False,True,3
9990,1,1,8,441978,307,442295,4705293,22.3,0.5,0,False,False,42,itn_irs,False,True,3
9990,1,1,8,439380,300,439687,4359305,21.6,0.5,0,False,False,42,itn_irs,False,True,3
9990,1,1,8,432236,287,432529,4759612,20.6,4.1,0,False,False,42,itn_irs,False,True,3
9989,2,1,8,425058,284,425348,5400359,20.2,16.6,8,False,False,42,itn_irs,False,True,3
9989,1,2,8,419927,283,420216,5934012,21.1,14.0,15,False,False,42,itn_irs,False,True,3
9989,1,2,8,416539,264,416812,6374743,21.4,1.3,15,False,False,42,itn_irs,False,True,3
9989,1,2,8,414511,243,414767,6747358,23.3,0.0,15,False,False,42,itn_irs,False,True,3
9989,0,3,8,414057,243,414315,7059036,22.7,0.0,15,False,False,42,itn_irs,False,True,3
9989,0,2,9,414483,237,414750,7324022,22.2,2.0,15,False,False,42,itn_irs,False,True,3
9989,0,2,9,419158,229,419424,7574633,21.7,1.0,15,False,False,42,itn_irs,False,True,3
9989,0,2,9,427549,221,427811,7807492,21.1,7.1,18,False,False,42,itn_irs,False,True,3
9989,0,2,9,439153,222,439422,7452569,21.3,11.7,15,False,False,42,itn_irs,False,True,3
9989,0,1,10,450418,222,450709,7781037,22.0,6.1,11,False,False,42,itn_irs,False,True,3
9989,0,1,10,472784,229,473076,8149726,21.0,25.9,23,False,False,42,itn_irs,False,True,3
9989,0,1,10,507072,244,507382,8589805,21.1,2.4,23,False,False,42,itn_irs,False,True,3
9989,0,0,11,552390,251,552734,9132085,22.9,0.0,23,False,False,42,itn_irs,False,True,3
9989,0,0,11,592612,268,592949,9760593,23.2,1.7,23,False,False,42,itn_irs,False,True,3
9989,0,0,11,626177,264,626495,10412648,21.3,5.6,25,False,False,42,itn_irs,False,True,3
9989,0,0,11,654140,289,654469,11045705,21.6,3.6,22,False,False,42,itn_irs,False,True,3
9989,0,0,11,677338,289,677658,11676427,22.3,16.9,25,False,False,42,itn_irs,False,True,3
9989,0,0,11,696442,290,696750,12288687,21.7,0.0,22,False,False,42,itn_irs,False,True,3
9989,0,0,11,712760,278,713050,12859713,21.4,14.9,17,False,False,42,itn_irs,False,True,3
9990,0,0,10,727165,292,727466,13400765,21.4,8.6,21,False,False,42,itn_irs,False,True,3
9990,0,0,10,739588,295,739892,13916569,20.4,18.0,30,False,False,42,itn_irs,False,True,3
9990,0,0,10,752442,293,752743,14392920,20.6,0.0,30,False,False,42,itn_irs,False,True,3
9990,0,0,10,767982,291,768279,14876925,21.7,0.4,28,False,False,42,itn_irs,False,True,3
9989,1,0,10,782549,295,782849,15344455,22.1,2.3,28,False,False,42,itn_irs,False,True,3
9989,1,0,10,797517,301,797822,15812153,22.7,5.9,22,False,False,42,itn_irs,False,True,3
9989,1,0,10,815480,303,815786,16312988,20.8,7.1,25,False,False,42,itn_irs,False,True,3
9989,1,0,10,836577,312,836891,16822371,21.1,0.0,18,False,False,42,itn_irs,False,True,3
9989,0,1,10,860255,308,860564,16131630,21.1,6.5,17,False,False,42,itn_irs,False,True,3
9989,0,1,10,881492,285,881803,16833064,21.4,9.5,12,False,False,42,itn_irs,False,True,3
9988,1,1,10,901561,280,901902,17501072,22.2,1.4,12,False,False,42,itn_irs,False,True,3
9988,1,1,10,921224,268,921558,18165708,21.6,2.5,12,False,False,42,itn_irs,False,True,3
9988,1,1,10,939309,262,939629,18809511,21.1,6.3,15,False,False,42,itn_irs,False,True,3
9988,1,1,10,957089,268,957417,19406656,21.8,0.0,13,False,False,42,itn_irs,False,True,3
9988,0,2,10,973349,264,973676,20002146,20.2,3.3,10,False,False,42,itn_irs,False,True,3
9988,0,2,10,988657,276,989007,19076442,21.7,0.0,10,False,False,42,itn_irs,False,True,3
9988,0,1,11,1000176,277,1000574,18363761,22.3,5.4,9,False,False,42,itn_irs,False,True,3
9988,0,1,11,1009728,264,1010078,19153865,22.2,14.0,12,False,False,42,itn_irs,False,True,3
9988,0,1,11,1019089,267,1019432,19873885,21.8,0.0,12,False,False,42,itn_irs,False,True,3
9988,0,1,11,1028623,267,1028956,20542544,21.3,3.4,12,False,False,42,itn_irs,False,True,3
9988,0,1,11,1039400,275,1039720,21169469,21.4,8.9,13,False,False,42,itn_irs,False,True,3
9988,0,1,11,1050495,271,1050808,21731599,21.7,7.7,16,False,False,42,itn_irs,False,True,3
9988,0,0,12,1065598,268,1065907,22341018,22.2,1.4,16,False,False,42,itn_irs,False,True,3
9988,0,0,12,1081570,282,1081880,22926988,22.4,1.7,16,False,False,42,itn_irs,False,True,3
9988,0,0,12,1097250,263,1097533,23478325,20.7,6.7,17,False,False,42,itn_irs,False,True,3
9988,0,0,12,1112321,248,1112582,24030072,22.5,1.9,10,False,False,42,itn_irs,False,True,3
9988,0,0,12,1127481,252,1127740,24539700,23.3,0.0,10,False,False,42,itn_irs,False,True,3
9988,0,0,12,1142744,238,1142989,25050520,22.2,14.0,17,False,False,42,itn_irs,False,True,3
9988,0,0,12,1157738,238,1157982,25543848,22.1,0.0,13,False,False,42,itn_irs,False,True,3
9988,0,0,12,1175391,256,1175650,26095657,21.0,31.0,25,False,False,42,itn_irs,False,True,3
9988,0,0,12,1194728,264,1194992,26718004,22.0,0.0,25,False,False,42,itn_irs,False,True,3
9988,0,0,12,1211368,268,1211636,27272843,21.0,3.9,25,False,False,42,itn_irs,False,True,3
9988,0,0,12,1225667,269,1225936,27812390,21.9,13.6,28,False,False,42,itn_irs,False,True,3
9988,0,0,12,1238579,277,1238856,28348060,20.5,22.6,39,False,False,42,itn_irs,False,True,3
9988,0,0,12,1249952,267,1250219,28841084,20.5,24.8,51,False,False,42,itn_irs,False,True,3
9988,0,0,12,1260498,261,1260759,28064544,20.8,7.7,47,False,False,42,itn_irs,False,True,3
9988,0,0,12,1269975,240,1270215,28671727,20.6,1.2,47,False,False,42,itn_irs,False,True,3
9988,0,0,12,1279954,239,1280193,29233547,21.7,11.2,37,False,False,42,itn_irs,False,True,3
9988,0,0,12,1289952,229,1290181,29761195,20.4,18.0,46,False,False,42,itn_irs,False,True,3
9989,0,0,11,1299670,220,1299890,30255906,20.6,4.9,46,False,False,42,itn_irs,False,True,3
9989,0,0,11,1202076,197,1202273,29617252,21.5,2.0,40,False,False,42,itn_irs,False,True,3
9989,0,0,11,1294866,195,1295061,29719593,20.7,0.0,29,False,False,42,itn_irs,False,True,3
9989,0,0,11,1303689,193,1303882,30097598,22.4,0.0,17,False,False,42,itn_irs,False,True,3
9989,0,0,11,1311840,175,1312015,30471158,22.3,0.0,14,False,False,42,itn_irs,False,True,3
9989,0,0,11,1319487,178,1319665,28569051,21.9,0.0,14,False,False,42,itn_irs,False,True,3
9989,0,0,11,1326254,177,1326431,27073363,21.3,6.4,12,False,False,42,itn_irs,False,True,3
9989,0,0,11,1331664,174,1331838,25873472,19.9,7.2,6,False,False,42,itn_irs,False,True,3
9989,0,0,11,1336190,173,1336363,24890174,19.8,2.4,6,False,False,42,itn_irs,False,True,3
9989,0,0,11,1339792,176,1339968,24093550,20.5,0.0,6,False,False,42,itn_irs,False,True,3
9989,0,0,11,1342768,178,1342946,23385041,21.3,1.7,6,False,False,42,itn_irs,False,True,3
9989,0,0,11,1345474,176,1345650,22852391,22.6,3.3,6,False,False,42,itn_irs,False,True,3
9989,0,0,11,1347690,161,1347851,22375229,21.0,0.5,6,False,False,42,itn_irs,False,True,3
9990,0,0,10,1349485,156,1349641,21961301,20.4,0.0,6,False,False,42,itn_irs,False,True,3
9990,0,0,10,1350765,150,1350915,18361945,20.8,1.7,3,False,False,42,itn_irs,False,True,3
9990,0,0,10,1349750,138,1349888,18696802,21.6,6.1,3,False,False,42,itn_irs,False,True,3
9990,0,0,10,1346769,129,1346898,18797865,19.7,7.3,6,False,False,42,itn_irs,False,True,3
9990,0,0,10,1344251,169,1344420,20322065,21.1,39.1,24,False,False,42,itn_irs,False,True,3
9990,0,0,10,1342058,157,1342215,21620759,21.9,0.0,24,False,False,42,itn_irs,False,True,3
9990,0,0,10,1341016,148,1341164,22733000,21.4,0.0,24,False,False,42,itn_irs,False,True,3
9990,0,0,10,1341450,138,1341588,23711446,20.7,9.9,28,False,False,42,itn_irs,False,True,3
9990,0,0,10,1343263,130,1343393,24570449,20.2,7.4,31,False,False,42,itn_irs,False,True,3
9990,0,0,10,1346316,120,1346436,25322683,21.5,4.7,31,False,False,42,itn_irs,False,True,3
9990,0,0,10,1350229,112,1350341,26025617,22.1,13.7,34,False,False,42,itn_irs,False,True,3
9990,0,0,10,1355099,112,1355211,26665403,21.7,12.1,37,False,False,42,itn_irs,False,True,3
9990,0,0,10,1359934,113,1360047,27235819,20.8,21.8,29,False,False,42,itn_irs,False,True,3
9990,0,0,10,1365922,150,1366072,26592547,20.6,38.6,48,False,False,42,itn_irs,False,True,3
9990,0,0,10,1371539,140,1371679,27302893,20.6,0.0,48,False,False,42,itn_irs,False,True,3
9990,0,0,10,1377629,138,1377767,26726735,20.8,11.1,49,False,False,42,itn_irs,False,True,3
9990,0,0,10,1386082,137,1386219,27661053,21.0,0.0,46,False,False,42,itn_irs,False,True,3
9990,0,0,10,1393878,140,1394018,28513520,20.5,7.7,49,False,False,42,itn_irs,False,True,3
9990,0,0,10,1400765,144,1400909,29313667,21.6,6.1,46,False,False,42,itn_irs,False,True,3
9990,0,0,10,1406227,158,1406385,30012360,19.9,9.5,44,False,False,42,itn_irs,False,True,3
9990,0,0,10,1410352,156,1410508,30626211,19.9,13.5,40,False,False,42,itn_irs,False,True,3
9990,0,0,10,1414078,155,1414233,31159768,19.5,5.9,23,False,False,42,itn_irs,False,True,3
9990,0,0,10,1417505,156,1417661,31644753,20.6,2.0,23,False,False,42,itn_irs,False,True,3
9990,0,0,10,1420650,151,1420801,32080620,19.6,2.3,18,False,False,42,itn_irs,False,True,3
9990,0,0,10,1423634,150,1423784,32448957,20.5,0.0,18,False,False,42,itn_irs,False,True,3
9990,0,0,10,1426448,144,1426592,32801108,21.2,0.0,15,False,False,42,itn_irs,False,True,3
9990,0,0,10,1429196,137,1429333,33111172,21.6,3.1,12,False,False,42,itn_irs,False,True,3
9990,0,0,10,1431735,131,1431866,30937131,22.3,1.8,8,False,False,42,itn_irs,False,True,3
9990,0,0,10,1434324,143,1434467,29251348,20.4,12.2,8,False,False,42,itn_irs,False,True,3
9990,0,0,10,1436613,142,1436755,27878919,21.8,3.6,6,False,False,42,itn_irs,False,True,3
9989,1,0,10,1438616,140,1438756,28836017,21.1,6.7,9,False,False,42,itn_irs,False,True,3
9989,1,0,10,1441177,143,1441320,29718951,21.2,8.1,13,False,False,42,itn_irs,False,True,3
9989,1,0,10,1443912,144,1444056,30478078,21.3,3.6,13,False,False,42,itn_irs,False,True,3
9989,1,0,10,1446894,131,1447025,31163302,21.2,11.5,18,False,False,42,itn_irs,False,True,3
9989,0,1,10,1450470,146,1450616,31753453,21.3,26.0,31,False,False,42,itn_irs,False,True,3
9989,0,1,10,1453915,143,1454058,32272693,20.4,18.5,40,False,False,42,itn_irs,False,True,3
9989,0,1,10,1457446,136,1457582,32723999,20.4,15.2,41,False,False,42,itn_irs,False,True,3
9989,0,1,10,1461022,168,1461191,31685084,21.3,35.2,58,False,False,42,itn_irs,False,True,3
9989,0,1,10,1464003,173,1464177,30806305,20.6,11.9,60,False,False,42,itn_irs,False,True,3
9989,0,1,10,1466653,167,1466821,30061486,20.3,10.0,61,False,False,42,itn_irs,False,True,3
9989,0,1,10,1468913,156,1469070,29427249,21.9,0.0,61,False,False,42,itn_irs,False,True,3
9989,0,1,10,1470791,146,1470938,30176786,22.0,7.6,59,False,False,42,itn_irs,False,True,3
9989,0,0,11,1473237,142,1473380,30903228,21.7,0.0,46,False,False,42,itn_irs,False,True,3
9989,0,0,11,1475978,142,1476121,31599720,19.1,1.4,37,False,False,42,itn_irs,False,True,3
9989,0,0,11,1479193,143,1479337,32278509,20.9,3.9,30,False,False,42,itn_irs,False,True,3
9989,0,0,11,1481787,142,1481930,32872227,21.6,10.1,18,False,False,42,itn_irs,False,True,3
9989,0,0,11,1484363,142,1484506,33387608,21.0,6.4,16,False,False,42,itn_irs,False,True,3
9990,0,0,10,1487165,130,1487296,33830867,20.7,11.9,16,False,False,42,itn_irs,False,True,3
9990,0,0,10,1489869,136,1490006,34229225,21.6,10.1,21,False,False,42,itn_irs,False,True,3
9990,0,0,10,1492747,145,1492892,34576152,21.5,3.2,18,False,False,42,itn_irs,False,True,3
9990,0,0,10,1495915,150,1496065,34881658,21.2,15.0,25,False,False,42,itn_irs,False,True,3
9991,0,0,9,1499087,146,1499233,35181844,20.7,0.0,25,False,False,42,itn_irs,False,True,3
9991,0,0,9,1502910,158,1503068,35473837,21.0,7.1,28,False,False,42,itn_irs,False,True,3
9991,0,0,9,1506735,161,1506896,35787498,20.4,13.9,29,False,False,42,itn_irs,False,True,3
9991,0,0,9,1510917,162,1511079,36123120,20.9,9.7,30,False,False,42,itn_irs,False,True,3
9991,0,0,9,1514847,149,1514996,36489183,19.5,10.7,30,False,False,42,itn_irs,False,True,3
9991,0,0,9,1518463,150,1518613,36776073,20.1,3.5,25,False,False,42,itn_irs,False,True,3
9991,0,0,9,1521508,154,1521662,37048585,20.0,2.9,25,False,False,42,itn_irs,False,True,3
9991,0,0,9,1524005,149,1524154,37321448,20.9,0.0,18,False,False,42,itn_irs,False,True,3
9991,0,0,9,1526434,151,1526585,37589769,19.8,2.7,18,False,False,42,itn_irs,False,True,3
9991,0,0,9,1529038,152,1529190,37829645,20.7,6.2,18,False,False,42,itn_irs,False,True,3
9991,0,0,9,1531331,150,1531481,38039373,21.0,6.8,15,False,False,42,itn_irs,False,True,3
9991,0,0,9,1533629,149,1533778,35419908,20.8,1.8,11,False,False,42,itn_irs,False,True,3
9991,0,0,9,1535718,147,1535865,33275570,18.9,0.8,6,False,False,42,itn_irs,False,True,3
9991,0,0,9,1537327,154,1537481,31533711,20.5,0.0,6,False,False,42,itn_irs,False,True,3
9991,0,0,9,1421761,146,1421907,29036208,20.2,2.7,6,False,False,42,itn_irs,False,True,3
9991,0,0,9,1538772,157,1538929,28518258,21.3,6.2,9,False,False,42,itn_irs,False,True,3
9991,0,0,9,1539499,157,1539656,27605987,21.4,2.0,9,False,False,42,itn_irs,False,True,3
9991,0,0,9,1540198,161,1540359,28861271,21.4,16.0,14,False,False,42,itn_irs,False,True,3
9991,0,0,9,1541049,156,1541205,29951243,21.6,0.0,11,False,False,42,itn_irs,False,True,3
9991,0,0,9,1542173,150,1542323,30889075,21.0,0.2,11,False,False,42,itn_irs,False,True,3
9991,0,0,9,1543179,148,1543327,31684043,22.8,0.0,11,False,False,42,itn_irs,False,True,3
9991,0,0,9,1544379,147,1544526,32378261,22.5,1.9,11,False,False,42,itn_irs,False,True,3
9991,0,0,9,1545665,142,1545807,30565373,21.6,0.0,11,False,False,42,itn_irs,False,True,3
9991,0,0,9,1546840,134,1546974,29113397,21.8,0.2,8,False,False,42,itn_irs,False,True,3
9991,0,0,9,1547873,131,1548004,23585476,20.7,0.3,8,False,False,42,itn_irs,False,True,3
9992,0,0,8,1551678,134,1551812,20665440,22.5,0.0,0,False,False,42,itn_irs,False,True,3
9992,0,0,8,1551771,130,1551901,18128984,22.4,0.5,0,False,False,42,itn_irs,False,True,3
9992,0,0,8,1551328,121,1551449,16431894,23.1,1.3,0,False,False,42,itn_irs,False,True,3
9992,0,0,8,1538598,116,1538714,15208674,22.5,0.0,0,False,False,42,itn_irs,False,True,3
9992,0,0,8,1541019,113,1541132,14451673,21.6,0.6,0,False,False,42,itn_irs,False,True,3
9992,0,0,8,1510919,105,1511024,13882364,21.6,0.2,0,False,False,42,itn_irs,False,True,3
9992,0,0,8,1459175,96,1459271,13382228,20.7,1.6,0,False,False,42,itn_irs,False,True,3
9992,0,0,8,1395324,90,1395414,12862516,21.6,0.0,0,False,False,42,itn_irs,False,True,3
9992,0,0,8,1323628,81,1323709,12321235,20.9,5.4,2,False,False,42,itn_irs,False,True,3
9992,0,0,8,1249111,79,1249190,11764604,21.9,1.9,2,False,False,42,itn_irs,False,True,3
9992,0,0,8,1173601,69,1173670,12929277,21.7,11.6,7,False,False,42,itn_irs,False,True,3
9998,0,2,0,2000,3000,5000,2000,25.0,0.0,0,False,False,42,ambas,True,True,4
9998,0,2,0,1856,2786,4642,16636,21.5,2.3,0,False,True,42,ambas,True,True,4
9998,0,2,0,1571,2370,3941,24260,22.3,0.0,0,False,True,42,ambas,True,True,4
9997,1,2,0,1330,2017,3347,25687,22.3,0.0,0,False,True,42,ambas,True,True,4
9997,1,2,0,1128,1722,2850,26194,21.8,0.0,0,False,True,42,ambas,True,True,4
9996,2,2,0,964,1470,2434,24348,21.6,0.0,0,False,True,42,ambas,True,True,4
9996,2,2,0,810,1225,2035,21429,19.5,0.2,0,False,True,42,ambas,True,True,4
9996,1,3,0,662,1045,1707,8295,20.1,1.7,0,True,True,42,ambas,True,True,4
9996,1,1,2,577,899,1476,9700,21.8,0.3,0,True,True,42,ambas,True,True,4
9995,1,2,2,487,749,1236,10100,21.7,0.0,0,True,True,42,ambas,True,True,4
9995,1,2,2,419,634,1053,10181,21.0,0.0,0,True,True,42,ambas,True,True,4
9995,1,2,2,361,528,889,9699,19.8,7.2,3,True,True,42,ambas,True,True,4
9995,1,2,2,305,439,744,9754,21.2,8.0,7,True,True,42,ambas,True,True,4
9995,0,3,2,261,378,639,9504,20.1,5.1,9,True,True,42,ambas,True,True,4
9995,0,3,2,227,316,543,3760,20.6,3.5,9,True,True,42,ambas,True,True,4
9995,0,2,3,198,278,476,4788,21.0,1.7,9,True,True,42,ambas,True,True,4
9995,0,2,3,180,247,427,5422,20.8,3.8,9,True,True,42,ambas,True,True,4
9995,0,1,4,167,210,377,6091,21.9,0.5,9,True,True,42,ambas,True,True,4
9995,0,1,4,160,183,343,5914,21.3,0.3,9,True,True,42,ambas,True,True,4
9994,1,1,4,147,160,307,5796,21.9,0.1,6,True,True,42,ambas,True,True,4
9994,1,1,4,140,136,276,4488,24.0,0.0,2,True,True,42,ambas,True,True,4
9993,2,0,5,136,122,258,1721,23.1,0.3,0,True,True,42,ambas,True,True,4
9993,2,0,5,121,105,226,1797,21.4,1.6,0,True,True,42,ambas,True,True,4
9993,1,1,5,112,93,205,1856,22.8,0.0,0,True,True,42,ambas,True,True,4
9993,1,1,5,102,84,186,1708,21.2,3.8,0,True,True,42,ambas,True,True,4
9993,0,2,5,91,70,161,1562,22.3,0.0,0,True,True,42,ambas,True,True,4
9993,0,2,5,81,146,227,2165,22.4,52.3,26,True,True,42,ambas,True,True,4
9993,0,2,5,71,130,201,2487,22.4,0.0,26,True,True,42,ambas,True,True,4
9993,0,2,5,62,122,184,1182,21.3,24.9,38,True,True,42,ambas,True,True,4
9993,0,2,5,50,100,150,1458,21.2,0.0,38,True,True,42,ambas,True,True,4
9993,0,2,5,42,81,123,1584,19.9,8.1,42,True,True,42,ambas,True,True,4
9993,0,1,6,42,67,109,1766,21.1,0.0,42,True,True,42,ambas,True,True,4
9993,0,1,6,37,54,91,1735,21.1,0.4,42,True,True,42,ambas,True,True,4
9993,0,0,7,36,48,84,1671,23.0,0.0,42,True,True,42,ambas,True,True,4
9993,0,0,7,35,44,79,1745,22.4,0.0,16,True,True,42,ambas,True,True,4
9993,0,0,7,33,44,77,743,21.6,9.9,20,True,True,42,ambas,True,True,4
9993,0,0,7,32,32,64,790,21.2,0.8,8,True,True,42,ambas,True,True,4
9993,0,0,7,32,118,150,1241,20.1,50.0,33,True,True,42,ambas,True,True,4
9993,0,0,7,35,106,141,1404,19.9,7.5,32,True,True,42,ambas,True,True,4
9993,0,0,7,29,91,120,1725,19.6,21.2,42,True,True,42,ambas,True,True,4
9993,0,0,7,30,79,109,1622,21.3,0.0,42,True,True,42,ambas,True,True,4
9993,0,0,7,33,76,109,1791,21.0,2.4,42,True,True,42,ambas,True,True,4
9993,0,0,7,42,75,117,838,22.8,0.0,42,True,True,42,ambas,True,True,4
9993,0,0,7,49,70,119,1112,22.9,0.0,38,True,True,42,ambas,True,True,4
9993,0,0,7,42,61,103,1290,20.7,5.5,40,True,True,42,ambas,True,True,4
9993,0,0,7,40,49,89,1411,21.7,2.0,15,True,True,42,ambas,True,True,4
9993,0,0,7,36,43,79,1244,21.2,1.0,12,True,True,42,ambas,True,True,4
9993,0,0,7,33,40,73,1113,23.2,0.0,2,True,True,42,ambas,True,True,4
9993,0,0,7,37,31,68,1057,22.7,7.2,5,True,True,42,ambas,True,True,4
9993,0,0,7,32,22,54,426,21.7,2.0,5,True,True,42,ambas,True,True,4
9993,0,0,7,30,20,50,515,20.6,10.9,10,True,True,42,ambas,True,True,4
9993,0,0,7,34,24,58,583,20.8,1.2,10,True,True,42,ambas,True,True,4
9993,0,0,7,31,26,57,624,22.5,0.0,8,True,True,42,ambas,True,True,4
9993,0,0,7,33,25,58,675,22.8,5.8,10,True,True,42,ambas,True,True,4
9993,0,0,7,29,22,51,722,21.4,16.4,18,True,True,42,ambas,True,True,4
9993,0,0,7,28,19,47,857,21.5,7.8,21,True,True,42,ambas,True,True,4
9993,0,0,7,26,16,42,405,22.8,0.0,18,True,True,42,ambas,True,True,4
9993,0,0,7,28,94,122,887,20.5,49.0,42,True,True,42,ambas,True,True,4
9993,0,0,7,25,79,104,1077,20.5,8.9,41,True,True,42,ambas,True,True,4
9993,0,0,7,20,69,89,1214,21.3,8.3,45,True,True,42,ambas,True,True,4
9993,0,0,7,19,63,82,1230,20.0,18.6,54,True,True,42,ambas,True,True,4
9993,0,0,7,20,52,72,1108,20.5,8.3,56,True,True,42,ambas,True,True,4
9993,0,0,7,23,49,72,1145,20.6,5.0,50,True,True,42,ambas,True,True,4
9993,0,0,7,22,42,64,621,21.6,0.8,47,True,True,42,ambas,True,True,4
9993,0,0,7,21,33,54,723,20.7,5.1,49,True,True,42,ambas,True,True,4
9993,0,0,7,21,22,43,692,20.2,14.0,32,True,True,42,ambas,True,True,4
9993,0,0,7,20,19,39,721,20.4,3.3,28,True,True,42,ambas,True,True,4
9993,0,0,7,13,18,31,682,21.8,0.0,24,True,True,42,ambas,True,True,4
9993,0,0,7,14,12,26,645,21.1,0.0,15,True,True,42,ambas,True,True,4
9993,0,0,7,14,10,24,645,22.1,4.1,11,True,True,42,ambas,True,True,4
9993,0,0,7,10,9,19,250,21.1,11.0,14,True,True,42,ambas,True,True,4
9993,0,0,7,10,7,17,308,21.4,0.8,14,True,True,42,ambas,True,True,4
9993,0,0,7,14,8,22,357,21.7,0.3,12,True,True,42,ambas,True,True,4
9993,0,0,7,18,10,28,385,20.9,17.0,13,True,True,42,ambas,True,True,4
9993,0,0,7,15,8,23,425,22.7,0.0,13,True,True,42,ambas,True,True,4
9993,0,0,7,13,8,21,526,21.0,1.5,13,True,True,42,ambas,True,True,4
9994,0,0,6,17,8,25,492,22.6,0.0,13,True,True,42,ambas,True,True,4
9994,0,0,6,19,8,27,141,21.8,4.3,13,True,True,42,ambas,True,True,4
9994,0,0,6,21,94,115,419,22.6,50.0,33,True,True,42,ambas,True,True,4
9994,0,0,6,19,75,94,657,21.4,3.9,33,True,True,42,ambas,True,True,4
9994,0,0,6,17,60,77,808,21.7,2.4,33,True,True,42,ambas,True,True,4
9994,0,0,6,13,49,62,915,23.9,0.0,25,True,True,42,ambas,True,True,4
9994,0,0,6,14,41,55,897,21.7,4.5,25,True,True,42,ambas,True,True,4
9994,0,0,6,12,36,48,838,22.8,1.0,25,True,True,42,ambas,True,True,4
9994,0,0,6,12,30,42,349,22.3,7.1,28,True,True,42,ambas,True,True,4
9994,0,0,6,12,25,37,442,21.6,0.0,28,True,True,42,ambas,True,True,4
9994,0,0,6,9,21,30,469,20.8,13.9,9,True,True,42,ambas,True,True,4
9994,0,0,6,8,22,30,528,21.2,15.5,16,True,True,42,ambas,True,True,4
9994,0,0,6,9,17,26,526,22.0,0.8,16,True,True,42,ambas,True,True,4
9994,0,0,6,11,14,25,545,21.8,0.0,16,True,True,42,ambas,True,True,4
9994,0,0,6,9,12,21,490,22.1,3.0,16,True,True,42,ambas,True,True,4
9994,0,0,6,9,13,22,282,21.9,19.7,25,True,False,42,ambas,True,True,4
9994,0,0,6,12,20,32,327,21.7,11.8,27,True,False,42,ambas,True,True,4
9994,0,0,6,16,111,127,634,21.3,61.0,56,True,False,42,ambas,True,True,4
9994,0,0,6,24,105,129,1005,21.4,4.0,50,True,False,42,ambas,True,True,4
9994,0,0,6,22,96,118,1175,22.7,0.0,43,True,False,42,ambas,True,True,4
9994,0,0,6,23,91,114,1190,21.2,19.1,52,True,False,42,ambas,True,True,4
9994,0,0,6,20,87,107,1276,22.2,8.9,56,True,False,42,ambas,True,True,4
9994,0,0,6,19,90,109,649,21.6,23.7,67,True,False,42,ambas,True,True,4
9994,0,0,6,20,84,104,938,23.0,0.0,58,True,False,42,ambas,True,True,4
9994,0,0,6,21,82,103,1066,23.2,0.0,54,True,False,42,ambas,True,True,4
9994,0,0,6,20,74,94,1235,21.8,4.7,24,True,False,42,ambas,True,True,4
9994,0,0,6,18,67,85,1171,21.7,1.7,24,True,False,42,ambas,True,True,4
9994,0,0,6,17,151,168,1420,23.3,52.3,50,True,False,42,ambas,True,True,4
9994,0,0,6,15,136,151,1760,23.2,0.0,41,True,False,42,ambas,True,True,4
9994,0,0,6,16,127,143,854,22.4,8.7,41,True,False,42,ambas,True,True,4
9994,0,0,6,18,120,138,1172,20.4,2.0,30,True,False,42,ambas,True,True,4
9993,1,0,6,15,113,128,1345,21.5,4.1,30,True,False,42,ambas,True,True,4
9993,1,0,6,17,103,120,1565,19.4,0.0,30,True,False,42,ambas,True,True,4
9993,1,0,6,22,103,125,1924,20.3,19.1,39,True,False,42,ambas,True,True,4
9993,1,0,6,29,137,166,2081,20.2,37.1,57,True,False,42,ambas,True,True,4
9993,0,1,6,33,151,184,2193,19.0,31.1,46,True,False,42,ambas,True,True,4
9993,0,1,6,32,143,175,1051,20.3,1.8,46,True,False,42,ambas,True,True,4
9993,0,1,6,43,134,177,1460,21.9,0.0,42,True,False,42,ambas,True,True,4
9993,0,1,6,40,127,167,1859,19.7,4.7,42,True,False,42,ambas,True,True,4
9993,0,1,6,40,117,157,1817,21.0,8.6,46,True,False,42,ambas,True,True,4
9993,0,1,6,39,107,146,1958,22.9,0.0,46,True,False,42,ambas,True,True,4
9993,0,1,6,40,101,141,2211,20.6,2.0,37,True,False,42,ambas,True,True,4
9993,0,1,6,43,94,137,2140,21.3,3.9,19,True,False,42,ambas,True,True,4
9993,0,0,7,50,92,142,973,22.5,2.0,4,True,False,42,ambas,True,True,4
9993,0,0,7,47,87,134,1243,22.4,8.9,8,True,False,42,ambas,True,True,4
9993,0,0,7,56,84,140,1545,22.5,0.0,8,True,False,42,ambas,True,True,4
9993,0,0,7,53,82,135,1662,22.8,0.0,8,True,False,42,ambas,True,True,4
9993,0,0,7,58,78,136,1781,22.9,2.2,4,True,False,42,ambas,True,True,4
9993,0,0,7,52,73,125,1707,22.0,2.0,4,True,False,42,ambas,True,True,4
9994,0,0,6,54,71,125,1702,20.7,4.1,4,True,False,42,ambas,True,True,4
9994,0,0,6,57,67,124,866,19.9,1.4,4,True,False,42,ambas,True,True,4
9995,0,0,5,63,60,123,1261,21.1,0.5,4,True,False,42,ambas,True,True,4
9995,0,0,5,59,57,116,1419,21.8,7.1,3,True,False,42,ambas,True,True,4
9995,0,0,5,56,55,111,1297,22.2,0.3,3,True,False,42,ambas,True,True,4
9995,0,0,5,50,47,97,1608,21.7,10.9,8,True,False,42,ambas,True,True,4
9995,0,0,5,48,46,94,1715,22.0,5.1,10,True,False,42,ambas,True,True,4
9995,0,0,5,48,43,91,1733,21.8,5.3,12,True,False,42,ambas,True,True,4
9995,0,0,5,49,45,94,857,22.3,0.0,12,True,False,42,ambas,True,True,4
9995,0,0,5,51,46,97,1169,21.5,3.0,12,True,False,42,ambas,True,True,4
9995,0,0,5,49,43,92,1280,23.3,2.0,12,True,False,42,ambas,True,True,4
9995,0,0,5,46,42,88,1356,22.6,1.0,9,True,False,42,ambas,True,True,4
9995,0,0,5,48,39,87,1290,21.2,0.0,9,True,False,42,ambas,True,True,4
9995,0,0,5,49,36,85,1219,20.7,6.9,7,True,False,42,ambas,True,True,4
9995,0,0,5,49,34,83,1317,22.2,0.0,5,True,False,42,ambas,True,True,4
9995,0,0,5,52,33,85,550,21.5,3.2,3,True,False,42,ambas,True,True,4
9995,0,0,5,53,35,88,676,22.2,7.0,6,True,False,42,ambas,True,True,4
9995,0,0,5,54,34,88,793,23.9,0.5,6,True,False,42,ambas,True,True,4
9995,0,0,5,49,33,82,895,22.5,7.9,9,True,False,42,ambas,True,True,4
9995,0,0,5,51,31,82,984,20.5,6.0,12,True,False,42,ambas,True,True,4
9995,0,0,5,49,29,78,1053,21.1,0.0,12,True,False,42,ambas,True,True,4
9995,0,0,5,48,26,74,1048,21.8,1.0,9,True,False,42,ambas,True,True,4
9995,0,0,5,49,25,74,405,22.1,0.0,9,True,False,42,ambas,True,True,4
9995,0,0,5,47,26,73,618,20.7,15.3,16,True,False,42,ambas,True,True,4
9995,0,0,5,46,26,72,729,22.7,0.8,13,True,False,42,ambas,True,True,4
9995,0,0,5,43,24,67,833,21.9,1.0,13,True,False,42,ambas,True,True,4
9995,0,0,5,39,22,61,917,22.1,0.3,10,True,False,42,ambas,True,True,4
9995,0,0,5,39,24,63,981,20.6,18.2,16,True,False,42,ambas,True,True,4
9995,0,0,5,40,19,59,954,20.7,1.0,16,True,False,42,ambas,True,True,4
9995,0,0,5,41,17,58,478,20.5,10.9,21,True,False,42,ambas,True,True,4
9995,0,0,5,40,18,58,581,20.4,1.7,21,True,False,42,ambas,True,True,4
9995,0,0,5,43,17,60,783,20.8,8.7,18,True,False,42,ambas,True,True,4
9995,0,0,5,43,17,60,890,21.5,0.3,18,True,False,42,ambas,True,True,4
9995,0,0,5,41,15,56,1033,19.9,6.0,21,True,False,42,ambas,True,True,4
9995,0,0,5,39,13,52,1023,20.0,14.3,28,True,False,42,ambas,True,True,4
9996,0,0,4,40,28,68,1062,20.3,25.5,31,True,False,42,ambas,True,True,4
9996,0,0,4,39,43,82,498,20.3,26.8,44,True,False,42,ambas,True,True,4
9996,0,0,4,36,41,77,573,21.6,0.0,39,True,False,42,ambas,True,True,4
9996,0,0,4,39,43,82,682,20.6,20.2,49,True,False,42,ambas,True,True,4
9996,0,0,4,38,40,78,824,20.5,10.9,50,True,False,42,ambas,True,True,4
9996,0,0,4,40,38,78,986,19.7,5.0,52,True,False,42,ambas,True,True,4
9996,0,0,4,41,35,76,1058,20.6,11.8,54,True,False,42,ambas,True,True,4
9996,0,0,4,43,34,77,1212,19.1,10.4,52,True,False,42,ambas,True,True,4
9996,0,0,4,40,27,67,479,19.9,13.5,46,True,False,42,ambas,True,True,4
9996,0,0,4,36,26,62,579,20.2,0.0,33,True,False,42,ambas,True,True,4
9996,0,0,4,33,23,56,702,20.4,1.0,33,True,False,42,ambas,True,True,4
9996,0,0,4,34,22,56,747,20.0,4.1,23,True,False,42,ambas,True,True,4
9996,0,0,4,35,19,54,727,21.2,2.3,18,True,False,42,ambas,True,True,4
9996,0,0,4,36,16,52,765,22.6,1.0,16,True,False,42,ambas,True,True,4
9996,0,0,4,37,13,50,870,21.1,4.1,11,True,False,42,ambas,True,True,4
9996,0,0,4,41,13,54,431,19.8,5.1,8,True,False,42,ambas,True,True,4
9996,0,0,4,39,14,53,460,20.6,6.1,5,True,False,42,ambas,True,True,4
9996,0,0,4,35,14,49,512,20.0,10.6,10,True,False,42,ambas,True,True,4
9996,0,0,4,36,11,47,510,21.6,0.0,10,True,False,42,ambas,True,True,4
9996,0,0,4,38,12,50,626,21.4,0.5,10,True,False,42,ambas,True,True,4
9997,0,0,3,36,12,48,679,21.0,8.3,14,True,False,42,ambas,True,True,4
9997,0,0,3,39,23,62,799,20.7,24.7,26,True,False,42,ambas,True,True,4
9997,0,0,3,41,22,63,306,21.1,10.7,31,True,False,42,ambas,True,True,4
9997,0,0,3,36,19,55,412,22.8,1.4,29,True,False,42,ambas,True,True,4
9997,0,0,3,38,19,57,447,22.7,0.6,26,True,False,42,ambas,True,True,4
9997,0,0,3,44,20,64,545,21.4,10.5,26,True,False,42,ambas,True,True,4
9997,0,0,3,44,19,63,616,21.9,9.8,30,True,False,42,ambas,True,True,4
9997,0,0,3,44,18,62,645,22.7,5.1,32,True,False,42,ambas,True,True,4
9998,0,0,2,45,15,60,700,20.5,3.8,28,True,False,42,ambas,True,True,4
9998,0,0,2,47,15,62,341,21.9,1.2,16,True,False,42,ambas,True,True,4
9998,0,0,2,50,15,65,513,22.6,3.2,11,True,False,42,ambas,True,True,4
9998,0,0,2,50,15,65,654,20.3,12.4,17,True,False,42,ambas,True,True,4
9998,0,0,2,46,44,90,882,20.8,33.8,33,True,False,42,ambas,True,True,4
9998,0,0,2,38,41,79,1070,20.8,4.9,28,True,False,42,ambas,True,True,4
9998,0,0,2,37,37,74,1184,21.5,5.5,26,True,False,42,ambas,True,True,4
9998,0,0,2,35,35,70,1261,22.6,2.5,24,True,False,42,ambas,True,True,4
9998,0,0,2,35,32,67,594,22.9,9.7,28,True,False,42,ambas,True,True,4
9998,0,0,2,36,32,68,679,21.3,1.0,28,True,False,42,ambas,True,True,4
9998,0,0,2,35,31,66,753,21.7,0.5,28,True,False,42,ambas,True,True,4
9998,0,0,2,38,30,68,875,21.2,0.5,22,True,False,42,ambas,True,True,4
9998,0,0,2,44,28,72,925,22.4,0.0,6,True,False,42,ambas,True,True,4
9998,0,0,2,44,25,69,895,21.9,3.0,6,True,False,42,ambas,True,True,4
9998,0,0,2,42,25,67,860,21.8,2.0,4,True,False,42,ambas,True,True,4
9998,0,0,2,40,24,64,376,22.0,0.0,4,True,False,42,ambas,True,True,4
9998,0,0,2,40,22,62,406,22.3,0.5,0,True,False,42,ambas,True,True,4
9998,0,0,2,40,21,61,575,21.6,0.5,0,True,False,42,ambas,True,True,4
9998,0,0,2,35,17,52,620,20.6,4.1,0,True,False,42,ambas,True,True,4
9998,0,0,2,34,18,52,602,20.2,16.6,8,True,False,42,ambas,True,True,4
9998,0,0,2,31,18,49,589,21.1,14.0,15,True,False,42,ambas,True,True,4
9998,0,0,2,29,19,48,671,21.4,1.3,15,True,False,42,ambas,True,True,4
9998,0,0,2,27,19,46,294,23.3,0.0,15,True,False,42,ambas,True,True,4
9998,0,0,2,23,19,42,448,22.7,0.0,15,True,False,42,ambas,True,True,4
9998,0,0,2,22,15,37,476,22.2,2.0,15,True,False,42,ambas,True,True,4
9998,0,0,2,20,14,34,502,21.7,1.0,15,True,False,42,ambas,True,True,4
9998,0,0,2,19,13,32,507,21.1,7.1,18,True,False,42,ambas,True,True,4
9998,0,0,2,17,14,31,494,21.3,11.7,15,True,False,42,ambas,True,True,4
9998,0,0,2,19,12,31,494,22.0,6.1,11,True,False,42,ambas,True,True,4
9998,0,0,2,23,23,46,171,21.0,25.9,23,True,False,42,ambas,True,True,4
9998,0,0,2,24,20,44,323,21.1,2.4,23,True,False,42,ambas,True,True,4
9998,0,0,2,29,14,43,397,22.9,0.0,23,True,False,42,ambas,True,True,4
9998,0,0,2,30,12,42,462,23.2,1.7,23,True,False,42,ambas,True,True,4
9998,0,0,2,28,12,40,523,21.3,5.6,25,True,False,42,ambas,True,True,4
9998,0,0,2,27,11,38,517,21.6,3.6,22,True,False,42,ambas,True,True,4
9998,0,0,2,29,13,42,585,22.3,16.9,25,True,False,42,ambas,True,True,4
9998,0,0,2,29,12,41,258,21.7,0.0,22,True,False,42,ambas,True,True,4
9998,0,0,2,27,14,41,294,21.4,14.9,17,True,False,42,ambas,True,True,4
9998,0,0,2,23,13,36,368,21.4,8.6,21,True,False,42,ambas,True,True,4
9998,0,0,2,21,15,36,461,20.4,18.0,30,True,False,42,ambas,True,True,4
9998,0,0,2,20,14,34,568,20.6,0.0,30,True,False,42,ambas,True,True,4
9999,0,0,1,18,14,32,527,21.7,0.4,28,True,False,42,ambas,True,True,4
9999,0,0,1,19,11,30,597,22.1,2.3,28,True,False,42,ambas,True,True,4
9999,0,0,1,19,12,31,253,22.7,5.9,22,True,False,42,ambas,True,True,4
9999,0,0,1,21,12,33,289,20.8,7.1,25,True,False,42,ambas,True,True,4
9999,0,0,1,21,13,34,364,21.1,0.0,18,True,False,42,ambas,True,True,4
9999,0,0,1,24,12,36,383,21.1,6.5,17,True,False,42,ambas,True,True,4
9999,0,0,1,27,12,39,551,21.4,9.5,12,True,False,42,ambas,True,True,4
9999,0,0,1,28,12,40,640,22.2,1.4,12,True,False,42,ambas,True,True,4
9999,0,0,1,30,10,40,663,21.6,2.5,12,True,False,42,ambas,True,True,4
9999,0,0,1,28,8,36,281,21.1,6.3,15,True,False,42,ambas,True,True,4
9999,0,0,1,29,8,37,387,21.8,0.0,13,True,False,42,ambas,True,True,4
9999,0,0,1,32,8,40,474,20.2,3.3,10,True,False,42,ambas,True,True,4
9999,0,0,1,34,7,41,437,21.7,0.0,10,True,False,42,ambas,True,True,4
9999,0,0,1,39,7,46,457,22.3,5.4,9,True,False,42,ambas,True,True,4
9999,0,0,1,34,8,42,484,22.2,14.0,12,True,False,42,ambas,True,True,4
9999,0,0,1,31,8,39,539,21.8,0.0,12,True,False,42,ambas,True,True,4
9999,0,0,1,26,7,33,309,21.3,3.4,12,True,False,42,ambas,True,True,4
9999,0,0,1,29,6,35,334,21.4,8.9,13,True,False,42,ambas,True,True,4
9999,0,0,1,31,6,37,461,21.7,7.7,16,True,False,42,ambas,True,True,4
9999,0,0,1,31,6,37,468,22.2,1.4,16,True,False,42,ambas,True,True,4
9999,0,0,1,31,7,38,542,22.4,1.7,16,True,False,42,ambas,True,True,4
9999,0,0,1,30,6,36,559,20.7,6.7,17,True,False,42,ambas,True,True,4
9999,0,0,1,32,6,38,576,22.5,1.9,10,True,False,42,ambas,True,True,4
9999,0,0,1,33,5,38,329,23.3,0.0,10,True,False,42,ambas,True,True,4
9999,0,0,1,29,5,34,374,22.2,14.0,17,True,False,42,ambas,True,True,4
9999,0,0,1,31,5,36,443,22.1,0.0,13,True,False,42,ambas,True,True,4
9999,0,0,1,30,28,58,577,21.0,31.0,25,True,False,42,ambas,True,True,4
9999,0,0,1,29,27,56,686,22.0,0.0,25,True,False,42,ambas,True,True,4
9999,0,0,1,31,26,57,731,21.0,3.9,25,True,False,42,ambas,True,True,4
9999,0,0,1,29,27,56,739,21.9,13.6,28,True,False,42,ambas,True,True,4
9999,0,0,1,32,33,65,339,20.5,22.6,39,True,False,42,ambas,True,True,4
9999,0,0,1,30,39,69,459,20.5,24.8,51,True,False,42,ambas,True,True,4
9999,0,0,1,32,37,69,614,20.8,7.7,47,True,False,42,ambas,True,True,4
9999,0,0,1,32,35,67,795,20.6,1.2,47,True,False,42,ambas,True,True,4
9999,0,0,1,34,30,64,993,21.7,11.2,37,True,False,42,ambas,True,True,4
9999,0,0,1,37,30,67,1048,20.4,18.0,46,True,False,42,ambas,True,True,4
9999,0,0,1,38,29,67,1071,20.6,4.9,46,True,False,42,ambas,True,True,4
9999,0,0,1,36,24,60,442,21.5,2.0,40,True,False,42,ambas,True,True,4
9999,0,0,1,37,23,60,571,20.7,0.0,29,True,False,42,ambas,True,True,4
9999,0,0,1,35,18,53,636,22.4,0.0,17,True,False,42,ambas,True,True,4
9999,0,0,1,34,16,50,667,22.3,0.0,14,True,False,42,ambas,True,True,4
9999,0,0,1,34,15,49,654,21.9,0.0,14,True,False,42,ambas,True,True,4
9999,0,0,1,33,12,45,659,21.3,6.4,12,True,False,42,ambas,True,True,4
9999,0,0,1,32,11,43,638,19.9,7.2,6,True,False,42,ambas,True,True,4
9999,0,0,1,33,10,43,313,19.8,2.4,6,True,False,42,ambas,True,True,4
9999,0,0,1,31,10,41,384,20.5,0.0,6,True,False,42,ambas,True,True,4
9999,0,0,1,31,8,39,366,21.3,1.7,6,True,False,42,ambas,True,True,4
9999,0,0,1,30,10,40,403,22.6,3.3,6,True,False,42,ambas,True,True,4
9999,0,0,1,31,14,45,410,21.0,0.5,6,True,False,42,ambas,True,True,4
9999,0,0,1,33,11,44,419,20.4,0.0,6,True,False,42,ambas,True,True,4
9999,0,0,1,33,9,42,386,20.8,1.7,3,True,False,42,ambas,True,True,4
9999,0,0,1,31,9,40,156,21.6,6.1,3,True,False,42,ambas,True,True,4
9999,0,0,1,30,9,39,192,19.7,7.3,6,True,False,42,ambas,True,True,4
9999,0,0,1,27,54,81,513,21.1,39.1,25,True,False,42,ambas,True,True,4
9999,0,0,1,26,51,77,656,21.9,0.0,25,True,False,42,ambas,True,True,4
9999,0,0,1,26,45,71,635,21.4,0.0,25,True,False,42,ambas,True,True,4
9999,0,0,1,26,39,65,733,20.7,9.9,29,True,False,42,ambas,True,True,4
9999,0,0,1,27,38,65,720,20.2,7.4,32,True,False,42,ambas,True,True,4
9999,0,0,1,24,36,60,343,21.5,4.7,32,True,False,42,ambas,True,True,4
9999,0,0,1,22,31,53,546,22.1,13.7,35,True,False,42,ambas,True,True,4
9999,0,0,1,23,24,47,610,21.7,12.1,38,True,False,42,ambas,True,True,4
9999,0,0,1,21,29,50,645,20.8,21.8,29,True,False,42,ambas,True,True,4
9999,0,0,1,19,78,97,746,20.6,38.6,48,True,False,42,ambas,True,True,4
9999,0,0,1,19,68,87,805,20.6,0.0,48,True,False,42,ambas,True,True,4
9999,0,0,1,20,66,86,967,20.8,11.1,49,True,False,42,ambas,True,True,4
9999,0,0,1,19,57,76,405,21.0,0.0,46,True,False,42,ambas,True,True,4
9999,0,0,1,17,54,71,543,20.5,7.7,49,True,False,42,ambas,True,True,4
9999,0,0,1,16,47,63,736,21.6,6.1,46,True,False,42,ambas,True,True,4
9999,0,0,1,19,46,65,771,19.9,9.5,44,True,False,42,ambas,True,True,4
9999,0,0,1,20,40,60,898,19.9,13.5,40,True,False,42,ambas,True,True,4
9999,0,0,1,20,37,57,989,19.5,5.9,23,True,False,42,ambas,True,True,4
9999,0,0,1,25,38,63,1112,20.6,2.0,23,True,False,42,ambas,True,True,4
9999,0,0,1,22,33,55,503,19.6,2.3,18,True,False,42,ambas,True,True,4
9999,0,0,1,23,31,54,672,20.5,0.0,18,True,False,42,ambas,True,True,4
9999,0,0,1,24,26,50,840,21.2,0.0,15,True,False,42,ambas,True,True,4
9999,0,0,1,23,25,48,833,21.6,3.1,12,True,False,42,ambas,True,True,4
9999,0,0,1,23,23,46,902,22.3,1.8,8,True,False,42,ambas,True,True,4
9999,0,0,1,23,20,43,848,20.4,12.2,8,True,False,42,ambas,True,True,4
9999,0,0,1,23,15,38,804,21.8,3.6,6,True,False,42,ambas,True,True,4
9999,0,0,1,26,15,41,304,21.1,6.7,9,True,False,42,ambas,True,True,4
9999,0,0,1,25,13,38,400,21.2,8.1,13,True,False,42,ambas,True,True,4
9999,0,0,1,28,13,41,464,21.3,3.6,13,True,False,42,ambas,True,True,4
9999,0,0,1,31,13,44,520,21.2,11.5,18,True,False,42,ambas,True,True,4
9999,0,0,1,32,22,54,616,21.3,26.0,31,True,False,42,ambas,True,True,4
9999,0,0,1,30,22,52,779,20.4,18.5,40,True,False,42,ambas,True,True,4
9999,0,0,1,34,22,56,954,20.4,15.2,41,True,False,42,ambas,True,True,4
9999,0,0,1,35,61,96,547,21.3,35.2,58,True,False,42,ambas,True,True,4
9999,0,0,1,33,58,91,665,20.6,11.9,60,True,False,42,ambas,True,True,4
9999,0,0,1,37,48,85,806,20.3,10.0,61,True,False,42,ambas,True,True,4
9999,0,0,1,39,44,83,795,21.9,0.0,61,True,False,42,ambas,True,True,4
9999,0,0,1,37,41,78,1071,22.0,7.6,59,True,False,42,ambas,True,True,4
9999,0,0,1,39,34,73,1162,21.7,0.0,46,True,False,42,ambas,True,True,4
9999,0,0,1,40,32,72,1233,19.1,1.4,37,True,False,42,ambas,True,True,4
9999,0,0,1,39,31,70,636,20.9,3.9,30,True,False,42,ambas,True,True,4
9999,0,0,1,36,30,66,762,21.6,10.1,18,True,False,42,ambas,True,True,4
9999,0,0,1,34,29,63,895,21.0,6.4,16,True,False,42,ambas,True,True,4
9999,0,0,1,36,27,63,1013,20.7,11.9,16,True,False,42,ambas,True,True,4
9999,0,0,1,36,26,62,1053,21.6,10.1,21,True,False,42,ambas,True,True,4
9999,0,0,1,41,25,66,1066,21.5,3.2,18,True,False,42,ambas,True,True,4
9999,0,0,1,40,24,64,1181,21.2,15.0,25,True,False,42,ambas,True,True,4
9999,0,0,1,41,22,63,477,20.7,0.0,25,True,False,42,ambas,True,True,4
9999,0,0,1,39,21,60,507,21.0,7.1,28,True,False,42,ambas,True,True,4
9999,0,0,1,40,20,60,753,20.4,13.9,29,True,False,42,ambas,True,True,4
9999,0,0,1,37,18,55,761,20.9,9.7,30,True,False,42,ambas,True,True,4
9999,0,0,1,36,16,52,830,19.5,10.7,30,True,False,42,ambas,True,True,4
9999,0,0,1,40,20,60,952,20.1,3.5,25,True,False,42,ambas,True,True,4
9999,0,0,1,42,21,63,953,20.0,2.9,25,True,False,42,ambas,True,True,4
9999,0,0,1,47,20,67,468,20.9,0.0,18,True,False,42,ambas,True,True,4
9999,0,0,1,45,19,64,631,19.8,2.7,18,True,False,42,ambas,True,True,4
9999,0,0,1,53,19,72,728,20.7,6.2,18,True,False,42,ambas,True,True,4
9999,0,0,1,57,22,79,862,21.0,6.8,15,True,False,42,ambas,True,True,4
9999,0,0,1,58,20,78,959,20.8,1.8,11,True,False,42,ambas,True,True,4
9999,0,0,1,59,19,78,927,18.9,0.8,6,True,False,42,ambas,True,True,4
9999,0,0,1,61,18,79,981,20.5,0.0,6,True,False,42,ambas,True,True,4
9999,0,0,1,58,17,75,316,20.2,2.7,6,True,False,42,ambas,True,True,4
9999,0,0,1,53,21,74,462,21.3,6.2,9,True,False,42,ambas,True,True,4
9999,0,0,1,54,18,72,675,21.4,2.0,9,True,False,42,ambas,True,True,4
9999,0,0,1,52,20,72,850,21.4,16.0,14,True,False,42,ambas,True,True,4
9999,0,0,1,51,20,71,998,21.6,0.0,11,True,False,42,ambas,True,True,4
9999,0,0,1,48,18,66,1076,21.0,0.2,11,True,False,42,ambas,True,True,4
9999,0,0,1,49,19,68,1026,22.8,0.0,11,True,False,42,ambas,True,True,4
9999,0,0,1,49,18,67,497,22.5,1.9,11,True,False,42,ambas,True,True,4
9999,0,0,1,45,17,62,634,21.6,0.0,11,True,False,42,ambas,True,True,4
9999,0,0,1,41,17,58,767,21.8,0.2,8,True,False,42,ambas,True,True,4
9999,0,0,1,39,17,56,630,20.7,0.3,8,True,False,42,ambas,True,True,4
9999,0,0,1,42,17,59,515,22.5,0.0,0,True,False,42,ambas,True,True,4
9999,0,0,1,39,16,55,486,22.4,0.5,0,True,False,42,ambas,True,True,4
9999,0,0,1,33,15,48,477,23.1,1.3,0,True,False,42,ambas,True,True,4
9999,0,0,1,33,14,47,196,22.5,0.0,0,True,False,42,ambas,True,True,4
9999,0,0,1,29,14,43,199,21.6,0.6,0,True,False,42,ambas,True,True,4
9999,0,0,1,27,13,40,301,21.6,0.2,0,True,False,42,ambas,True,True,4
9999,0,0,1,27,10,37,236,20.7,1.6,0,True,False,42,ambas,True,True,4
9999,0,0,1,26,10,36,320,21.6,0.0,0,True,False,42,ambas,True,True,4
9999,0,0,1,21,10,31,248,20.9,5.4,2,True,False,42,ambas,True,True,4
9999,0,0,1,20,9,29,227,21.9,1.9,2,True,False,42,ambas,True,True,4
9999,0,0,1,18,9,27,126,21.7,11.6,7,True,False,42,ambas,True,True,4
9998,0,2,0,2000,3000,5000,2000,25.0,0.0,0,False,False,123,sin_control,False,False,5
9998,0,2,0,1858,2788,4646,16872,21.5,2.3,0,False,False,123,sin_control,False,False,5
9998,0,2,0,1719,2575,4294,24184,22.3,0.0,0,False,False,123,sin_control,False,False,5
9998,0,2,0,1571,2380,3951,28180,22.3,0.0,0,False,False,123,sin_control,False,False,5
9997,1,2,0,1445,2212,3658,29453,21.8,0.0,0,False,False,123,sin_control,False,False,5
9995,3,2,0,1339,2033,3373,29745,21.6,0.0,0,False,False,123,sin_control,False,False,5
9995,3,2,0,1233,1876,3110,29444,19.5,0.2,0,False,False,123,sin_control,False,False,5
9995,3,2,0,1137,1731,2869,26877,20.1,1.7,0,False,False,123,sin_control,False,False,5
9994,3,1,2,1063,1609,2673,25790,21.8,0.3,0,False,False,123,sin_control,False,False,5
9994,1,3,2,964,1492,2457,24129,21.7,0.0,0,False,False,123,sin_control,False,False,5
9994,1,3,2,893,1353,2247,22267,21.0,0.0,0,False,False,123,sin_control,False,False,5
9994,1,3,2,819,1265,2085,20678,19.8,7.2,3,False,False,123,sin_control,False,False,5
9994,0,4,2,761,1160,1922,22358,21.2,8.0,7,False,False,123,sin_control,False,False,5
9994,0,4,2,718,1069,1788,23251,20.1,5.1,9,False,False,123,sin_control,False,False,5
9994,0,4,2,666,1000,1666,23100,20.6,3.5,9,False,False,123,sin_control,False,False,5
9994,0,4,2,617,938,1555,24918,21.0,1.7,9,False,False,123,sin_control,False,False,5
9994,0,3,3,624,862,1486,26112,20.8,3.8,9,False,False,123,sin_control,False,False,5
9994,0,1,5,635,798,1433,26489,21.9,0.5,9,False,False,123,sin_control,False,False,5
9994,0,1,5,666,757,1423,24661,21.3,0.3,9,False,False,123,sin_control,False,False,5
9994,0,1,5,699,720,1419,23708,21.9,0.1,6,False,False,123,sin_control,False,False,5
9993,1,0,6,731,688,1419,19781,24.0,0.0,2,False,False,123,sin_control,False,False,5
9993,1,0,6,858,665,1523,17034,23.1,0.3,0,False,False,123,sin_control,False,False,5
9993,1,0,6,906,643,1549,15355,21.4,1.6,0,False,False,123,sin_control,False,False,5
9993,1,0,6,934,623,1557,14881,22.8,0.0,0,False,False,123,sin_control,False,False,5
9993,0,1,6,932,598,1530,14853,21.2,3.8,0,False,False,123,sin_control,False,False,5
9993,0,1,6,949,565,1514,14589,22.3,0.0,0,False,False,123,sin_control,False,False,5
9993,0,1,6,945,625,1570,17425,22.4,52.3,26,False,False,123,sin_control,False,False,5
9993,0,1,6,965,584,1549,19779,22.4,0.0,26,False,False,123,sin_control,False,False,5
9993,0,1,6,962,565,1527,21480,21.3,24.9,38,False,False,123,sin_control,False,False,5
9993,0,1,6,951,534,1485,23138,21.2,0.0,38,False,False,123,sin_control,False,False,5
9992,1,1,6,939,505,1444,24152,19.9,8.1,42,False,False,123,sin_control,False,False,5
9992,1,1,6,925,476,1401,26050,21.1,0.0,42,False,False,123,sin_control,False,False,5
9992,1,0,7,913,452,1365,27383,21.1,0.4,42,False,False,123,sin_control,False,False,5
9992,1,0,7,914,442,1356,28375,23.0,0.0,42,False,False,123,sin_control,False,False,5
9992,0,1,7,944,424,1368,28443,22.4,0.0,16,False,False,123,sin_control,False,False,5
9992,0,1,7,1004,419,1423,26877,21.6,9.9,20,False,False,123,sin_control,False,False,5
9992,0,1,7,1079,414,1493,25366,21.2,0.8,8,False,False,123,sin_control,False,False,5
9991,1,1,7,1240,523,1763,27192,20.1,50.0,33,False,False,123,sin_control,False,False,5
9991,1,1,7,1481,530,2011,29728,19.9,7.5,32,False,False,123,sin_control,False,False,5
9991,1,1,7,1385,498,1883,31139,19.6,21.2,42,False,False,123,sin_control,False,False,5
9991,1,1,7,1650,506,2156,33558,21.3,0.0,42,False,False,123,sin_control,False,False,5
9992,0,2,6,1816,587,2403,36362,21.0,2.4,42,False,False,123,sin_control,False,False,5
9991,1,1,7,2025,594,2619,38771,22.8,0.0,42,False,False,123,sin_control,False,False,5
9991,1,1,7,2611,644,3255,43265,22.9,0.0,38,False,False,123,sin_control,False,False,5
9990,2,1,7,2803,640,3443,47932,20.7,5.5,40,False,False,123,sin_control,False,False,5
9990,2,1,7,3068,630,3698,52610,21.7,2.0,15,False,False,123,sin_control,False,False,5
9990,1,2,7,3285,635,3920,53301,21.2,1.0,12,False,False,123,sin_control,False,False,5
9990,1,2,7,3439,648,4087,53637,23.2,0.0,2,False,False,123,sin_control,False,False,5
9990,0,3,7,3512,637,4149,54029,22.7,7.2,5,False,False,123,sin_control,False,False,5
9990,0,2,8,3571,625,4196,55295,21.7,2.0,5,False,False,123,sin_control,False,False,5
9990,0,2,8,3600,622,4222,60930,20.6,10.9,10,False,False,123,sin_control,False,False,5
9990,0,2,8,3699,644,4343,60889,20.8,1.2,10,False,False,123,sin_control,False,False,5
9990,0,2,8,3839,633,4472,61211,22.5,0.0,8,False,False,123,sin_control,False,False,5
9990,0,2,8,3887,632,4520,66510,22.8,5.8,10,False,False,123,sin_control,False,False,5
9990,0,1,9,4097,623,4721,71185,21.4,16.4,18,False,False,123,sin_control,False,False,5
9989,1,1,9,4260,604,4865,76394,21.5,7.8,21,False,False,123,sin_control,False,False,5
9988,2,0,10,4434,609,5044,81982,22.8,0.0,18,False,False,123,sin_control,False,False,5
9988,2,0,10,4774,699,5474,86740,20.5,49.0,42,False,False,123,sin_control,False,False,5
9989,2,0,9,5134,684,5819,91737,20.5,8.9,41,False,False,123,sin_control,False,False,5
9989,1,1,9,5460,675,6136,97272,21.3,8.3,45,False,False,123,sin_control,False,False,5
9989,0,2,9,5937,672,6610,98067,20.0,18.6,54,False,False,123,sin_control,False,False,5
9989,0,2,9,6378,665,7044,100682,20.5,8.3,56,False,False,123,sin_control,False,False,5
9989,0,2,9,6826,665,7491,108914,20.6,5.0,50,False,False,123,sin_control,False,False,5
9989,0,2,9,7384,676,8060,117019,21.6,0.8,47,False,False,123,sin_control,False,False,5
9989,0,2,9,7967,682,8649,127069,20.7,5.1,49,False,False,123,sin_control,False,False,5
9989,0,2,9,7413,632,8045,134537,20.2,14.0,32,False,False,123,sin_control,False,False,5
9989,0,2,9,7869,636,8505,140546,20.4,3.3,28,False,False,123,sin_control,False,False,5
9989,0,1,10,8456,639,9095,146963,21.8,0.0,24,False,False,123,sin_control,False,False,5
9988,1,0,11,9049,631,9680,155596,21.1,0.0,15,False,False,123,sin_control,False,False,5
9988,1,0,11,9562,641,10203,164387,22.1,4.1,11,False,False,123,sin_control,False,False,5
9989,1,0,10,10177,636,10813,175439,21.1,11.0,14,False,False,123,sin_control,False,False,5
9988,2,0,10,10765,653,11418,184755,21.4,0.8,14,False,False,123,sin_control,False,False,5
9988,1,1,10,11333,739,12072,180858,21.7,0.3,12,False,False,123,sin_control,False,False,5
9988,1,1,10,11921,730,12651,193770,20.9,17.0,13,False,False,123,sin_control,False,False,5
9988,1,1,10,12546,749,13295,205834,22.7,0.0,13,False,False,123,sin_control,False,False,5
9987,1,2,10,13206,760,13968,217635,21.0,1.5,13,False,False,123,sin_control,False,False,5
9987,1,2,10,16535,791,17329,237005,22.6,0.0,13,False,False,123,sin_control,False,False,5
9987,1,2,10,17845,777,18626,241567,21.8,4.3,13,False,False,123,sin_control,False,False,5
9987,1,2,10,19097,873,19973,268396,22.6,50.0,33,False,False,123,sin_control,False,False,5
9987,0,3,10,20081,860,20945,293204,21.4,3.9,33,False,False,123,sin_control,False,False,5
9985,2,2,11,21011,872,21887,316379,21.7,2.4,33,False,False,123,sin_control,False,False,5
9985,2,2,11,21999,867,22870,341209,23.9,0.0,25,False,False,123,sin_control,False,False,5
9985,2,2,11,23302,848,24154,368665,21.7,4.5,25,False,False,123,sin_control,False,False,5
9985,2,1,12,24608,853,25465,393988,22.8,1.0,25,False,False,123,sin_control,False,False,5
9984,1,3,12,26156,854,27014,418560,22.3,7.1,28,False,False,123,sin_control,False,False,5
9984,1,3,12,27532,856,28394,410879,21.6,0.0,28,False,False,123,sin_control,False,False,5
9984,1,3,12,29064,863,29934,442269,20.8,13.9,9,False,False,123,sin_control,False,False,5
9984,1,2,13,30672,874,31553,476439,21.2,15.5,16,False,False,123,sin_control,False,False,5
9984,0,3,13,32243,866,33115,506373,22.0,0.8,16,False,False,123,sin_control,False,False,5
9984,0,3,13,33794,869,34671,541821,21.8,0.0,16,False,False,123,sin_control,False,False,5
9984,0,3,13,36446,871,37326,578878,22.1,3.0,16,False,False,123,sin_control,False,False,5
9984,0,3,13,39800,880,40688,622382,21.9,19.7,25,False,False,123,sin_control,False,False,5
9984,0,1,15,43411,987,44407,667099,21.7,11.8,27,False,False,123,sin_control,False,False,5
9985,0,1,14,46835,1088,47930,690955,21.3,61.0,57,False,False,123,sin_control,False,False,5
9985,0,1,14,49914,1061,50980,716673,21.4,4.0,51,False,False,123,sin_control,False,False,5
9985,0,1,14,52887,1073,53964,778000,22.7,0.0,44,False,False,123,sin_control,False,False,5
9985,0,0,15,56228,1088,57320,805153,21.2,19.1,53,False,False,123,sin_control,False,False,5
9984,1,0,15,59008,1086,60098,836145,22.2,8.9,57,False,False,123,sin_control,False,False,5
9984,1,0,15,61618,1088,62708,874277,21.6,23.7,68,False,False,123,sin_control,False,False,5
9984,1,0,15,64500,1075,65577,907529,23.0,0.0,59,False,False,123,sin_control,False,False,5
9984,1,0,15,67360,1048,68410,985670,23.2,0.0,54,False,False,123,sin_control,False,False,5
9984,0,1,15,70577,1038,71617,1065165,21.8,4.7,24,False,False,123,sin_control,False,False,5
9983,1,1,15,73667,1024,74698,1140337,21.7,1.7,24,False,False,123,sin_control,False,False,5
9983,1,1,15,77499,1121,78627,1216514,23.3,52.3,50,False,False,123,sin_control,False,False,5
9983,1,1,15,81495,1114,82619,1293360,23.2,0.0,41,False,False,123,sin_control,False,False,5
9982,2,1,15,86303,1123,87439,1376958,22.4,8.7,41,False,False,123,sin_control,False,False,5
9982,1,2,15,91359,1109,92480,1454404,20.4,2.0,30,False,False,123,sin_control,False,False,5
9982,1,2,15,97975,1179,99168,1547360,21.5,4.1,30,False,False,123,sin_control,False,False,5
9982,1,2,15,105511,1195,106716,1647929,19.4,0.0,30,False,False,123,sin_control,False,False,5
9982,0,2,16,113175,1198,114389,1761360,20.3,19.1,39,False,False,123,sin_control,False,False,5
9982,0,2,16,122103,1265,123382,1881490,20.2,37.1,57,False,False,123,sin_control,False,False,5
9982,0,2,16,132296,1276,133586,1931626,19.0,31.1,46,False,False,123,sin_control,False,False,5
9982,0,2,16,143065,1310,144390,2087441,20.3,1.8,46,False,False,123,sin_control,False,False,5
9983,0,2,15,154668,1317,156005,2261872,21.9,0.0,42,False,False,123,sin_control,False,False,5
9983,0,1,16,143028,1230,144278,2395498,19.7,4.7,42,False,False,123,sin_control,False,False,5
9983,0,1,16,152046,1214,153282,2409644,21.0,8.6,46,False,False,123,sin_control,False,False,5
9983,0,1,16,160566,1209,161798,2557637,22.9,0.0,46,False,False,123,sin_control,False,False,5
9983,0,0,17,169042,1218,170282,2708578,20.6,2.0,37,False,False,123,sin_control,False,False,5
9982,1,0,17,177892,1360,179268,2657205,21.3,3.9,19,False,False,123,sin_control,False,False,5
9981,2,0,17,185264,1353,186631,2654275,22.5,2.0,4,False,False,123,sin_control,False,False,5
9981,2,0,17,191528,1339,192878,2866203,22.4,8.9,8,False,False,123,sin_control,False,False,5
9980,3,0,17,197922,1319,199250,3064959,22.5,0.0,8,False,False,123,sin_control,False,False,5
9980,2,1,17,206030,1314,207351,3022342,22.8,0.0,8,False,False,123,sin_control,False,False,5
9980,1,2,17,241590,1384,242982,3085097,22.9,2.2,4,False,False,123,sin_control,False,False,5
9980,1,2,17,250964,1440,252419,3185404,22.0,2.0,4,False,False,123,sin_control,False,False,5
9980,0,3,17,260964,1442,262419,3294993,20.7,4.1,4,False,False,123,sin_control,False,False,5
9980,0,3,17,269570,1433,271016,3409588,19.9,1.4,4,False,False,123,sin_control,False,False,5
9980,0,3,17,277339,1406,278766,3526743,21.1,0.5,4,False,False,123,sin_control,False,False,5
9980,0,3,17,280503,1345,281873,3633055,21.8,7.1,3,False,False,123,sin_control,False,False,5
9979,1,3,17,283555,1311,284903,3712716,22.2,0.3,3,False,False,123,sin_control,False,False,5
9979,1,2,18,285830,1281,287148,4068348,21.7,10.9,8,False,False,123,sin_control,False,False,5
9978,2,1,19,288886,1261,290186,4386289,22.0,5.1,10,False,False,123,sin_control,False,False,5
9978,2,1,19,295054,1239,296330,4674975,21.8,5.3,12,False,False,123,sin_control,False,False,5
9976,3,1,20,305574,1196,306801,4942688,22.3,0.0,12,False,False,123,sin_control,False,False,5
9976,3,1,20,316042,1176,317250,5202727,21.5,3.0,12,False,False,123,sin_control,False,False,5
9977,2,2,19,326795,1168,327990,5455670,23.3,2.0,12,False,False,123,sin_control,False,False,5
9977,2,2,19,341096,1175,342299,5709369,22.6,1.0,9,False,False,123,sin_control,False,False,5
9977,0,4,19,366220,1177,367424,5578254,21.2,0.0,9,False,False,123,sin_control,False,False,5
9977,0,4,19,391579,1185,392795,5549342,20.7,6.9,7,False,False,123,sin_control,False,False,5
9977,0,4,19,416755,1201,417998,5605270,22.2,0.0,5,False,False,123,sin_control,False,False,5
9977,0,4,19,441895,1228,443181,5736522,21.5,3.2,3,False,False,123,sin_control,False,False,5
9977,1,3,19,466566,1225,467860,5905406,22.2,7.0,6,False,False,123,sin_control,False,False,5
9976,2,3,19,490535,1241,491845,6129529,23.9,0.5,6,False,False,123,sin_control,False,False,5
9976,2,2,20,512456,1222,513747,6819135,22.5,7.9,9,False,False,123,sin_control,False,False,5
9976,2,2,20,533669,1235,534966,7484386,20.5,6.0,12,False,False,123,sin_control,False,False,5
9976,1,1,22,554221,1218,555500,7556217,21.1,0.0,12,False,False,123,sin_control,False,False,5
9976,0,2,22,569770,1202,571022,8229554,21.8,1.0,9,False,False,123,sin_control,False,False,5
9976,0,2,22,584988,1196,586232,8227896,22.1,0.0,9,False,False,123,sin_control,False,False,5
9975,1,2,22,596045,1167,597254,8885450,20.7,15.3,16,False,False,123,sin_control,False,False,5
9976,1,2,21,607885,1141,609085,9469825,22.7,0.8,13,False,False,123,sin_control,False,False,5
9976,1,2,21,620946,1116,622133,9313371,21.9,1.0,13,False,False,123,sin_control,False,False,5
9976,1,2,21,637837,1107,639010,9242584,22.1,0.3,10,False,False,123,sin_control,False,False,5
9976,0,3,21,656890,1094,658043,9949951,20.6,18.2,16,False,False,123,sin_control,False,False,5
9976,0,2,22,686072,1074,687197,10610386,20.7,1.0,16,False,False,123,sin_control,False,False,5
9975,1,1,23,725857,1072,726977,11300248,20.5,10.9,21,False,False,123,sin_control,False,False,5
9975,1,1,23,775446,1086,776572,12031926,20.4,1.7,21,False,False,123,sin_control,False,False,5
9974,2,1,23,837243,1118,838394,12855755,20.8,8.7,18,False,False,123,sin_control,False,False,5
9974,2,1,23,774352,1026,775407,13451259,21.5,0.3,18,False,False,123,sin_control,False,False,5
9974,1,2,23,825003,1040,826068,14014536,19.9,6.0,21,False,False,123,sin_control,False,False,5
9974,1,2,23,874021,1041,875085,14655279,20.0,14.3,28,False,False,123,sin_control,False,False,5
9974,0,2,24,933086,1050,934160,15393154,20.3,25.5,31,False,False,123,sin_control,False,False,5
9974,0,2,24,989889,1049,990961,16202861,20.3,26.8,44,False,False,123,sin_control,False,False,5
9974,0,2,24,1054573,1081,1055704,17089529,21.6,0.0,39,False,False,123,sin_control,False,False,5
9974,0,2,24,1114545,1111,1115700,18049840,20.6,20.2,49,False,False,123,sin_control,False,False,5
9974,0,2,24,1169863,1100,1171000,18266155,20.5,10.9,50,False,False,123,sin_control,False,False,5
9974,0,2,24,1227579,1065,1228693,18617565,19.7,5.0,52,False,False,123,sin_control,False,False,5
9974,0,1,25,1286776,1047,1287870,19110113,20.6,11.8,54,False,False,123,sin_control,False,False,5
9974,0,1,25,1336619,1040,1337705,20530198,19.1,10.4,52,False,False,123,sin_control,False,False,5
9973,1,0,26,1384396,1009,1385445,21891358,19.9,13.5,46,False,False,123,sin_control,False,False,5
9973,1,0,26,1280350,931,1281317,22761290,20.2,0.0,33,False,False,123,sin_control,False,False,5
9973,1,0,26,1341828,935,1342790,23582385,20.4,1.0,33,False,False,123,sin_control,False,False,5
9972,2,0,26,1388899,908,1389831,24484131,20.0,4.1,23,False,False,123,sin_control,False,False,5
9972,1,1,26,1436762,879,1437663,25439835,21.2,2.3,18,False,False,123,sin_control,False,False,5
9971,2,1,26,1592395,895,1593404,26879882,22.6,1.0,16,False,False,123,sin_control,False,False,5
9971,2,1,26,1638840,873,1639870,28180564,21.1,4.1,11,False,False,123,sin_control,False,False,5
9971,1,2,26,1686083,884,1687124,27366156,19.8,5.1,8,False,False,123,sin_control,False,False,5
9971,1,2,26,1723941,920,1725054,26862762,20.6,6.1,5,False,False,123,sin_control,False,False,5
9971,0,3,26,1755185,889,1756269,28541966,20.0,10.6,10,False,False,123,sin_control,False,False,5
9970,1,3,26,1789172,894,1790362,30121529,21.6,0.0,10,False,False,123,sin_control,False,False,5
9970,1,3,26,1830204,886,1831479,31638676,21.4,0.5,10,False,False,123,sin_control,False,False,5
9970,1,2,27,1876420,893,1877778,33104831,21.0,8.3,14,False,False,123,sin_control,False,False,5
9970,1,2,27,1930733,895,1932015,34575445,20.7,24.7,26,False,False,123,sin_control,False,False,5
9970,0,3,27,1981510,883,1982750,35993994,21.1,10.7,31,False,False,123,sin_control,False,False,5
9970,0,2,28,2029075,884,2030461,37396763,22.8,1.4,29,False,False,123,sin_control,False,False,5
9970,0,2,28,2062144,892,2063622,38661104,22.7,0.6,26,False,False,123,sin_control,False,False,5
9970,0,1,29,2193139,910,2194508,40879870,21.4,10.5,26,False,False,123,sin_control,False,False,5
9970,0,1,29,2230482,867,2231810,42375649,21.9,9.8,30,False,False,123,sin_control,False,False,5
9970,0,1,29,2277103,877,2278429,43950299,22.7,5.1,32,False,False,123,sin_control,False,False,5
9970,0,1,29,2321132,858,2322391,45399158,20.5,3.8,28,False,False,123,sin_control,False,False,5
9970,1,1,28,2370159,816,2371346,46951156,21.9,1.2,16,False,False,123,sin_control,False,False,5
9969,2,0,29,2419769,787,2420920,48573256,22.6,3.2,11,False,False,123,sin_control,False,False,5
9969,2,0,29,2462242,756,2463253,50128298,20.3,12.4,17,False,False,123,sin_control,False,False,5
9969,2,0,29,2499563,788,2500519,51605161,20.8,33.8,33,False,False,123,sin_control,False,False,5
9970,1,1,28,2534594,772,2535481,53011580,20.8,4.9,28,False,False,123,sin_control,False,False,5
9970,0,2,28,2566865,771,2567730,54379214,21.5,5.5,26,False,False,123,sin_control,False,False,5
9970,0,2,28,2598131,832,2599113,55694603,22.6,2.5,24,False,False,123,sin_control,False,False,5
9970,0,2,28,2627199,808,2628235,56942619,22.9,9.7,28,False,False,123,sin_control,False,False,5
9970,0,2,28,2655125,828,2656173,58178189,21.3,1.0,28,False,False,123,sin_control,False,False,5
9970,0,2,28,2681495,835,2682547,59280742,21.7,0.5,28,False,False,123,sin_control,False,False,5
9970,0,2,28,2712538,817,2713549,56342115,21.2,0.5,22,False,False,123,sin_control,False,False,5
9970,0,2,28,2737735,793,2738759,53793518,22.4,0.0,6,False,False,123,sin_control,False,False,5
9970,0,1,29,2758249,766,2759250,51820161,21.9,3.0,6,False,False,123,sin_control,False,False,5
9970,0,0,30,2774249,754,2775211,50214507,21.8,2.0,4,False,False,123,sin_control,False,False,5
9969,1,0,30,2787691,743,2788572,41508859,22.0,0.0,4,False,False,123,sin_control,False,False,5
9969,1,0,30,2791882,716,2792694,35692832,22.3,0.5,0,False,False,123,sin_control,False,False,5
9970,1,0,29,2788129,667,2788867,31710203,21.6,0.5,0,False,False,123,sin_control,False,False,5
9971,1,0,28,2776920,632,2777606,33689415,20.6,4.1,0,False,False,123,sin_control,False,False,5
9971,0,1,28,2766214,589,2766838,37635939,20.2,16.6,8,False,False,123,sin_control,False,False,5
9971,0,1,28,2758108,550,2758682,40964751,21.1,14.0,15,False,False,123,sin_control,False,False,5
9971,0,1,28,2753067,503,2753587,43756729,21.4,1.3,15,False,False,123,sin_control,False,False,5
9971,0,1,28,2750111,475,2750597,46144991,23.3,0.0,15,False,False,123,sin_control,False,False,5
9971,0,1,28,2749571,448,2750026,48186360,22.7,0.0,15,False,False,123,sin_control,False,False,5
9971,0,1,28,2750706,405,2751117,49897376,22.2,2.0,15,False,False,123,sin_control,False,False,5
9971,0,1,28,2757883,382,2758271,51476672,21.7,1.0,15,False,False,123,sin_control,False,False,5
9970,1,1,28,2770711,367,2771082,52889546,21.1,7.1,18,False,False,123,sin_control,False,False,5
9970,1,0,29,2787711,362,2788076,50296814,21.3,11.7,15,False,False,123,sin_control,False,False,5
9971,1,0,28,2803934,355,2804292,52042473,22.0,6.1,11,False,False,123,sin_control,False,False,5
9971,1,0,28,2833582,369,2833954,53930558,21.0,25.9,23,False,False,123,sin_control,False,False,5
9971,0,1,28,2874385,364,2874751,55986787,21.1,2.4,23,False,False,123,sin_control,False,False,5
9971,0,1,28,2925079,377,2925476,58338217,22.9,0.0,23,False,False,123,sin_control,False,False,5
9971,0,1,28,2968720,380,2969121,60618179,23.2,1.7,23,False,False,123,sin_control,False,False,5
9971,0,1,28,3002494,388,3002903,62653375,21.3,5.6,25,False,False,123,sin_control,False,False,5
9971,0,1,28,3028477,383,3028880,64456407,21.6,3.6,22,False,False,123,sin_control,False,False,5
9971,0,1,28,3049356,383,3049761,66077985,22.3,16.9,25,False,False,123,sin_control,False,False,5
9971,0,1,28,3066884,357,3067262,67522774,21.7,0.0,22,False,False,123,sin_control,False,False,5
9971,0,1,28,3081531,349,3081898,68787018,21.4,14.9,17,False,False,123,sin_control,False,False,5
9971,0,0,29,3094146,335,3094495,69942345,21.4,8.6,21,False,False,123,sin_control,False,False,5
9971,0,0,29,3104112,337,3104458,71010009,20.4,18.0,30,False,False,123,sin_control,False,False,5
9972,0,0,28,3113281,326,3113614,71895042,20.6,0.0,30,False,False,123,sin_control,False,False,5
9972,0,0,28,3125684,320,3126009,72988584,21.7,0.4,28,False,False,123,sin_control,False,False,5
9972,0,0,28,3137739,315,3138056,73944424,22.1,2.3,28,False,False,123,sin_control,False,False,5
9972,0,0,28,3150339,319,3150659,74930361,22.7,5.9,22,False,False,123,sin_control,False,False,5
9972,0,0,28,3164534,320,3164855,76006552,20.8,7.1,25,False,False,123,sin_control,False,False,5
9972,0,0,28,3181354,322,3181676,77154561,21.1,0.0,18,False,False,123,sin_control,False,False,5
9972,0,0,28,3199366,304,3199670,72564680,21.1,6.5,17,False,False,123,sin_control,False,False,5
9972,0,0,28,3214553,312,3214865,74167741,21.4,9.5,12,False,False,123,sin_control,False,False,5
9972,0,0,28,3229949,304,3230253,75576820,22.2,1.4,12,False,False,123,sin_control,False,False,5
9972,0,0,28,3245874,310,3246184,76859214,21.6,2.5,12,False,False,123,sin_control,False,False,5
9972,0,0,28,3261232,293,3261525,78006719,21.1,6.3,15,False,False,123,sin_control,False,False,5
9972,0,0,28,3275430,281,3275711,79017099,21.8,0.0,13,False,False,123,sin_control,False,False,5
9973,0,0,27,3288670,274,3288944,79911223,20.2,3.3,10,False,False,123,sin_control,False,False,5
9973,0,0,27,3302008,264,3302272,74867190,21.7,0.0,10,False,False,123,sin_control,False,False,5
9972,1,0,27,3312060,261,3312321,70741208,22.3,5.4,9,False,False,123,sin_control,False,False,5
9972,1,0,27,3320944,251,3321195,72645453,22.2,14.0,12,False,False,123,sin_control,False,False,5
9972,1,0,27,3329466,250,3329716,74261355,21.8,0.0,12,False,False,123,sin_control,False,False,5
9972,1,0,27,3338500,254,3338754,75742146,21.3,3.4,12,False,False,123,sin_control,False,False,5
9971,1,1,27,3347717,239,3347956,77067391,21.4,8.9,13,False,False,123,sin_control,False,False,5
9971,1,1,27,3357555,227,3357832,78282748,21.7,7.7,16,False,False,123,sin_control,False,False,5
9971,1,1,27,3370335,239,3370700,79638207,22.2,1.4,16,False,False,123,sin_control,False,False,5
9971,1,1,27,3383213,234,3383599,80784907,22.4,1.7,16,False,False,123,sin_control,False,False,5
9971,0,2,27,3396671,238,3397037,81838692,20.7,6.7,17,False,False,123,sin_control,False,False,5
9972,0,2,26,3410219,234,3410672,82774010,22.5,1.9,10,False,False,123,sin_control,False,False,5
9972,0,2,26,3423341,239,3423900,83604987,23.3,0.0,10,False,False,123,sin_control,False,False,5
9972,0,2,26,3436847,256,3437404,84357000,22.2,14.0,17,False,False,123,sin_control,False,False,5
9973,0,1,26,3449877,272,3450494,85069389,22.1,0.0,13,False,False,123,sin_control,False,False,5
9973,0,1,26,3465357,300,3465889,86007556,21.0,31.0,25,False,False,123,sin_control,False,False,5
9973,0,1,26,3481715,306,3482217,87099758,22.0,0.0,25,False,False,123,sin_control,False,False,5
9973,0,1,26,3496994,289,3497450,88034566,21.0,3.9,25,False,False,123,sin_control,False,False,5
9973,0,0,27,3511115,268,3511519,88860758,21.9,13.6,28,False,False,123,sin_control,False,False,5
9973,0,0,27,3523658,256,3524009,89621321,20.5,22.6,39,False,False,123,sin_control,False,False,5
9974,0,0,26,3534554,255,3534865,90349884,20.5,24.8,51,False,False,123,sin_control,False,False,5
9974,0,0,26,3544633,249,3544923,87070554,20.8,7.7,47,False,False,123,sin_control,False,False,5
9974,0,0,26,3553289,244,3553558,88207085,20.6,1.2,47,False,False,123,sin_control,False,False,5
9974,0,0,26,3562244,247,3562509,89165565,21.7,11.2,37,False,False,123,sin_control,False,False,5
9974,0,0,26,3570835,240,3571088,90040407,20.4,18.0,46,False,False,123,sin_control,False,False,5
9974,0,0,26,3579497,232,3579738,90831838,20.6,4.9,46,False,False,123,sin_control,False,False,5
9974,0,0,26,3311067,219,3311293,87984264,21.5,2.0,40,False,False,123,sin_control,False,False,5
9974,0,0,26,3575209,243,3575457,87751036,20.7,0.0,29,False,False,123,sin_control,False,False,5
9974,0,0,26,3582400,243,3582647,88356969,22.4,0.0,17,False,False,123,sin_control,False,False,5
9974,0,0,26,3589118,254,3589374,88948053,22.3,0.0,14,False,False,123,sin_control,False,False,5
9974,0,0,26,3596096,261,3596358,83002028,21.9,0.0,14,False,False,123,sin_control,False,False,5
9974,0,0,26,3602639,231,3602870,78216544,21.3,6.4,12,False,False,123,sin_control,False,False,5
9974,0,0,26,3607962,216,3608178,74241589,19.9,7.2,6,False,False,123,sin_control,False,False,5
9974,0,0,26,3612175,201,3612376,70921250,19.8,2.4,6,False,False,123,sin_control,False,False,5
9974,0,0,26,3615456,192,3615648,68139998,20.5,0.0,6,False,False,123,sin_control,False,False,5
9974,0,0,26,3618232,177,3618409,65803016,21.3,1.7,6,False,False,123,sin_control,False,False,5
9973,1,0,26,3621075,153,3621228,63931668,22.6,3.3,6,False,False,123,sin_control,False,False,5
9973,1,0,26,3623201,137,3623338,62289184,21.0,0.5,6,False,False,123,sin_control,False,False,5
9973,1,0,26,3624627,123,3624750,60882675,20.4,0.0,6,False,False,123,sin_control,False,False,5
9973,1,0,26,3625649,109,3625758,50611065,20.8,1.7,3,False,False,123,sin_control,False,False,5
9973,0,1,26,3624601,98,3624699,51305577,21.6,6.1,3,False,False,123,sin_control,False,False,5
9973,0,1,26,3621260,96,3621361,51373342,19.7,7.3,6,False,False,123,sin_control,False,False,5
9973,0,1,26,3619532,139,3619675,55392216,21.1,39.1,25,False,False,123,sin_control,False,False,5
9973,0,1,26,3617634,132,3617782,58862732,21.9,0.0,25,False,False,123,sin_control,False,False,5
9973,0,1,26,3616188,123,3616335,61795856,21.4,0.0,25,False,False,123,sin_control,False,False,5
9973,0,1,26,3616515,118,3616660,64368001,20.7,9.9,29,False,False,123,sin_control,False,False,5
9973,0,1,26,3618356,106,3618488,66652990,20.2,7.4,32,False,False,123,sin_control,False,False,5
9973,0,1,26,3621184,103,3621324,68683180,21.5,4.7,32,False,False,123,sin_control,False,False,5
9973,0,0,27,3625162,96,3625299,70485802,22.1,13.7,35,False,False,123,sin_control,False,False,5
9973,0,0,27,3629586,94,3629713,72091423,21.7,12.1,38,False,False,123,sin_control,False,False,5
9973,0,0,27,3635006,102,3635134,73601539,20.8,21.8,29,False,False,123,sin_control,False,False,5
9974,0,0,26,3640623,146,3640789,71721338,20.6,38.6,48,False,False,123,sin_control,False,False,5
9974,0,0,26,3646035,137,3646184,73451264,20.6,0.0,48,False,False,123,sin_control,False,False,5
9974,0,0,26,3651908,129,3652046,71802593,20.8,11.1,49,False,False,123,sin_control,False,False,5
9974,0,0,26,3659337,131,3659473,74140117,21.0,0.0,46,False,False,123,sin_control,False,False,5
9974,0,0,26,3666571,123,3666697,76296082,20.5,7.7,49,False,False,123,sin_control,False,False,5
9974,0,0,26,3673629,114,3673744,78240683,21.6,6.1,46,False,False,123,sin_control,False,False,5
9975,0,0,25,3679352,121,3679473,79931592,19.9,9.5,44,False,False,123,sin_control,False,False,5
9975,0,0,25,3684242,118,3684360,81408527,19.9,13.5,40,False,False,123,sin_control,False,False,5
9975,0,0,25,3687925,111,3688036,82712158,19.5,5.9,23,False,False,123,sin_control,False,False,5
9976,0,0,24,3690804,110,3690914,83822318,20.6,2.0,23,False,False,123,sin_control,False,False,5
9977,0,0,23,3693128,111,3693239,84818582,19.6,2.3,18,False,False,123,sin_control,False,False,5
9977,0,0,23,3695247,108,3695355,85694423,20.5,0.0,18,False,False,123,sin_control,False,False,5
9977,0,0,23,3697633,106,3697739,86472725,21.2,0.0,15,False,False,123,sin_control,False,False,5
9977,0,0,23,3699572,108,3699680,87151363,21.6,3.1,12,False,False,123,sin_control,False,False,5
9977,0,0,23,3701697,103,3701800,81340089,22.3,1.8,8,False,False,123,sin_control,False,False,5
9977,0,0,23,3703741,122,3703863,76737022,20.4,12.2,8,False,False,123,sin_control,False,False,5
9978,0,0,22,3705475,123,3705598,72976636,21.8,3.6,6,False,False,123,sin_control,False,False,5
9978,0,0,22,3707374,122,3707496,75420209,21.1,6.7,9,False,False,123,sin_control,False,False,5
9978,0,0,22,3709455,122,3709577,77605205,21.2,8.1,13,False,False,123,sin_control,False,False,5
9978,0,0,22,3711919,121,3712040,79501941,21.3,3.6,13,False,False,123,sin_control,False,False,5
9978,0,0,22,3714721,120,3714841,81120860,21.2,11.5,18,False,False,123,sin_control,False,False,5
9978,0,0,22,3717909,138,3718047,82541628,21.3,26.0,31,False,False,123,sin_control,False,False,5
9978,0,0,22,3720946,140,3721086,83776174,20.4,18.5,40,False,False,123,sin_control,False,False,5
9978,0,0,22,3723713,138,3723851,84837426,20.4,15.2,41,False,False,123,sin_control,False,False,5
9979,0,0,21,3726042,165,3726207,81964251,21.3,35.2,58,False,False,123,sin_control,False,False,5
9979,0,0,21,3728103,165,3728268,79566422,20.6,11.9,60,False,False,123,sin_control,False,False,5
9979,0,0,21,3729851,165,3730016,77500660,20.3,10.0,61,False,False,123,sin_control,False,False,5
9979,0,0,21,3731245,160,3731405,75734827,21.9,0.0,61,False,False,123,sin_control,False,False,5
9979,0,0,21,3732291,153,3732444,77542635,22.0,7.6,59,False,False,123,sin_control,False,False,5
9979,0,0,21,3733909,146,3734055,79341045,21.7,0.0,46,False,False,123,sin_control,False,False,5
9979,0,0,21,3736132,143,3736275,81044528,19.1,1.4,37,False,False,123,sin_control,False,False,5
9979,0,0,21,3738824,150,3738974,82668186,20.9,3.9,30,False,False,123,sin_control,False,False,5
9979,0,0,21,3741391,149,3741540,84028397,21.6,10.1,18,False,False,123,sin_control,False,False,5
9979,0,0,21,3743724,147,3743871,85262014,21.0,6.4,16,False,False,123,sin_control,False,False,5
9979,0,0,21,3746408,145,3746553,86300653,20.7,11.9,16,False,False,123,sin_control,False,False,5
9979,0,0,21,3748703,142,3748845,87196440,21.6,10.1,21,False,False,123,sin_control,False,False,5
9979,0,0,21,3750982,148,3751130,87994822,21.5,3.2,18,False,False,123,sin_control,False,False,5
9979,0,0,21,3753171,152,3753323,88665506,21.2,15.0,24,False,False,123,sin_control,False,False,5
9979,0,0,21,3755259,148,3755407,89259737,20.7,0.0,24,False,False,123,sin_control,False,False,5
9979,0,0,21,3757451,155,3757606,89903185,21.0,7.1,27,False,False,123,sin_control,False,False,5
9979,0,0,21,3759852,152,3760004,90577964,20.4,13.9,28,False,False,123,sin_control,False,False,5
9979,0,0,21,3762547,162,3762709,91274560,20.9,9.7,29,False,False,123,sin_control,False,False,5
9979,0,0,21,3765231,166,3765397,92018569,19.5,10.7,29,False,False,123,sin_control,False,False,5
9979,0,0,21,3767746,168,3767914,92607697,20.1,3.5,25,False,False,123,sin_control,False,False,5
9979,0,0,21,3770142,164,3770306,93199113,20.0,2.9,25,False,False,123,sin_control,False,False,5
9979,0,0,21,3772586,165,3772751,93737232,20.9,0.0,18,False,False,123,sin_control,False,False,5
9979,0,0,21,3774968,171,3775139,94265661,19.8,2.7,18,False,False,123,sin_control,False,False,5
9979,0,0,21,3777324,170,3777494,94747639,20.7,6.2,18,False,False,123,sin_control,False,False,5
9980,0,0,20,3779540,172,3779712,95170318,21.0,6.8,15,False,False,123,sin_control,False,False,5
9980,0,0,20,3782078,169,3782247,88548748,20.8,1.8,11,False,False,123,sin_control,False,False,5
9980,0,0,20,3783704,166,3783870,83096077,18.9,0.8,6,False,False,123,sin_control,False,False,5
9980,0,0,20,3784910,161,3785071,78613550,20.5,0.0,6,False,False,123,sin_control,False,False,5
9980,0,0,20,3500726,146,3500872,72307937,20.2,2.7,6,False,False,123,sin_control,False,False,5
9980,0,0,20,3786515,160,3786675,70920562,21.3,6.2,9,False,False,123,sin_control,False,False,5
9980,0,0,20,3787382,157,3787539,68541611,21.4,2.0,9,False,False,123,sin_control,False,False,5
9980,0,0,20,3787997,162,3788159,71609779,21.4,16.0,14,False,False,123,sin_control,False,False,5
9980,0,0,20,3788868,149,3789017,74230780,21.6,0.0,11,False,False,123,sin_control,False,False,5
9980,0,0,20,3789958,145,3790103,76469381,21.0,0.2,11,False,False,123,sin_control,False,False,5
9980,0,0,20,3791426,142,3791568,78370681,22.8,0.0,11,False,False,123,sin_control,False,False,5
9980,0,0,20,3792944,134,3793078,80047419,22.5,1.9,11,False,False,123,sin_control,False,False,5
9980,0,0,20,3794697,137,3794834,75534544,21.6,0.0,11,False,False,123,sin_control,False,False,5
9980,0,0,20,3796110,142,3796252,71876689,21.8,0.2,8,False,False,123,sin_control,False,False,5
9980,0,0,20,3797207,138,3797345,58188620,20.7,0.3,8,False,False,123,sin_control,False,False,5
9980,0,0,20,3801912,146,3802058,50935823,22.5,0.0,0,False,False,123,sin_control,False,False,5
9980,0,0,20,3802012,141,3802153,44670329,22.4,0.5,0,False,False,123,sin_control,False,False,5
9980,0,0,20,3801423,130,3801553,40437706,23.1,1.3,0,False,False,123,sin_control,False,False,5
9980,0,0,20,3771945,119,3772064,37343725,22.5,0.0,0,False,False,123,sin_control,False,False,5
9980,0,0,20,3780955,116,3781071,35453952,21.6,0.6,0,False,False,123,sin_control,False,False,5
9980,0,0,20,3707186,109,3707295,34078106,21.6,0.2,0,False,False,123,sin_control,False,False,5
9980,0,0,20,3581091,100,3581191,32839466,20.7,1.6,0,False,False,123,sin_control,False,False,5
9981,0,0,19,3424118,95,3424213,31558912,21.6,0.0,0,False,False,123,sin_control,False,False,5
9981,0,0,19,3249628,89,3249717,30224209,20.9,5.4,2,False,False,123,sin_control,False,False,5
9981,0,0,19,3066767,77,3066844,28823891,21.9,1.9,2,False,False,123,sin_control,False,False,5
9981,0,0,19,2882546,72,2882618,31670672,21.7,11.6,7,False,False,123,sin_control,False,False,5
9998,0,2,0,2000,3000,5000,2000,25.0,0.0,0,False,False,123,lsm,True,False,6
9998,0,2,0,1858,2788,4646,16872,21.5,2.3,0,False,False,123,lsm,True,False,6
9998,0,2,0,1719,2575,4294,24184,22.3,0.0,0,False,False,123,lsm,True,False,6
9998,0,2,0,1571,2380,3951,28180,22.3,0.0,0,False,False,123,lsm,True,False,6
9997,1,2,0,1445,2212,3658,29453,21.8,0.0,0,False,False,123,lsm,True,False,6
9995,3,2,0,1339,2033,3373,29745,21.6,0.0,0,False,False,123,lsm,True,False,6
9995,3,2,0,1233,1876,3110,29444,19.5,0.2,0,False,False,123,lsm,True,False,6
9995,3,2,0,1137,1731,2869,11731,20.1,1.7,0,True,False,123,lsm,True,False,6
9995,2,1,2,1062,1601,2664,16167,21.8,0.3,0,True,False,123,lsm,True,False,6
9995,0,3,2,952,1486,2438,18103,21.7,0.0,0,True,False,123,lsm,True,False,6
9995,0,3,2,878,1369,2247,18722,21.0,0.0,0,True,False,123,lsm,True,False,6
9995,0,3,2,815,1274,2089,17797,19.8,7.2,3,True,False,123,lsm,True,False,6
9995,0,3,2,765,1181,1946,20818,21.2,8.0,7,True,False,123,lsm,True,False,6
9995,0,3,2,698,1098,1796,22136,20.1,5.1,9,True,False,123,lsm,True,False,6
9995,0,3,2,645,1023,1668,9798,20.6,3.5,9,True,False,123,lsm,True,False,6
9995,0,3,2,602,948,1550,13562,21.0,1.7,9,True,False,123,lsm,True,False,6
9995,0,2,3,567,877,1444,16547,20.8,3.8,9,True,False,123,lsm,True,False,6
9995,0,0,5,523,817,1340,18907,21.9,0.5,9,True,False,123,lsm,True,False,6
9994,1,0,5,505,759,1264,18327,21.3,0.3,9,True,False,123,lsm,True,False,6
9994,1,0,5,486,710,1196,18672,21.9,0.1,6,True,False,123,lsm,True,False,6
9994,1,0,5,457,659,1116,14959,24.0,0.0,2,True,False,123,lsm,True,False,6
9994,1,0,5,446,626,1072,5361,23.1,0.3,0,True,False,123,lsm,True,False,6
9993,1,1,5,437,584,1021,6547,21.4,1.6,0,True,False,123,lsm,True,False,6
9993,1,1,5,425,550,975,7055,22.8,0.0,0,True,False,123,lsm,True,False,6
9993,1,1,5,413,517,930,7133,21.2,3.8,0,True,False,123,lsm,True,False,6
9993,1,1,5,394,480,874,6747,22.3,0.0,0,True,False,123,lsm,True,False,6
9993,0,2,5,372,544,916,8928,22.4,52.3,26,True,False,123,lsm,True,False,6
9993,0,2,5,366,499,865,10697,22.4,0.0,26,True,False,123,lsm,True,False,6
9993,0,2,5,349,482,831,5206,21.3,24.9,38,True,False,123,lsm,True,False,6
9993,0,2,5,338,451,789,6851,21.2,0.0,38,True,False,123,lsm,True,False,6
9993,0,1,6,328,424,752,8280,19.9,8.1,42,True,False,123,lsm,True,False,6
9993,0,1,6,323,391,714,9621,21.1,0.0,42,True,False,123,lsm,True,False,6
9993,0,1,6,314,361,675,10395,21.1,0.4,42,True,False,123,lsm,True,False,6
9993,0,1,6,309,338,647,10384,23.0,0.0,42,True,False,123,lsm,True,False,6
9992,1,0,7,304,315,619,10663,22.4,0.0,16,True,False,123,lsm,True,False,6
9991,2,0,7,300,299,599,4520,21.6,9.9,20,True,False,123,lsm,True,False,6
9991,2,0,7,307,277,584,5883,21.2,0.8,8,True,False,123,lsm,True,False,6
9991,2,0,7,309,352,661,7151,20.1,50.0,33,True,False,123,lsm,True,False,6
9991,1,1,7,314,339,653,8241,19.9,7.5,32,True,False,123,lsm,True,False,6
9991,0,2,7,295,320,615,9348,19.6,21.2,42,True,False,123,lsm,True,False,6
9991,0,2,7,297,305,602,10123,21.3,0.0,42,True,False,123,lsm,True,False,6
9991,0,2,7,303,290,593,10640,21.0,2.4,42,True,False,123,lsm,True,False,6
9992,0,2,6,323,280,603,4618,22.8,0.0,42,True,False,123,lsm,True,False,6
9992,0,2,6,353,268,621,5845,22.9,0.0,38,True,False,123,lsm,True,False,6
9992,0,2,6,361,250,611,7000,20.7,5.5,40,True,False,123,lsm,True,False,6
9992,0,2,6,378,241,619,7845,21.7,2.0,15,True,False,123,lsm,True,False,6
9992,0,1,7,389,223,612,8151,21.2,1.0,12,True,False,123,lsm,True,False,6
9992,0,0,8,380,206,586,8201,23.2,0.0,2,True,False,123,lsm,True,False,6
9992,0,0,8,370,197,567,8141,22.7,7.2,5,True,False,123,lsm,True,False,6
9992,0,0,8,366,182,548,3644,21.7,2.0,5,True,False,123,lsm,True,False,6
9992,0,0,8,365,172,537,4964,20.6,10.9,10,True,False,123,lsm,True,False,6
9992,0,0,8,355,164,519,5664,20.8,1.2,10,True,False,123,lsm,True,False,6
9992,0,0,8,358,156,514,6425,22.5,0.0,8,True,False,123,lsm,True,False,6
9992,0,0,8,352,151,503,7080,22.8,5.8,10,True,False,123,lsm,True,False,6
9992,0,0,8,363,149,512,7648,21.4,16.4,18,True,False,123,lsm,True,False,6
9992,0,0,8,360,143,503,8314,21.5,7.8,21,True,False,123,lsm,True,False,6
9992,0,0,8,348,138,486,3912,22.8,0.0,18,True,False,123,lsm,True,False,6
9992,0,0,8,344,221,565,5108,20.5,49.0,42,True,False,123,lsm,True,False,6
9992,0,0,8,351,206,557,6389,20.5,8.9,41,True,False,123,lsm,True,False,6
9992,0,0,8,342,196,538,7464,21.3,8.3,45,True,False,123,lsm,True,False,6
9992,0,0,8,342,189,531,7741,20.0,18.6,54,True,False,123,lsm,True,False,6
9992,0,0,8,357,179,536,7936,20.5,8.3,56,True,False,123,lsm,True,False,6
9992,0,0,8,363,175,538,8299,20.6,5.0,50,True,False,123,lsm,True,False,6
9992,0,0,8,369,160,529,3743,21.6,0.8,47,True,False,123,lsm,True,False,6
9992,0,0,8,364,153,517,5056,20.7,5.1,49,True,False,123,lsm,True,False,6
9992,0,0,8,334,146,480,5842,20.2,14.0,32,True,False,123,lsm,True,False,6
9992,0,0,8,337,139,476,6189,20.4,3.3,28,True,False,123,lsm,True,False,6
9992,0,0,8,344,145,489,6588,21.8,0.0,24,True,False,123,lsm,True,False,6
9992,0,0,8,348,139,487,7090,21.1,0.0,15,True,False,123,lsm,True,False,6
9992,0,0,8,355,132,487,7696,22.1,4.1,11,True,False,123,lsm,True,False,6
9992,0,0,8,357,129,486,3307,21.1,11.0,14,True,False,123,lsm,True,False,6
9992,0,0,8,345,118,463,4378,21.4,0.8,14,True,False,123,lsm,True,False,6
9992,0,0,8,334,119,453,4837,21.7,0.3,12,True,False,123,lsm,True,False,6
9992,0,0,8,332,111,443,5691,20.9,17.0,13,True,False,123,lsm,True,False,6
9992,0,0,8,327,104,431,5897,22.7,0.0,13,True,False,123,lsm,True,False,6
9992,0,0,8,341,95,436,6515,21.0,1.5,13,True,False,123,lsm,True,False,6
9992,0,0,8,397,100,497,7210,22.6,0.0,13,True,False,123,lsm,True,False,6
9992,0,0,8,393,90,483,3063,21.8,4.3,13,True,False,123,lsm,True,False,6
9992,0,0,8,387,176,563,4488,22.6,50.0,33,True,False,123,lsm,True,False,6
9992,0,0,8,368,164,532,5576,21.4,3.9,33,True,False,123,lsm,True,False,6
9992,0,0,8,350,153,503,6772,21.7,2.4,33,True,False,123,lsm,True,False,6
9993,0,0,7,337,147,484,7129,23.9,0.0,25,True,False,123,lsm,True,False,6
9993,0,0,7,334,138,472,7550,21.7,4.5,25,True,False,123,lsm,True,False,6
9993,0,0,7,321,128,449,7738,22.8,1.0,25,True,False,123,lsm,True,False,6
9993,0,0,7,305,124,429,3214,22.3,7.1,28,True,False,123,lsm,True,False,6
9993,0,0,7,310,121,431,4209,21.6,0.0,28,True,False,123,lsm,True,False,6
9993,0,0,7,319,115,434,5115,20.8,13.9,9,True,False,123,lsm,True,False,6
9993,0,0,7,325,109,434,5731,21.2,15.5,16,True,False,123,lsm,True,False,6
9993,0,0,7,331,99,430,6351,22.0,0.8,16,True,False,123,lsm,True,False,6
9993,0,0,7,326,97,423,6688,21.8,0.0,16,True,False,123,lsm,True,False,6
9993,0,0,7,338,87,425,7259,22.1,3.0,16,True,False,123,lsm,True,False,6
9993,0,0,7,331,85,416,3485,21.9,19.7,25,True,False,123,lsm,True,False,6
9993,0,0,7,329,89,418,4011,21.7,11.8,27,True,False,123,lsm,True,False,6
9993,0,0,7,362,178,540,5054,21.3,61.0,57,True,False,123,lsm,True,False,6
9993,0,0,7,374,165,539,5806,21.4,4.0,51,True,False,123,lsm,True,False,6
9993,0,0,7,364,153,517,6388,22.7,0.0,44,True,False,123,lsm,True,False,6
9993,0,0,7,353,149,502,6851,21.2,19.1,53,True,False,123,lsm,True,False,6
9993,0,0,7,344,144,488,7242,22.2,8.9,57,True,False,123,lsm,True,False,6
9993,0,0,7,333,147,480,3021,21.6,23.7,68,True,False,123,lsm,True,False,6
9993,0,0,7,336,138,474,3940,23.0,0.0,59,True,False,123,lsm,True,False,6
9993,0,0,7,324,123,447,4589,23.2,0.0,54,True,False,123,lsm,True,False,6
9993,0,0,7,334,114,448,5226,21.8,4.7,24,True,False,123,lsm,True,False,6
9993,0,0,7,333,107,440,5716,21.7,1.7,24,True,False,123,lsm,True,False,6
9993,0,0,7,330,191,521,6903,23.3,52.3,50,True,False,123,lsm,True,False,6
9993,0,0,7,338,176,514,7341,23.2,0.0,41,True,False,123,lsm,True,False,6
9993,0,0,7,329,166,495,3545,22.4,8.7,41,True,False,123,lsm,True,False,6
9993,0,0,7,316,154,470,4696,20.4,2.0,30,True,False,123,lsm,True,False,6
9993,0,0,7,315,149,464,5289,21.5,4.1,30,True,False,123,lsm,True,False,6
9993,0,0,7,311,138,449,5848,19.4,0.0,30,True,False,123,lsm,True,False,6
9993,0,0,7,304,125,429,6333,20.3,19.1,39,True,False,123,lsm,True,False,6
9993,0,0,7,327,164,491,7022,20.2,37.1,57,True,False,123,lsm,True,False,6
9993,0,0,7,334,175,509,7154,19.0,31.1,46,True,False,123,lsm,True,False,6
9993,0,0,7,327,155,482,3451,20.3,1.8,46,True,False,123,lsm,True,False,6
9994,0,0,6,335,140,475,4489,21.9,0.0,42,True,False,123,lsm,True,False,6
9994,0,0,6,312,131,443,5135,19.7,4.7,42,True,False,123,lsm,True,False,6
9994,0,0,6,316,127,443,5451,21.0,8.6,46,True,False,123,lsm,True,False,6
9994,0,0,6,315,121,436,6179,22.9,0.0,46,True,False,123,lsm,True,False,6
9994,0,0,6,307,107,414,6383,20.6,2.0,37,True,False,123,lsm,True,False,6
9994,0,0,6,310,106,416,6114,21.3,3.9,19,True,False,123,lsm,True,False,6
9994,0,0,6,303,99,402,2611,22.5,2.0,4,True,False,123,lsm,True,False,6
9994,0,0,6,292,95,387,3432,22.4,8.9,8,True,False,123,lsm,True,False,6
9993,1,0,6,282,93,375,4157,22.5,0.0,8,True,False,123,lsm,True,False,6
9993,1,0,6,282,87,369,4440,22.8,0.0,8,True,False,123,lsm,True,False,6
9993,1,0,6,296,86,382,4567,22.9,2.2,4,True,False,123,lsm,True,False,6
9993,1,0,6,285,83,368,4704,22.0,2.0,4,True,False,123,lsm,True,False,6
9993,0,1,6,285,83,368,4760,20.7,4.1,4,True,False,123,lsm,True,False,6
9993,0,1,6,284,78,362,1986,19.9,1.4,4,True,False,123,lsm,True,False,6
9993,0,1,6,269,74,343,2545,21.1,0.5,4,True,False,123,lsm,True,False,6
9993,0,1,6,257,69,326,3181,21.8,7.1,3,True,False,123,lsm,True,False,6
9993,0,1,6,247,60,307,3502,22.2,0.3,3,True,False,123,lsm,True,False,6
9993,0,1,6,250,58,308,3877,21.7,10.9,8,True,False,123,lsm,True,False,6
9993,0,1,6,236,52,288,4097,22.0,5.1,10,True,False,123,lsm,True,False,6
9993,0,1,6,237,49,286,4617,21.8,5.3,12,True,False,123,lsm,True,False,6
9993,0,0,7,228,46,274,2244,22.3,0.0,12,True,False,123,lsm,True,False,6
9993,0,0,7,221,44,265,2921,21.5,3.0,12,True,False,123,lsm,True,False,6
9993,0,0,7,218,40,258,3042,23.3,2.0,12,True,False,123,lsm,True,False,6
9993,0,0,7,219,38,257,3406,22.6,1.0,9,True,False,123,lsm,True,False,6
9993,0,0,7,221,38,259,3454,21.2,0.0,9,True,False,123,lsm,True,False,6
9993,0,0,7,212,35,247,3354,20.7,6.9,7,True,False,123,lsm,True,False,6
9993,0,0,7,202,35,237,3405,22.2,0.0,5,True,False,123,lsm,True,False,6
9993,0,0,7,193,31,224,1449,21.5,3.2,3,True,False,123,lsm,True,False,6
9993,0,0,7,196,31,227,2034,22.2,7.0,6,True,False,123,lsm,True,False,6
9993,0,0,7,191,32,223,2121,23.9,0.5,6,True,False,123,lsm,True,False,6
9993,0,0,7,191,32,223,2464,22.5,7.9,9,True,False,123,lsm,True,False,6
9993,0,0,7,191,32,223,2729,20.5,6.0,12,True,False,123,lsm,True,False,6
9993,0,0,7,190,28,218,2784,21.1,0.0,12,True,False,123,lsm,True,False,6
9993,0,0,7,190,28,218,3090,21.8,1.0,9,True,False,123,lsm,True,False,6
9993,0,0,7,181,26,207,1531,22.1,0.0,9,True,False,123,lsm,True,False,6
9993,0,0,7,184,26,210,1708,20.7,15.3,16,True,False,123,lsm,True,False,6
9993,0,0,7,179,26,205,2196,22.7,0.8,13,True,False,123,lsm,True,False,6
9993,0,0,7,177,27,204,2527,21.9,1.0,13,True,False,123,lsm,True,False,6
9993,0,0,7,173,24,197,2427,22.1,0.3,10,True,False,123,lsm,True,False,6
9993,0,0,7,165,25,190,2859,20.6,18.2,16,True,False,123,lsm,True,False,6
9993,0,0,7,161,22,183,3278,20.7,1.0,16,True,False,123,lsm,True,False,6
9993,0,0,7,152,19,171,1509,20.5,10.9,21,True,False,123,lsm,True,False,6
9993,0,0,7,154,18,172,1921,20.4,1.7,21,True,False,123,lsm,True,False,6
9993,0,0,7,152,18,170,2044,20.8,8.7,18,True,False,123,lsm,True,False,6
9993,0,0,7,138,16,154,2149,21.5,0.3,18,True,False,123,lsm,True,False,6
9993,0,0,7,134,15,149,2396,19.9,6.0,21,True,False,123,lsm,True,False,6
9993,0,0,7,133,13,146,2360,20.0,14.3,28,True,False,123,lsm,True,False,6
9993,0,0,7,131,22,153,2571,20.3,25.5,31,True,False,123,lsm,True,False,6
9993,0,0,7,129,34,163,1073,20.3,26.8,44,True,False,123,lsm,True,False,6
9993,0,0,7,129,34,163,1382,21.6,0.0,39,True,False,123,lsm,True,False,6
9993,0,0,7,128,34,162,1835,20.6,20.2,49,True,False,123,lsm,True,False,6
9993,0,0,7,127,31,158,1956,20.5,10.9,50,True,False,123,lsm,True,False,6
9993,0,0,7,125,29,154,2142,19.7,5.0,52,True,False,123,lsm,True,False,6
9993,0,0,7,126,27,153,2188,20.6,11.8,54,True,False,123,lsm,True,False,6
9993,0,0,7,133,25,158,2480,19.1,10.4,52,True,False,123,lsm,True,False,6
9993,0,0,7,136,25,161,1185,19.9,13.5,46,True,False,123,lsm,True,False,6
9993,0,0,7,124,25,149,1503,20.2,0.0,33,True,False,123,lsm,True,False,6
9993,0,0,7,112,26,138,1673,20.4,1.0,33,True,False,123,lsm,True,False,6
9993,0,0,7,111,26,137,1964,20.0,4.1,23,True,False,123,lsm,True,False,6
9994,0,0,6,112,23,135,1995,21.2,2.3,18,True,False,123,lsm,True,False,6
9994,0,0,6,116,23,139,2187,22.6,1.0,16,True,False,123,lsm,True,False,6
9994,0,0,6,109,23,132,2292,21.1,4.1,11,True,False,123,lsm,True,False,6
9994,0,0,6,109,23,132,1191,19.8,5.1,8,True,False,123,lsm,True,False,6
9994,0,0,6,106,18,124,1241,20.6,6.1,5,True,False,123,lsm,True,False,6
9994,0,0,6,103,14,117,1328,20.0,10.6,10,True,False,123,lsm,True,False,6
9994,0,0,6,112,15,127,1459,21.6,0.0,10,True,False,123,lsm,True,False,6
9994,0,0,6,105,15,120,1462,21.4,0.5,10,True,False,123,lsm,True,False,6
9994,0,0,6,100,15,115,1641,21.0,8.3,14,True,False,123,lsm,True,False,6
9994,0,0,6,99,28,127,1816,20.7,24.7,26,True,False,123,lsm,True,False,6
9994,0,0,6,99,27,126,922,21.1,10.7,31,True,False,123,lsm,True,False,6
9994,0,0,6,97,27,124,1082,22.8,1.4,29,True,False,123,lsm,True,False,6
9994,0,0,6,94,27,121,1295,22.7,0.6,26,True,False,123,lsm,True,False,6
9994,0,0,6,108,28,136,1428,21.4,10.5,26,True,False,123,lsm,True,False,6
9995,0,0,5,112,30,142,1719,21.9,9.8,30,True,False,123,lsm,True,False,6
9996,0,0,4,118,29,147,1952,22.7,5.1,32,True,False,123,lsm,True,False,6
9996,0,0,4,121,28,149,2073,20.5,3.8,28,True,False,123,lsm,True,False,6
9996,0,0,4,125,26,151,941,21.9,1.2,16,True,False,123,lsm,True,False,6
9996,0,0,4,123,25,148,1495,22.6,3.2,11,True,False,123,lsm,True,False,6
9996,0,0,4,113,24,137,1720,20.3,12.4,17,True,False,123,lsm,True,False,6
9996,0,0,4,120,56,176,2030,20.8,33.8,33,True,False,123,lsm,True,False,6
9996,0,0,4,107,55,162,2077,20.8,4.9,28,True,False,123,lsm,True,False,6
9996,0,0,4,110,49,159,2165,21.5,5.5,26,True,False,123,lsm,True,False,6
9996,0,0,4,107,45,152,2433,22.6,2.5,24,True,False,123,lsm,True,False,6
9996,0,0,4,111,42,153,1192,22.9,9.7,28,True,False,123,lsm,True,False,6
9996,0,0,4,114,41,155,1529,21.3,1.0,28,True,False,123,lsm,True,False,6
9996,0,0,4,113,36,149,1838,21.7,0.5,28,True,False,123,lsm,True,False,6
9995,1,0,4,116,33,149,2014,21.2,0.5,22,True,False,123,lsm,True,False,6
9995,1,0,4,122,33,155,2000,22.4,0.0,6,True,False,123,lsm,True,False,6
9995,1,0,4,118,32,150,2015,21.9,3.0,6,True,False,123,lsm,True,False,6
9995,1,0,4,111,29,140,1881,21.8,2.0,4,True,False,123,lsm,True,False,6
9995,0,1,4,113,26,139,727,22.0,0.0,4,True,False,123,lsm,True,False,6
9995,0,1,4,117,25,142,947,22.3,0.5,0,True,False,123,lsm,True,False,6
9995,0,1,4,112,24,136,1203,21.6,0.5,0,True,False,123,lsm,True,False,6
9995,0,1,4,113,23,136,1427,20.6,4.1,0,True,False,123,lsm,True,False,6
9995,0,1,4,112,22,134,1566,20.2,16.6,8,True,False,123,lsm,True,False,6
9995,0,1,4,101,21,122,1704,21.1,14.0,15,True,False,123,lsm,True,False,6
9995,0,1,4,103,21,124,1991,21.4,1.3,15,True,False,123,lsm,True,False,6
9995,0,1,4,89,21,110,850,23.3,0.0,15,True,False,123,lsm,True,False,6
9995,0,0,5,93,20,113,1065,22.7,0.0,15,True,False,123,lsm,True,False,6
9995,0,0,5,92,17,109,1223,22.2,2.0,15,True,False,123,lsm,True,False,6
9995,0,0,5,88,15,103,1461,21.7,1.0,15,True,False,123,lsm,True,False,6
9995,0,0,5,86,12,98,1497,21.1,7.1,18,True,False,123,lsm,True,False,6
9995,0,0,5,83,12,95,1451,21.3,11.7,15,True,False,123,lsm,True,False,6
9995,0,0,5,78,10,88,1452,22.0,6.1,11,True,False,123,lsm,True,False,6
9995,0,0,5,75,24,99,649,21.0,25.9,23,True,False,123,lsm,True,False,6
9995,0,0,5,79,23,102,966,21.1,2.4,23,True,False,123,lsm,True,False,6
9995,0,0,5,89,23,112,1090,22.9,0.0,23,True,False,123,lsm,True,False,6
9995,0,0,5,84,23,107,1322,23.2,1.7,23,True,False,123,lsm,True,False,6
9995,0,0,5,82,22,104,1342,21.3,5.6,25,True,False,123,lsm,True,False,6
9995,0,0,5,81,22,103,1382,21.6,3.6,22,True,False,123,lsm,True,False,6
9995,0,0,5,81,22,103,1522,22.3,16.9,25,True,False,123,lsm,True,False,6
9995,0,0,5,82,20,102,680,21.7,0.0,22,True,False,123,lsm,True,False,6
9995,0,0,5,82,20,102,953,21.4,14.9,17,True,False,123,lsm,True,False,6
9995,0,0,5,79,19,98,1182,21.4,8.6,21,True,False,123,lsm,True,False,6
9995,0,0,5,90,20,110,1238,20.4,18.0,30,True,False,123,lsm,True,False,6
9995,0,0,5,91,19,110,1435,20.6,0.0,30,True,False,123,lsm,True,False,6
9995,0,0,5,93,18,111,1525,21.7,0.4,28,True,False,123,lsm,True,False,6
9995,0,0,5,88,17,105,1528,22.1,2.3,28,True,False,123,lsm,True,False,6
9995,0,0,5,93,17,110,851,22.7,5.9,22,True,False,123,lsm,True,False,6
9995,0,0,5,90,18,108,921,20.8,7.1,25,True,False,123,lsm,True,False,6
9995,0,0,5,90,16,106,1218,21.1,0.0,18,True,False,123,lsm,True,False,6
9995,0,0,5,89,16,105,1263,21.1,6.5,17,True,False,123,lsm,True,False,6
9995,0,0,5,87,16,103,1503,21.4,9.5,12,True,False,123,lsm,True,False,6
9995,0,0,5,77,16,93,1497,22.2,1.4,12,True,False,123,lsm,True,False,6
9995,0,0,5,75,15,90,1572,21.6,2.5,12,True,False,123,lsm,True,False,6
9995,0,0,5,78,14,92,747,21.1,6.3,15,True,False,123,lsm,True,False,6
9995,0,0,5,78,14,92,1028,21.8,0.0,13,True,False,123,lsm,True,False,6
9995,0,0,5,79,14,93,1171,20.2,3.3,10,True,False,123,lsm,True,False,6
9995,0,0,5,78,12,90,1386,21.7,0.0,10,True,False,123,lsm,True,False,6
9995,0,0,5,73,9,82,1293,22.3,5.4,9,True,False,123,lsm,True,False,6
9995,0,0,5,69,8,77,1321,22.2,14.0,12,True,False,123,lsm,True,False,6
9995,0,0,5,71,6,77,1346,21.8,0.0,12,True,False,123,lsm,True,False,6
9995,0,0,5,74,6,80,717,21.3,3.4,12,True,False,123,lsm,True,False,6
9995,0,0,5,73,7,80,806,21.4,8.9,13,True,False,123,lsm,True,False,6
9995,0,0,5,79,6,85,879,21.7,7.7,16,True,False,123,lsm,True,False,6
9996,0,0,4,81,6,87,1113,22.2,1.4,16,True,False,123,lsm,True,False,6
9996,0,0,4,86,7,93,1195,22.4,1.7,16,True,False,123,lsm,True,False,6
9996,0,0,4,79,8,87,1317,20.7,6.7,17,True,False,123,lsm,True,False,6
9996,0,0,4,81,8,89,1365,22.5,1.9,10,True,False,123,lsm,True,False,6
9996,0,0,4,78,8,86,612,23.3,0.0,10,True,False,123,lsm,True,False,6
9996,0,0,4,80,8,88,760,22.2,14.0,17,True,False,123,lsm,True,False,6
9996,0,0,4,75,8,83,990,22.1,0.0,13,True,False,123,lsm,True,False,6
9996,0,0,4,76,30,106,1233,21.0,31.0,25,True,False,123,lsm,True,False,6
9996,0,0,4,75,30,105,1265,22.0,0.0,25,True,False,123,lsm,True,False,6
9996,0,0,4,80,30,110,1457,21.0,3.9,25,True,False,123,lsm,True,False,6
9996,0,0,4,82,30,112,1482,21.9,13.6,28,True,False,123,lsm,True,False,6
9996,0,0,4,80,38,118,712,20.5,22.6,39,True,False,123,lsm,True,False,6
9996,0,0,4,76,49,125,1079,20.5,24.8,51,True,False,123,lsm,True,False,6
9996,0,0,4,75,44,119,1413,20.8,7.7,47,True,False,123,lsm,True,False,6
9996,0,0,4,75,43,118,1488,20.6,1.2,47,True,False,123,lsm,True,False,6
9996,0,0,4,78,39,117,1635,21.7,11.2,37,True,False,123,lsm,True,False,6
9996,0,0,4,86,40,126,1805,20.4,18.0,46,True,False,123,lsm,True,False,6
9996,0,0,4,80,37,117,2078,20.6,4.9,46,True,False,123,lsm,True,False,6
9996,0,0,4,72,34,106,906,21.5,2.0,40,True,False,123,lsm,True,False,6
9996,0,0,4,71,32,103,1186,20.7,0.0,29,True,False,123,lsm,True,False,6
9996,0,0,4,70,28,98,1458,22.4,0.0,17,True,False,123,lsm,True,False,6
9996,0,0,4,68,25,93,1520,22.3,0.0,14,True,False,123,lsm,True,False,6
9996,0,0,4,73,23,96,1373,21.9,0.0,14,True,False,123,lsm,True,False,6
9996,0,0,4,65,18,83,1416,21.3,6.4,12,True,False,123,lsm,True,False,6
9996,0,0,4,64,17,81,1502,19.9,7.2,6,True,False,123,lsm,True,False,6
9996,0,0,4,65,15,80,562,19.8,2.4,6,True,False,123,lsm,True,False,6
9996,0,0,4,59,15,74,841,20.5,0.0,6,True,False,123,lsm,True,False,6
9996,0,0,4,61,16,77,871,21.3,1.7,6,True,False,123,lsm,True,False,6
9996,0,0,4,64,15,79,893,22.6,3.3,6,True,False,123,lsm,True,False,6
9996,0,0,4,66,15,81,988,21.0,0.5,6,True,False,123,lsm,True,False,6
9996,0,0,4,62,15,77,1134,20.4,0.0,6,True,False,123,lsm,True,False,6
9996,0,0,4,57,14,71,936,20.8,1.7,3,True,False,123,lsm,True,False,6
9996,0,0,4,52,14,66,458,21.6,6.1,3,True,False,123,lsm,True,False,6
9996,0,0,4,51,14,65,508,19.7,7.3,6,True,False,123,lsm,True,False,6
9996,0,0,4,51,60,111,897,21.1,39.1,25,True,False,123,lsm,True,False,6
9996,0,0,4,48,57,105,1134,21.9,0.0,25,True,False,123,lsm,True,False,6
9996,0,0,4,42,49,91,1238,21.4,0.0,25,True,False,123,lsm,True,False,6
9996,0,0,4,42,44,86,1346,20.7,9.9,29,True,False,123,lsm,True,False,6
9996,0,0,4,41,40,81,1290,20.2,7.4,32,True,False,123,lsm,True,False,6
9996,0,0,4,40,37,77,647,21.5,4.7,32,True,False,123,lsm,True,False,6
9996,0,0,4,37,33,70,827,22.1,13.7,35,True,False,123,lsm,True,False,6
9996,0,0,4,38,29,67,977,21.7,12.1,38,True,False,123,lsm,True,False,6
9996,0,0,4,39,31,70,1111,20.8,21.8,29,True,False,123,lsm,True,False,6
9996,0,0,4,42,78,120,1313,20.6,38.6,48,True,False,123,lsm,True,False,6
9996,0,0,4,41,70,111,1493,20.6,0.0,48,True,False,123,lsm,True,False,6
9996,0,0,4,39,63,102,1678,20.8,11.1,49,True,False,123,lsm,True,False,6
9996,0,0,4,37,54,91,796,21.0,0.0,46,True,False,123,lsm,True,False,6
9996,0,0,4,37,50,87,999,20.5,7.7,49,True,False,123,lsm,True,False,6
9996,0,0,4,36,48,84,1115,21.6,6.1,46,True,False,123,lsm,True,False,6
9996,0,0,4,42,46,88,1227,19.9,9.5,44,True,False,123,lsm,True,False,6
9996,0,0,4,44,46,90,1362,19.9,13.5,40,True,False,123,lsm,True,False,6
9996,0,0,4,46,41,87,1601,19.5,5.9,23,True,False,123,lsm,True,False,6
9996,0,0,4,49,33,82,1510,20.6,2.0,23,True,False,123,lsm,True,False,6
9996,0,0,4,42,30,72,736,19.6,2.3,18,True,False,123,lsm,True,False,6
9996,0,0,4,43,29,72,748,20.5,0.0,18,True,False,123,lsm,True,False,6
9996,0,0,4,46,26,72,832,21.2,0.0,15,True,False,123,lsm,True,False,6
9996,0,0,4,46,26,72,952,21.6,3.1,12,True,False,123,lsm,True,False,6
9996,0,0,4,52,24,76,901,22.3,1.8,8,True,False,123,lsm,True,False,6
9996,0,0,4,60,23,83,992,20.4,12.2,8,True,False,123,lsm,True,False,6
9996,0,0,4,61,22,83,1008,21.8,3.6,6,True,False,123,lsm,True,False,6
9996,0,0,4,62,21,83,530,21.1,6.7,9,True,False,123,lsm,True,False,6
9996,0,0,4,54,18,72,577,21.2,8.1,13,True,False,123,lsm,True,False,6
9996,0,0,4,50,18,68,742,21.3,3.6,13,True,False,123,lsm,True,False,6
9996,0,0,4,48,19,67,880,21.2,11.5,18,True,False,123,lsm,True,False,6
9996,0,0,4,48,33,81,981,21.3,26.0,31,True,False,123,lsm,True,False,6
9996,0,0,4,47,36,83,982,20.4,18.5,40,True,False,123,lsm,True,False,6
9996,0,0,4,53,37,90,1176,20.4,15.2,41,True,False,123,lsm,True,False,6
9996,0,0,4,48,72,120,515,21.3,35.2,58,True,False,123,lsm,True,False,6
9996,0,0,4,47,67,114,709,20.6,11.9,60,True,False,123,lsm,True,False,6
9996,0,0,4,44,60,104,993,20.3,10.0,61,True,False,123,lsm,True,False,6
9996,0,0,4,41,57,98,1067,21.9,0.0,61,True,False,123,lsm,True,False,6
9996,0,0,4,46,54,100,1402,22.0,7.6,59,True,False,123,lsm,True,False,6
9996,0,0,4,48,51,99,1614,21.7,0.0,46,True,False,123,lsm,True,False,6
9996,0,0,4,49,49,98,1797,19.1,1.4,37,True,False,123,lsm,True,False,6
9996,0,0,4,49,46,95,891,20.9,3.9,30,True,False,123,lsm,True,False,6
9996,0,0,4,44,41,85,899,21.6,10.1,18,True,False,123,lsm,True,False,6
9996,0,0,4,43,40,83,985,21.0,6.4,16,True,False,123,lsm,True,False,6
9996,0,0,4,46,38,84,1057,20.7,11.9,16,True,False,123,lsm,True,False,6
9996,0,0,4,46,38,84,1274,21.6,10.1,21,True,False,123,lsm,True,False,6
9996,0,0,4,48,34,82,1283,21.5,3.2,18,True,False,123,lsm,True,False,6
9996,0,0,4,41,34,75,1299,21.2,15.0,25,True,False,123,lsm,True,False,6
9996,0,0,4,40,31,71,512,20.7,0.0,25,True,False,123,lsm,True,False,6
9996,0,0,4,36,26,62,592,21.0,7.1,28,True,False,123,lsm,True,False,6
9996,0,0,4,40,21,61,692,20.4,13.9,29,True,False,123,lsm,True,False,6
9996,0,0,4,44,22,66,754,20.9,9.7,30,True,False,123,lsm,True,False,6
9996,0,0,4,41,20,61,930,19.5,10.7,30,True,False,123,lsm,True,False,6
9996,0,0,4,45,20,65,961,20.1,3.5,25,True,False,123,lsm,True,False,6
9996,0,0,4,45,19,64,1063,20.0,2.9,25,True,False,123,lsm,True,False,6
9996,0,0,4,54,19,73,428,20.9,0.0,18,True,False,123,lsm,True,False,6
9996,0,0,4,50,17,67,739,19.8,2.7,18,True,False,123,lsm,True,False,6
9996,0,0,4,44,16,60,831,20.7,6.2,18,True,False,123,lsm,True,False,6
9996,0,0,4,43,16,59,932,21.0,6.8,15,True,False,123,lsm,True,False,6
9996,0,0,4,37,15,52,893,20.8,1.8,11,True,False,123,lsm,True,False,6
9996,0,0,4,37,16,53,811,18.9,0.8,6,True,False,123,lsm,True,False,6
9996,0,0,4,37,16,53,703,20.5,0.0,6,True,False,123,lsm,True,False,6
9996,0,0,4,33,16,49,310,20.2,2.7,6,True,False,123,lsm,True,False,6
9996,0,0,4,30,14,44,365,21.3,6.2,9,True,False,123,lsm,True,False,6
9996,0,0,4,30,13,43,361,21.4,2.0,9,True,False,123,lsm,True,False,6
9996,0,0,4,31,13,44,503,21.4,16.0,14,True,False,123,lsm,True,False,6
9996,0,0,4,29,14,43,502,21.6,0.0,11,True,False,123,lsm,True,False,6
9996,0,0,4,28,14,42,602,21.0,0.2,11,True,False,123,lsm,True,False,6
9996,0,0,4,24,10,34,633,22.8,0.0,11,True,False,123,lsm,True,False,6
9996,0,0,4,23,10,33,240,22.5,1.9,11,True,False,123,lsm,True,False,6
9996,0,0,4,23,8,31,234,21.6,0.0,11,True,False,123,lsm,True,False,6
9996,0,0,4,24,7,31,230,21.8,0.2,8,True,False,123,lsm,True,False,6
9996,0,0,4,23,8,31,221,20.7,0.3,8,True,False,123,lsm,True,False,6
9996,0,0,4,27,8,35,188,22.5,0.0,0,True,False,123,lsm,True,False,6
9996,0,0,4,23,8,31,266,22.4,0.5,0,True,False,123,lsm,True,False,6
9996,0,0,4,23,8,31,263,23.1,1.3,0,True,False,123,lsm,True,False,6
9996,0,0,4,21,7,28,89,22.5,0.0,0,True,False,123,lsm,True,False,6
9996,0,0,4,21,6,27,132,21.6,0.6,0,True,False,123,lsm,True,False,6
9996,0,0,4,21,5,26,131,21.6,0.2,0,True,False,123,lsm,True,False,6
9996,0,0,4,18,5,23,131,20.7,1.6,0,True,False,123,lsm,True,False,6
9996,0,0,4,14,5,19,182,21.6,0.0,0,True,False,123,lsm,True,False,6
9996,0,0,4,14,5,19,166,20.9,5.4,2,True,False,123,lsm,True,False,6
9996,0,0,4,14,5,19,175,21.9,1.9,2,True,False,123,lsm,True,False,6
9996,0,0,4,13,4,17,81,21.7,11.6,7,True,False,123,lsm,True,False,6
9998,0,2,0,2000,3000,5000,2000,25.0,0.0,0,False,False,123,itn_irs,False,True,7
9998,0,2,0,1858,2788,4646,16872,21.5,2.3,0,False,True,123,itn_irs,False,True,7
9998,0,2,0,1593,2379,3972,24259,22.3,0.0,0,False,True,123,itn_irs,False,True,7
9998,0,2,0,1367,2033,3400,26376,22.3,0.0,0,False,True,123,itn_irs,False,True,7
9997,1,2,0,1156,1728,2884,25839,21.8,0.0,0,False,True,123,itn_irs,False,True,7
9997,1,2,0,995,1447,2442,23855,21.6,0.0,0,False,True,123,itn_irs,False,True,7
9997,1,2,0,871,1250,2121,22187,19.5,0.2,0,False,True,123,itn_irs,False,True,7
9997,1,2,0,734,1063,1797,19228,20.1,1.7,0,False,True,123,itn_irs,False,True,7
9997,0,1,2,612,894,1506,16541,21.8,0.3,0,False,True,123,itn_irs,False,True,7
9997,0,1,2,521,754,1275,14457,21.7,0.0,0,False,True,123,itn_irs,False,True,7
9997,0,1,2,435,642,1077,12816,21.0,0.0,0,False,True,123,itn_irs,False,True,7
9997,0,1,2,382,540,922,10753,19.8,7.2,3,False,True,123,itn_irs,False,True,7
9997,0,1,2,326,469,795,11031,21.2,8.0,7,False,True,123,itn_irs,False,True,7
9997,0,1,2,283,397,680,11039,20.1,5.1,9,False,True,123,itn_irs,False,True,7
9997,0,1,2,225,340,565,10631,20.6,3.5,9,False,True,123,itn_irs,False,True,7
9997,0,1,2,204,278,482,10332,21.0,1.7,9,False,True,123,itn_irs,False,True,7
9997,0,0,3,195,258,453,10335,20.8,3.8,9,False,True,123,itn_irs,False,True,7
9997,0,0,3,206,222,428,10457,21.9,0.5,9,False,True,123,itn_irs,False,True,7
9997,0,0,3,219,205,424,9399,21.3,0.3,9,False,True,123,itn_irs,False,True,7
9997,0,0,3,252,193,445,8621,21.9,0.1,6,False,True,123,itn_irs,False,True,7
9997,0,0,3,273,176,449,6805,24.0,0.0,2,False,True,123,itn_irs,False,True,7
9998,0,0,2,352,167,519,5921,23.1,0.3,0,False,True,123,itn_irs,False,True,7
9998,0,0,2,339,147,486,5314,21.4,1.6,0,False,True,123,itn_irs,False,True,7
9998,0,0,2,337,129,466,4870,22.8,0.0,0,False,True,123,itn_irs,False,True,7
9998,0,0,2,334,120,454,4729,21.2,3.8,0,False,True,123,itn_irs,False,True,7
9998,0,0,2,297,105,402,4204,22.3,0.0,0,False,True,123,itn_irs,False,True,7
9998,0,0,2,285,171,456,5429,22.4,52.3,26,False,True,123,itn_irs,False,True,7
9998,0,0,2,261,149,410,6276,22.4,0.0,26,False,True,123,itn_irs,False,True,7
9998,0,0,2,253,139,392,6774,21.3,24.9,38,False,True,123,itn_irs,False,True,7
9998,0,0,2,230,119,349,6967,21.2,0.0,38,False,True,123,itn_irs,False,True,7
9998,0,0,2,224,113,337,6941,19.9,8.1,42,False,True,123,itn_irs,False,True,7
9998,0,0,2,217,100,317,6874,21.1,0.0,42,False,True,123,itn_irs,False,True,7
9998,0,0,2,196,84,280,6795,21.1,0.4,42,False,True,123,itn_irs,False,True,7
9998,0,0,2,201,79,280,6649,23.0,0.0,42,False,True,123,itn_irs,False,True,7
9998,0,0,2,204,75,279,6857,22.4,0.0,16,False,True,123,itn_irs,False,True,7
9998,0,0,2,213,67,280,6249,21.6,9.9,20,False,True,123,itn_irs,False,True,7
9998,0,0,2,235,63,298,5726,21.2,0.8,8,False,True,123,itn_irs,False,True,7
9998,0,0,2,257,146,403,6208,20.1,50.0,33,False,True,123,itn_irs,False,True,7
9997,1,0,2,310,126,436,6638,19.9,7.5,32,False,True,123,itn_irs,False,True,7
9997,1,0,2,252,111,363,6712,19.6,21.2,42,False,True,123,itn_irs,False,True,7
9997,1,0,2,297,92,389,6998,21.3,0.0,42,False,True,123,itn_irs,False,True,7
9997,1,0,2,369,98,467,7406,21.0,2.4,42,False,True,123,itn_irs,False,True,7
9997,0,1,2,432,92,524,8007,22.8,0.0,42,False,True,123,itn_irs,False,True,7
9997,0,1,2,555,101,656,8706,22.9,0.0,38,False,True,123,itn_irs,False,True,7
9997,0,1,2,551,99,650,9573,20.7,5.5,40,False,True,123,itn_irs,False,True,7
9997,0,1,2,551,92,643,9848,21.7,2.0,15,False,True,123,itn_irs,False,True,7
9997,0,1,2,564,86,650,9556,21.2,1.0,12,False,True,123,itn_irs,False,True,7
9997,0,1,2,528,80,608,9301,23.2,0.0,2,False,True,123,itn_irs,False,True,7
9997,0,1,2,525,80,605,9225,22.7,7.2,5,False,True,123,itn_irs,False,True,7
9997,0,1,2,501,71,572,9145,21.7,2.0,5,False,True,123,itn_irs,False,True,7
9997,0,0,3,476,61,537,9495,20.6,10.9,10,False,True,123,itn_irs,False,True,7
9997,0,0,3,485,85,570,9225,20.8,1.2,10,False,True,123,itn_irs,False,True,7
9997,0,0,3,482,84,566,9019,22.5,0.0,8,False,True,123,itn_irs,False,True,7
9997,0,0,3,452,75,527,9282,22.8,5.8,10,False,True,123,itn_irs,False,True,7
9997,0,0,3,455,70,525,9230,21.4,16.4,18,False,True,123,itn_irs,False,True,7
9997,0,0,3,484,69,553,9645,21.5,7.8,21,False,True,123,itn_irs,False,True,7
9997,0,0,3,530,68,598,10069,22.8,0.0,18,False,True,123,itn_irs,False,True,7
9997,0,0,3,552,144,696,10531,20.5,49.0,42,False,True,123,itn_irs,False,True,7
9997,0,0,3,600,127,727,11358,20.5,8.9,41,False,True,123,itn_irs,False,True,7
9997,0,0,3,616,110,726,12338,21.3,8.3,45,False,True,123,itn_irs,False,True,7
9997,0,0,3,676,99,775,12485,20.0,18.6,54,False,True,123,itn_irs,False,True,7
9997,0,0,3,711,91,802,12213,20.5,8.3,56,False,True,123,itn_irs,False,True,7
9997,0,0,3,769,77,846,12927,20.6,5.0,50,False,True,123,itn_irs,False,True,7
9997,0,0,3,774,75,849,13880,21.6,0.8,47,False,True,123,itn_irs,False,True,7
9997,0,0,3,769,68,837,14256,20.7,5.1,49,False,True,123,itn_irs,False,True,7
9997,0,0,3,657,53,710,14393,20.2,14.0,32,False,True,123,itn_irs,False,True,7
9997,0,0,3,704,51,755,14454,20.4,3.3,28,False,True,123,itn_irs,False,True,7
9997,0,0,3,740,52,792,14684,21.8,0.0,24,False,True,123,itn_irs,False,True,7
9997,0,0,3,748,51,799,15142,21.1,0.0,15,False,True,123,itn_irs,False,True,7
9997,0,0,3,724,50,774,15153,22.1,4.1,11,False,True,123,itn_irs,False,True,7
9997,0,0,3,790,43,833,15777,21.1,11.0,14,False,True,123,itn_irs,False,True,7
9997,0,0,3,823,35,858,16293,21.4,0.8,14,False,True,123,itn_irs,False,True,7
9997,0,0,3,835,47,882,14985,21.7,0.3,12,False,True,123,itn_irs,False,True,7
9997,0,0,3,878,56,934,15474,20.9,17.0,13,False,True,123,itn_irs,False,True,7
9997,0,0,3,926,57,983,15903,22.7,0.0,13,False,True,123,itn_irs,False,True,7
9997,0,0,3,943,65,1008,16587,21.0,1.5,13,False,True,123,itn_irs,False,True,7
9997,0,0,3,1208,64,1272,17260,22.6,0.0,13,False,True,123,itn_irs,False,True,7
9997,0,0,3,1304,61,1365,17325,21.8,4.3,13,False,True,123,itn_irs,False,True,7
9997,0,0,3,1319,136,1455,19079,22.6,50.0,33,False,True,123,itn_irs,False,True,7
9997,0,0,3,1316,124,1440,20503,21.4,3.9,33,False,True,123,itn_irs,False,True,7
9997,0,0,3,1303,110,1413,21861,21.7,2.4,33,False,True,123,itn_irs,False,True,7
9997,0,0,3,1324,87,1411,22805,23.9,0.0,25,False,True,123,itn_irs,False,True,7
9997,0,0,3,1332,79,1411,24130,21.7,4.5,25,False,True,123,itn_irs,False,True,7
9997,0,0,3,1315,67,1382,24937,22.8,1.0,25,False,True,123,itn_irs,False,True,7
9997,0,0,3,1365,56,1421,24973,22.3,7.1,28,False,True,123,itn_irs,False,True,7
9998,0,0,2,1409,53,1462,23716,21.6,0.0,28,False,True,123,itn_irs,False,True,7
9998,0,0,2,1413,46,1459,24704,20.8,13.9,9,False,True,123,itn_irs,False,True,7
9998,0,0,2,1460,45,1505,25720,21.2,15.5,16,False,True,123,itn_irs,False,True,7
9998,0,0,2,1480,46,1526,26893,22.0,0.8,16,False,True,123,itn_irs,False,True,7
9998,0,0,2,1534,46,1580,27285,21.8,0.0,16,False,True,123,itn_irs,False,True,7
9998,0,0,2,1590,44,1634,28377,22.1,3.0,16,False,True,123,itn_irs,False,True,7
9998,0,0,2,1743,43,1786,29609,21.9,19.7,25,False,False,123,itn_irs,False,True,7
9998,0,0,2,2029,75,2104,31349,21.7,11.8,27,False,False,123,itn_irs,False,True,7
9998,0,0,2,2325,178,2503,33088,21.3,61.0,57,False,False,123,itn_irs,False,True,7
9998,0,0,2,2568,176,2744,35023,21.4,4.0,51,False,False,123,itn_irs,False,True,7
9998,0,0,2,2754,167,2921,38302,22.7,0.0,44,False,False,123,itn_irs,False,True,7
9998,0,0,2,3013,171,3184,40861,21.2,19.1,53,False,False,123,itn_irs,False,True,7
9998,0,0,2,3193,165,3358,43376,22.2,8.9,57,False,False,123,itn_irs,False,True,7
9998,0,0,2,3242,169,3411,45542,21.6,23.7,68,False,False,123,itn_irs,False,True,7
9998,0,0,2,3388,161,3549,47796,23.0,0.0,59,False,False,123,itn_irs,False,True,7
9998,0,0,2,3500,151,3651,52366,23.2,0.0,54,False,False,123,itn_irs,False,True,7
9998,0,0,2,3600,144,3744,56421,21.8,4.7,24,False,False,123,itn_irs,False,True,7
9998,0,0,2,3750,139,3889,59091,21.7,1.7,24,False,False,123,itn_irs,False,True,7
9998,0,0,2,3871,218,4089,63354,23.3,52.3,50,False,False,123,itn_irs,False,True,7
9998,0,0,2,4046,205,4251,68136,23.2,0.0,41,False,False,123,itn_irs,False,True,7
9998,0,0,2,4170,195,4365,72103,22.4,8.7,41,False,False,123,itn_irs,False,True,7
9998,0,0,2,4398,188,4586,75232,20.4,2.0,30,False,False,123,itn_irs,False,True,7
9998,0,0,2,4755,212,4967,79375,21.5,4.1,30,False,False,123,itn_irs,False,True,7
9998,0,0,2,5201,210,5411,84399,19.4,0.0,30,False,False,123,itn_irs,False,True,7
9998,0,0,2,5639,203,5842,89477,20.3,19.1,39,False,False,123,itn_irs,False,True,7
9998,0,0,2,6231,244,6475,96387,20.2,37.1,57,False,False,123,itn_irs,False,True,7
9998,0,0,2,6866,266,7132,99463,19.0,31.1,46,False,False,123,itn_irs,False,True,7
9998,0,0,2,7436,266,7702,109359,20.3,1.8,46,False,False,123,itn_irs,False,True,7
9998,0,0,2,8086,267,8353,121234,21.9,0.0,42,False,False,123,itn_irs,False,True,7
9998,0,0,2,7498,254,7752,128673,19.7,4.7,42,False,False,123,itn_irs,False,True,7
9998,0,0,2,7984,248,8232,129580,21.0,8.6,46,False,False,123,itn_irs,False,True,7
9998,0,0,2,8380,239,8619,138008,22.9,0.0,46,False,False,123,itn_irs,False,True,7
9999,0,0,1,8767,229,8996,147191,20.6,2.0,37,False,False,123,itn_irs,False,True,7
9999,0,0,1,9193,251,9444,143802,21.3,3.9,19,False,False,123,itn_irs,False,True,7
9999,0,0,1,9595,241,9836,143002,22.5,2.0,4,False,False,123,itn_irs,False,True,7
9999,0,0,1,9834,245,10079,151810,22.4,8.9,8,False,False,123,itn_irs,False,True,7
9999,0,0,1,10171,221,10392,162839,22.5,0.0,8,False,False,123,itn_irs,False,True,7
9999,0,0,1,10521,223,10744,161113,22.8,0.0,8,False,False,123,itn_irs,False,True,7
9999,0,0,1,12213,252,12465,163102,22.9,2.2,4,False,False,123,itn_irs,False,True,7
9999,0,0,1,12763,256,13019,165918,22.0,2.0,4,False,False,123,itn_irs,False,True,7
9999,0,0,1,13279,262,13541,173123,20.7,4.1,4,False,False,123,itn_irs,False,True,7
9999,0,0,1,13873,257,14130,176196,19.9,1.4,4,False,False,123,itn_irs,False,True,7
9999,0,0,1,14436,253,14689,182072,21.1,0.5,4,False,False,123,itn_irs,False,True,7
9999,0,0,1,14588,251,14839,188594,21.8,7.1,3,False,False,123,itn_irs,False,True,7
9998,1,0,1,14790,239,15029,193374,22.2,0.3,3,False,False,123,itn_irs,False,True,7
9998,1,0,1,14946,233,15179,210599,21.7,10.9,8,False,False,123,itn_irs,False,True,7
9998,1,0,1,15159,228,15387,228087,22.0,5.1,10,False,False,123,itn_irs,False,True,7
9998,1,0,1,15485,223,15708,243554,21.8,5.3,12,False,False,123,itn_irs,False,True,7
9998,0,1,1,16040,219,16259,258818,22.3,0.0,12,False,False,123,itn_irs,False,True,7
9998,0,1,1,16482,212,16694,273332,21.5,3.0,12,False,False,123,itn_irs,False,True,7
9998,0,1,1,17160,214,17374,286362,23.3,2.0,12,False,False,123,itn_irs,False,True,7
9998,0,1,1,17946,209,18156,301941,22.6,1.0,9,False,False,123,itn_irs,False,True,7
9998,0,1,1,19124,204,19329,294219,21.2,0.0,9,False,False,123,itn_irs,False,True,7
9998,0,1,1,20298,213,20511,293074,20.7,6.9,7,False,False,123,itn_irs,False,True,7
9998,0,1,1,21707,216,21923,295800,22.2,0.0,5,False,False,123,itn_irs,False,True,7
9998,0,1,1,22823,230,23053,301014,21.5,3.2,3,False,False,123,itn_irs,False,True,7
9998,0,0,2,24109,226,24336,307407,22.2,7.0,6,False,False,123,itn_irs,False,True,7
9998,0,0,2,25391,229,25621,317726,23.9,0.5,6,False,False,123,itn_irs,False,True,7
9998,0,0,2,26604,230,26835,353207,22.5,7.9,9,False,False,123,itn_irs,False,True,7
9998,0,0,2,27654,222,27877,384973,20.5,6.0,12,False,False,123,itn_irs,False,True,7
9998,0,0,2,28816,218,29035,389775,21.1,0.0,12,False,False,123,itn_irs,False,True,7
9998,0,0,2,29682,211,29894,425471,21.8,1.0,9,False,False,123,itn_irs,False,True,7
9998,0,0,2,30534,200,30735,425443,22.1,0.0,9,False,False,123,itn_irs,False,True,7
9998,0,0,2,31193,189,31383,461714,20.7,15.3,16,False,False,123,itn_irs,False,True,7
9998,0,0,2,31830,179,32010,493412,22.7,0.8,13,False,False,123,itn_irs,False,True,7
9998,0,0,2,32659,186,32845,484324,21.9,1.0,13,False,False,123,itn_irs,False,True,7
9998,0,0,2,33457,182,33639,482935,22.1,0.3,10,False,False,123,itn_irs,False,True,7
9998,0,0,2,34594,180,34774,523413,20.6,18.2,16,False,False,123,itn_irs,False,True,7
9998,0,0,2,36171,172,36343,561087,20.7,1.0,16,False,False,123,itn_irs,False,True,7
9998,0,0,2,38163,171,38334,597501,20.5,10.9,21,False,False,123,itn_irs,False,True,7
9998,0,0,2,40715,174,40889,635880,20.4,1.7,21,False,False,123,itn_irs,False,True,7
9998,0,0,2,44029,176,44205,678042,20.8,8.7,18,False,False,123,itn_irs,False,True,7
9998,0,0,2,40734,162,40896,710083,21.5,0.3,18,False,False,123,itn_irs,False,True,7
9998,0,0,2,43194,169,43363,739879,19.9,6.0,21,False,False,123,itn_irs,False,True,7
9998,0,0,2,45740,173,45913,773187,20.0,14.3,28,False,False,123,itn_irs,False,True,7
9998,0,0,2,49160,193,49353,806971,20.3,25.5,31,False,False,123,itn_irs,False,True,7
9998,0,0,2,52565,209,52774,848769,20.3,26.8,44,False,False,123,itn_irs,False,True,7
9998,0,0,2,56409,206,56615,901113,21.6,0.0,39,False,False,123,itn_irs,False,True,7
9998,0,0,2,60325,219,60544,956347,20.6,20.2,49,False,False,123,itn_irs,False,True,7
9998,0,0,2,63936,217,64153,973039,20.5,10.9,50,False,False,123,itn_irs,False,True,7
9998,0,0,2,67707,206,67913,996503,19.7,5.0,52,False,False,123,itn_irs,False,True,7
9998,0,0,2,71991,203,72194,1029272,20.6,11.8,54,False,False,123,itn_irs,False,True,7
9998,0,0,2,75880,204,76084,1113211,19.1,10.4,52,False,False,123,itn_irs,False,True,7
9998,0,0,2,79782,205,79987,1195150,19.9,13.5,46,False,False,123,itn_irs,False,True,7
9998,0,0,2,73946,192,74138,1259262,20.2,0.0,33,False,False,123,itn_irs,False,True,7
9998,0,0,2,77005,192,77197,1310021,20.4,1.0,33,False,False,123,itn_irs,False,True,7
9998,0,0,2,80342,190,80532,1363941,20.0,4.1,23,False,False,123,itn_irs,False,True,7
9998,0,0,2,84024,186,84210,1424114,21.2,2.3,18,False,False,123,itn_irs,False,True,7
9998,0,0,2,98253,178,98431,1512560,22.6,1.0,16,False,False,123,itn_irs,False,True,7
9998,0,0,2,102878,175,103053,1607246,21.1,4.1,11,False,False,123,itn_irs,False,True,7
9998,0,0,2,107786,184,107970,1585386,19.8,5.1,8,False,False,123,itn_irs,False,True,7
9998,0,0,2,112040,185,112225,1580935,20.6,6.1,5,False,False,123,itn_irs,False,True,7
9998,0,0,2,116314,187,116501,1710410,20.0,10.6,10,False,False,123,itn_irs,False,True,7
9998,0,0,2,120868,192,121060,1835599,21.6,0.0,10,False,False,123,itn_irs,False,True,7
9998,0,0,2,126617,208,126825,1955834,21.4,0.5,10,False,False,123,itn_irs,False,True,7
9998,0,0,2,133610,210,133820,2081953,21.0,8.3,14,False,False,123,itn_irs,False,True,7
9998,0,0,2,142009,220,142229,2210724,20.7,24.7,26,False,False,123,itn_irs,False,True,7
9998,0,0,2,150957,216,151173,2352152,21.1,10.7,31,False,False,123,itn_irs,False,True,7
9998,0,0,2,159899,211,160110,2499770,22.8,1.4,29,False,False,123,itn_irs,False,True,7
9998,0,0,2,167161,215,167376,2645818,22.7,0.6,26,False,False,123,itn_irs,False,True,7
9998,0,0,2,198401,236,198637,2852062,21.4,10.5,26,False,False,123,itn_irs,False,True,7
9998,0,0,2,209140,231,209371,3081918,21.9,9.8,30,False,False,123,itn_irs,False,True,7
9998,0,0,2,223332,234,223566,3322460,22.7,5.1,32,False,False,123,itn_irs,False,True,7
9998,0,0,2,236866,224,237090,3576390,20.5,3.8,28,False,False,123,itn_irs,False,True,7
9998,0,0,2,253296,229,253525,3839669,21.9,1.2,16,False,False,123,itn_irs,False,True,7
9998,0,0,2,272420,229,272649,4118286,22.6,3.2,11,False,False,123,itn_irs,False,True,7
9998,0,0,2,290943,240,291183,4423235,20.3,12.4,17,False,False,123,itn_irs,False,True,7
9998,0,0,2,308357,277,308634,4731076,20.8,33.8,33,False,False,123,itn_irs,False,True,7
9998,0,0,2,325502,273,325775,5057239,20.8,4.9,28,False,False,123,itn_irs,False,True,7
9998,0,0,2,342832,284,343116,5386324,21.5,5.5,26,False,False,123,itn_irs,False,True,7
9998,0,0,2,360656,287,360943,5731875,22.6,2.5,24,False,False,123,itn_irs,False,True,7
9998,0,0,2,380092,288,380380,6080142,22.9,9.7,28,False,False,123,itn_irs,False,True,7
9998,0,0,2,399523,282,399805,6446251,21.3,1.0,28,False,False,123,itn_irs,False,True,7
9998,0,0,2,417741,283,418024,6815910,21.7,0.5,28,False,False,123,itn_irs,False,True,7
9998,0,0,2,441616,293,441909,6705582,21.2,0.5,22,False,False,123,itn_irs,False,True,7
9998,0,0,2,460813,303,461116,6681778,22.4,0.0,6,False,False,123,itn_irs,False,True,7
9998,0,0,2,477116,305,477421,6730974,21.9,3.0,6,False,False,123,itn_irs,False,True,7
9998,0,0,2,491013,305,491318,6806483,21.8,2.0,4,False,False,123,itn_irs,False,True,7
9998,0,0,2,502832,303,503135,5897532,22.0,0.0,4,False,False,123,itn_irs,False,True,7
9997,1,0,2,505826,297,506123,5324813,22.3,0.5,0,False,False,123,itn_irs,False,True,7
9997,1,0,2,502657,295,502952,4961028,21.6,0.5,0,False,False,123,itn_irs,False,True,7
9997,1,0,2,493853,282,494135,5425081,20.6,4.1,0,False,False,123,itn_irs,False,True,7
9997,1,0,2,485262,273,485535,6166515,20.2,16.6,8,False,False,123,itn_irs,False,True,7
9997,0,1,2,478689,265,478954,6776279,21.1,14.0,15,False,False,123,itn_irs,False,True,7
9997,0,1,2,474522,250,474773,7282495,21.4,1.3,15,False,False,123,itn_irs,False,True,7
9997,0,1,2,472016,240,472257,7709723,23.3,0.0,15,False,False,123,itn_irs,False,True,7
9997,0,1,2,471131,228,471361,8054447,22.7,0.0,15,False,False,123,itn_irs,False,True,7
9997,0,1,2,472158,214,472373,8355428,22.2,2.0,15,False,False,123,itn_irs,False,True,7
9996,1,1,2,477586,214,477801,8633797,21.7,1.0,15,False,False,123,itn_irs,False,True,7
9996,1,1,2,487022,198,487221,8895295,21.1,7.1,18,False,False,123,itn_irs,False,True,7
9996,1,1,2,501402,195,501598,8491866,21.3,11.7,15,False,False,123,itn_irs,False,True,7
9996,1,0,3,515586,193,515780,8864671,22.0,6.1,11,False,False,123,itn_irs,False,True,7
9996,0,1,3,543845,205,544050,9291154,21.0,25.9,23,False,False,123,itn_irs,False,True,7
9996,0,1,3,585664,207,585871,9805057,21.1,2.4,23,False,False,123,itn_irs,False,True,7
9996,0,1,3,639958,217,640176,10454666,22.9,0.0,23,False,False,123,itn_irs,False,True,7
9996,0,1,3,685295,216,685512,11190403,23.2,1.7,23,False,False,123,itn_irs,False,True,7
9996,0,1,3,721451,223,721675,11952757,21.3,5.6,25,False,False,123,itn_irs,False,True,7
9996,0,1,3,750638,232,750871,12694838,21.6,3.6,22,False,False,123,itn_irs,False,True,7
9996,0,1,3,773164,242,773406,13423732,22.3,16.9,25,False,False,123,itn_irs,False,True,7
9996,0,1,3,793014,248,793262,14119205,21.7,0.0,22,False,False,123,itn_irs,False,True,7
9996,0,0,4,809101,248,809350,14755510,21.4,14.9,17,False,False,123,itn_irs,False,True,7
9996,0,0,4,823917,246,824163,15356548,21.4,8.6,21,False,False,123,itn_irs,False,True,7
9996,0,0,4,837135,254,837389,15910313,20.4,18.0,30,False,False,123,itn_irs,False,True,7
9996,0,0,4,850196,244,850440,16414594,20.6,0.0,30,False,False,123,itn_irs,False,True,7
9996,0,0,4,866457,251,866708,16928979,21.7,0.4,28,False,False,123,itn_irs,False,True,7
9996,0,0,4,882359,255,882614,17439255,22.1,2.3,28,False,False,123,itn_irs,False,True,7
9996,0,0,4,898946,254,899200,17967359,22.7,5.9,22,False,False,123,itn_irs,False,True,7
9996,0,0,4,917703,249,917952,18506847,20.8,7.1,25,False,False,123,itn_irs,False,True,7
9996,0,0,4,939858,249,940107,19075166,21.1,0.0,18,False,False,123,itn_irs,False,True,7
9996,0,0,4,963980,247,964227,18270888,21.1,6.5,17,False,False,123,itn_irs,False,True,7
9996,0,0,4,984757,246,985003,19040087,21.4,9.5,12,False,False,123,itn_irs,False,True,7
9996,0,0,4,1005644,247,1005891,19784192,22.2,1.4,12,False,False,123,itn_irs,False,True,7
9996,0,0,4,1026651,253,1026904,20497778,21.6,2.5,12,False,False,123,itn_irs,False,True,7
9996,0,0,4,1046212,256,1046468,21197055,21.1,6.3,15,False,False,123,itn_irs,False,True,7
9996,0,0,4,1063200,252,1063452,21829225,21.8,0.0,13,False,False,123,itn_irs,False,True,7
9996,0,0,4,1080243,248,1080491,22460297,20.2,3.3,10,False,False,123,itn_irs,False,True,7
9996,0,0,4,1096129,269,1096398,21383261,21.7,0.0,10,False,False,123,itn_irs,False,True,7
9996,0,0,4,1108916,259,1109175,20550559,22.3,5.4,9,False,False,123,itn_irs,False,True,7
9996,0,0,4,1118974,258,1119232,21421813,22.2,14.0,12,False,False,123,itn_irs,False,True,7
9997,0,0,3,1129751,249,1130000,22208664,21.8,0.0,12,False,False,123,itn_irs,False,True,7
9997,0,0,3,1140485,249,1140734,22945067,21.3,3.4,12,False,False,123,itn_irs,False,True,7
9997,0,0,3,1151735,249,1151984,23621152,21.4,8.9,13,False,False,123,itn_irs,False,True,7
9997,0,0,3,1164397,264,1164661,24248445,21.7,7.7,16,False,False,123,itn_irs,False,True,7
9997,0,0,3,1180722,266,1180988,24920735,22.2,1.4,16,False,False,123,itn_irs,False,True,7
9997,0,0,3,1198114,261,1198375,25555737,22.4,1.7,16,False,False,123,itn_irs,False,True,7
9997,0,0,3,1215215,256,1215471,26150803,20.7,6.7,17,False,False,123,itn_irs,False,True,7
9996,1,0,3,1232512,250,1232762,26737558,22.5,1.9,10,False,False,123,itn_irs,False,True,7
9995,2,0,3,1250508,253,1250761,27315842,23.3,0.0,10,False,False,123,itn_irs,False,True,7
9995,2,0,3,1267529,251,1267780,27870031,22.2,14.0,17,False,False,123,itn_irs,False,True,7
9995,2,0,3,1284589,240,1284829,28396246,22.1,0.0,13,False,False,123,itn_irs,False,True,7
9995,1,1,3,1303001,257,1303258,29003357,21.0,31.0,25,False,False,123,itn_irs,False,True,7
9995,0,2,3,1323600,267,1323867,29672330,22.0,0.0,25,False,False,123,itn_irs,False,True,7
9995,0,2,3,1342240,283,1342544,30275812,21.0,3.9,25,False,False,123,itn_irs,False,True,7
9995,0,2,3,1358795,272,1359098,30881505,21.9,13.6,28,False,False,123,itn_irs,False,True,7
9995,0,2,3,1374049,273,1374348,31453906,20.5,22.6,39,False,False,123,itn_irs,False,True,7
9995,0,2,3,1386617,283,1386924,32016416,20.5,24.8,51,False,False,123,itn_irs,False,True,7
9995,0,2,3,1398567,271,1398873,31131844,20.8,7.7,47,False,False,123,itn_irs,False,True,7
9995,0,2,3,1408576,262,1408879,31811906,20.6,1.2,47,False,False,123,itn_irs,False,True,7
9995,0,1,4,1418732,247,1419017,32426748,21.7,11.2,37,False,False,123,itn_irs,False,True,7
9995,0,0,5,1427979,253,1428260,33001510,20.4,18.0,46,False,False,123,itn_irs,False,True,7
9995,0,0,5,1436257,247,1436522,33538111,20.6,4.9,46,False,False,123,itn_irs,False,True,7
9995,0,0,5,1328717,231,1328965,32824097,21.5,2.0,40,False,False,123,itn_irs,False,True,7
9995,0,0,5,1431607,223,1431842,32933744,20.7,0.0,29,False,False,123,itn_irs,False,True,7
9995,0,0,5,1439985,220,1440213,33342426,22.4,0.0,17,False,False,123,itn_irs,False,True,7
9995,0,0,5,1447444,222,1447671,33748432,22.3,0.0,14,False,False,123,itn_irs,False,True,7
9995,0,0,5,1455191,227,1455421,31654552,21.9,0.0,14,False,False,123,itn_irs,False,True,7
9995,0,0,5,1461958,220,1462179,30000280,21.3,6.4,12,False,False,123,itn_irs,False,True,7
9995,0,0,5,1467351,206,1467557,28631790,19.9,7.2,6,False,False,123,itn_irs,False,True,7
9995,0,0,5,1471770,207,1471977,27522369,19.8,2.4,6,False,False,123,itn_irs,False,True,7
9995,0,0,5,1475396,197,1475593,26625030,20.5,0.0,6,False,False,123,itn_irs,False,True,7
9995,0,0,5,1478219,207,1478426,25855019,21.3,1.7,6,False,False,123,itn_irs,False,True,7
9996,0,0,4,1481191,194,1481385,25243521,22.6,3.3,6,False,False,123,itn_irs,False,True,7
9996,0,0,4,1483450,177,1483627,24727671,21.0,0.5,6,False,False,123,itn_irs,False,True,7
9996,0,0,4,1484967,168,1485135,24263004,20.4,0.0,6,False,False,123,itn_irs,False,True,7
9996,0,0,4,1485984,167,1486151,20247531,20.8,1.7,3,False,False,123,itn_irs,False,True,7
9996,0,0,4,1485084,149,1485233,20595867,21.6,6.1,3,False,False,123,itn_irs,False,True,7
9996,0,0,4,1482365,144,1482509,20723613,19.7,7.3,6,False,False,123,itn_irs,False,True,7
9996,0,0,4,1479756,183,1479939,22399927,21.1,39.1,25,False,False,123,itn_irs,False,True,7
9996,0,0,4,1477601,173,1477774,23819560,21.9,0.0,25,False,False,123,itn_irs,False,True,7
9996,0,0,4,1476204,157,1476361,25023711,21.4,0.0,25,False,False,123,itn_irs,False,True,7
9996,0,0,4,1476480,147,1476627,26086601,20.7,9.9,29,False,False,123,itn_irs,False,True,7
9996,0,0,4,1478607,143,1478750,27036557,20.2,7.4,32,False,False,123,itn_irs,False,True,7
9996,0,0,4,1481667,131,1481798,27877876,21.5,4.7,32,False,False,123,itn_irs,False,True,7
9996,0,0,4,1485551,122,1485673,28613772,22.1,13.7,35,False,False,123,itn_irs,False,True,7
9996,0,0,4,1489973,120,1490093,29316571,21.7,12.1,38,False,False,123,itn_irs,False,True,7
9996,0,0,4,1494927,132,1495059,29959623,20.8,21.8,29,False,False,123,itn_irs,False,True,7
9996,0,0,4,1500394,174,1500568,29233477,20.6,38.6,48,False,False,123,itn_irs,False,True,7
9996,0,0,4,1505862,171,1506033,30008117,20.6,0.0,48,False,False,123,itn_irs,False,True,7
9996,0,0,4,1511973,175,1512148,29370039,20.8,11.1,49,False,False,123,itn_irs,False,True,7
9996,0,0,4,1521549,174,1521723,30386145,21.0,0.0,46,False,False,123,itn_irs,False,True,7
9996,0,0,4,1530825,171,1530996,31325633,20.5,7.7,49,False,False,123,itn_irs,False,True,7
9995,1,0,4,1539030,166,1539196,32199657,21.6,6.1,46,False,False,123,itn_irs,False,True,7
9995,1,0,4,1545040,171,1545211,32978325,19.9,9.5,44,False,False,123,itn_irs,False,True,7
9995,1,0,4,1549682,173,1549855,33648496,19.9,13.5,40,False,False,123,itn_irs,False,True,7
9995,1,0,4,1553628,162,1553790,34236239,19.5,5.9,23,False,False,123,itn_irs,False,True,7
9995,0,1,4,1557360,155,1557515,34768492,20.6,2.0,23,False,False,123,itn_irs,False,True,7
9995,0,1,4,1560497,162,1560659,35219724,19.6,2.3,18,False,False,123,itn_irs,False,True,7
9995,0,1,4,1563608,153,1563761,35642057,20.5,0.0,18,False,False,123,itn_irs,False,True,7
9995,0,1,4,1566620,149,1566769,35990493,21.2,0.0,15,False,False,123,itn_irs,False,True,7
9995,0,1,4,1569396,148,1569544,36322018,21.6,3.1,12,False,False,123,itn_irs,False,True,7
9995,0,1,4,1572724,142,1572866,33950443,22.3,1.8,8,False,False,123,itn_irs,False,True,7
9995,0,1,4,1576027,154,1576181,32090425,20.4,12.2,8,False,False,123,itn_irs,False,True,7
9995,0,1,4,1578564,151,1578715,30584961,21.8,3.6,6,False,False,123,itn_irs,False,True,7
9996,0,0,4,1581347,156,1581503,31654520,21.1,6.7,9,False,False,123,itn_irs,False,True,7
9996,0,0,4,1584452,150,1584602,32630288,21.2,8.1,13,False,False,123,itn_irs,False,True,7
9996,0,0,4,1588176,142,1588318,33482300,21.3,3.6,13,False,False,123,itn_irs,False,True,7
9996,0,0,4,1592144,145,1592289,34243068,21.2,11.5,18,False,False,123,itn_irs,False,True,7
9996,0,0,4,1596386,160,1596546,34899966,21.3,26.0,31,False,False,123,itn_irs,False,True,7
9995,1,0,4,1600166,152,1600318,35484775,20.4,18.5,40,False,False,123,itn_irs,False,True,7
9995,1,0,4,1603858,146,1604004,35995009,20.4,15.2,41,False,False,123,itn_irs,False,True,7
9995,1,0,4,1607475,172,1607647,34834323,21.3,35.2,58,False,False,123,itn_irs,False,True,7
9995,1,0,4,1610138,177,1610315,33863063,20.6,11.9,60,False,False,123,itn_irs,False,True,7
9995,0,1,4,1612393,175,1612568,33034545,20.3,10.0,61,False,False,123,itn_irs,False,True,7
9995,0,1,4,1614249,163,1614434,32329260,21.9,0.0,61,False,False,123,itn_irs,False,True,7
9995,0,1,4,1616100,157,1616300,33160310,22.0,7.6,59,False,False,123,itn_irs,False,True,7
9995,0,1,4,1618487,149,1618691,33950907,21.7,0.0,46,False,False,123,itn_irs,False,True,7
9995,0,1,4,1621662,140,1621841,34723486,19.1,1.4,37,False,False,123,itn_irs,False,True,7
9995,0,1,4,1625461,140,1625647,35476460,20.9,3.9,30,False,False,123,itn_irs,False,True,7
9995,0,1,4,1628871,133,1629045,36114578,21.6,10.1,18,False,False,123,itn_irs,False,True,7
9995,0,1,4,1632325,136,1632506,36651160,21.0,6.4,16,False,False,123,itn_irs,False,True,7
9995,0,0,5,1635749,134,1635920,37151269,20.7,11.9,16,False,False,123,itn_irs,False,True,7
9995,0,0,5,1639299,129,1639455,37591095,21.6,10.1,21,False,False,123,itn_irs,False,True,7
9995,0,0,5,1642655,139,1642808,37970341,21.5,3.2,18,False,False,123,itn_irs,False,True,7
9995,0,0,5,1646203,142,1646351,38331700,21.2,15.0,25,False,False,123,itn_irs,False,True,7
9996,0,0,4,1649638,144,1649785,38657714,20.7,0.0,25,False,False,123,itn_irs,False,True,7
9996,0,0,4,1653097,148,1653246,38988363,21.0,7.1,28,False,False,123,itn_irs,False,True,7
9996,0,0,4,1656728,147,1656875,39345606,20.4,13.9,29,False,False,123,itn_irs,False,True,7
9996,0,0,4,1660227,157,1660384,39711796,20.9,9.7,30,False,False,123,itn_irs,False,True,7
9996,0,0,4,1663691,156,1663847,40074267,19.5,10.7,30,False,False,123,itn_irs,False,True,7
9996,0,0,4,1666990,171,1667161,40407609,20.1,3.5,25,False,False,123,itn_irs,False,True,7
9996,0,0,4,1669757,167,1669924,40704440,20.0,2.9,25,False,False,123,itn_irs,False,True,7
9996,0,0,4,1672715,172,1672887,40976263,20.9,0.0,18,False,False,123,itn_irs,False,True,7
9996,0,0,4,1675685,163,1675848,41247349,19.8,2.7,18,False,False,123,itn_irs,False,True,7
9995,1,0,4,1678687,164,1678851,41501026,20.7,6.2,18,False,False,123,itn_irs,False,True,7
9995,1,0,4,1681037,169,1681206,41728246,21.0,6.8,15,False,False,123,itn_irs,False,True,7
9995,1,0,4,1683313,163,1683476,38875656,20.8,1.8,11,False,False,123,itn_irs,False,True,7
9995,1,0,4,1685061,158,1685219,36538610,18.9,0.8,6,False,False,123,itn_irs,False,True,7
9995,0,1,4,1686589,152,1686741,34604912,20.5,0.0,6,False,False,123,itn_irs,False,True,7
9994,1,1,4,1559585,135,1559735,31895919,20.2,2.7,6,False,False,123,itn_irs,False,True,7
9994,1,1,4,1688096,145,1688276,31307724,21.3,6.2,9,False,False,123,itn_irs,False,True,7
9994,1,1,4,1689011,150,1689204,30300399,21.4,2.0,9,False,False,123,itn_irs,False,True,7
9994,1,1,4,1689658,146,1689843,31699478,21.4,16.0,14,False,False,123,itn_irs,False,True,7
9994,0,2,4,1690478,142,1690674,32895080,21.6,0.0,11,False,False,123,itn_irs,False,True,7
9994,0,2,4,1691601,143,1691809,33918958,21.0,0.2,11,False,False,123,itn_irs,False,True,7
9994,0,2,4,1692885,151,1693120,34801458,22.8,0.0,11,False,False,123,itn_irs,False,True,7
9994,0,1,5,1694175,152,1694424,35552815,22.5,1.9,11,False,False,123,itn_irs,False,True,7
9994,0,1,5,1695390,152,1695611,33551909,21.6,0.0,11,False,False,123,itn_irs,False,True,7
9994,0,1,5,1696417,148,1696615,31933023,21.8,0.2,8,False,False,123,itn_irs,False,True,7
9994,0,1,5,1697351,150,1697536,25867438,20.7,0.3,8,False,False,123,itn_irs,False,True,7
9994,0,1,5,1701388,156,1701564,22654062,22.5,0.0,0,False,False,123,itn_irs,False,True,7
9994,0,0,6,1701447,143,1701601,19859918,22.4,0.5,0,False,False,123,itn_irs,False,True,7
9994,0,0,6,1700898,131,1701037,18018304,23.1,1.3,0,False,False,123,itn_irs,False,True,7
9994,0,0,6,1687851,128,1687987,16674428,22.5,0.0,0,False,False,123,itn_irs,False,True,7
9994,0,0,6,1690603,121,1690729,15846163,21.6,0.6,0,False,False,123,itn_irs,False,True,7
9994,0,0,6,1657126,120,1657251,15253415,21.6,0.2,0,False,False,123,itn_irs,False,True,7
9994,0,0,6,1600841,119,1600964,14681672,20.7,1.6,0,False,False,123,itn_irs,False,True,7
9994,0,0,6,1530567,112,1530682,14112410,21.6,0.0,0,False,False,123,itn_irs,False,True,7
9995,0,0,5,1451999,106,1452108,13512806,20.9,5.4,2,False,False,123,itn_irs,False,True,7
9995,0,0,5,1370160,100,1370263,12888568,21.9,1.9,2,False,False,123,itn_irs,False,True,7
9995,0,0,5,1287197,96,1287295,14154935,21.7,11.6,7,False,False,123,itn_irs,False,True,7
9998,0,2,0,2000,3000,5000,2000,25.0,0.0,0,False,False,123,ambas,True,True,8
9998,0,2,0,1858,2788,4646,16872,21.5,2.3,0,False,True,123,ambas,True,True,8
9998,0,2,0,1593,2379,3972,24259,22.3,0.0,0,False,True,123,ambas,True,True,8
9998,0,2,0,1367,2033,3400,26376,22.3,0.0,0,False,True,123,ambas,True,True,8
9997,1,2,0,1156,1728,2884,25839,21.8,0.0,0,False,True,123,ambas,True,True,8
9997,1,2,0,995,1447,2442,23855,21.6,0.0,0,False,True,123,ambas,True,True,8
9997,1,2,0,871,1250,2121,22187,19.5,0.2,0,False,True,123,ambas,True,True,8
9997,1,2,0,734,1063,1797,8213,20.1,1.7,0,True,True,123,ambas,True,True,8
9997,0,1,2,612,894,1506,9580,21.8,0.3,0,True,True,123,ambas,True,True,8
9997,0,1,2,521,754,1275,10065,21.7,0.0,0,True,True,123,ambas,True,True,8
9997,0,1,2,435,642,1077,10098,21.0,0.0,0,True,True,123,ambas,True,True,8
9997,0,1,2,382,540,922,9051,19.8,7.2,3,True,True,123,ambas,True,True,8
9997,0,1,2,326,469,795,9729,21.2,8.0,7,True,True,123,ambas,True,True,8
9997,0,1,2,283,397,680,10004,20.1,5.1,9,True,True,123,ambas,True,True,8
9997,0,1,2,225,340,565,4348,20.6,3.5,9,True,True,123,ambas,True,True,8
9997,0,1,2,191,288,479,5250,21.0,1.7,9,True,True,123,ambas,True,True,8
9997,0,0,3,171,243,414,5925,20.8,3.8,9,True,True,123,ambas,True,True,8
9997,0,0,3,157,211,368,6420,21.9,0.5,9,True,True,123,ambas,True,True,8
9996,1,0,3,147,190,337,6075,21.3,0.3,9,True,True,123,ambas,True,True,8
9996,1,0,3,141,157,298,5426,21.9,0.1,6,True,True,123,ambas,True,True,8
9996,1,0,3,124,140,264,4313,24.0,0.0,2,True,True,123,ambas,True,True,8
9996,1,0,3,122,123,245,1586,23.1,0.3,0,True,True,123,ambas,True,True,8
9996,0,1,3,106,107,213,1767,21.4,1.6,0,True,True,123,ambas,True,True,8
9996,0,1,3,97,77,174,1730,22.8,0.0,0,True,True,123,ambas,True,True,8
9996,0,1,3,85,71,156,1537,21.2,3.8,0,True,True,123,ambas,True,True,8
9996,0,1,3,76,62,138,1418,22.3,0.0,0,True,True,123,ambas,True,True,8
9996,0,1,3,69,140,209,1787,22.4,52.3,26,True,True,123,ambas,True,True,8
9996,0,1,3,66,116,182,2094,22.4,0.0,26,True,True,123,ambas,True,True,8
9996,0,1,3,63,115,178,1083,21.3,24.9,38,True,True,123,ambas,True,True,8
9996,0,1,3,53,99,152,1239,21.2,0.0,38,True,True,123,ambas,True,True,8
9996,0,0,4,50,87,137,1607,19.9,8.1,42,True,True,123,ambas,True,True,8
9996,0,0,4,43,77,120,1892,21.1,0.0,42,True,True,123,ambas,True,True,8
9996,0,0,4,36,68,104,1837,21.1,0.4,42,True,True,123,ambas,True,True,8
9996,0,0,4,29,58,87,1781,23.0,0.0,42,True,True,123,ambas,True,True,8
9997,0,0,3,32,51,83,1769,22.4,0.0,16,True,True,123,ambas,True,True,8
9997,0,0,3,34,45,79,668,21.6,9.9,20,True,True,123,ambas,True,True,8
9997,0,0,3,32,36,68,683,21.2,0.8,8,True,True,123,ambas,True,True,8
9997,0,0,3,35,114,149,1099,20.1,50.0,33,True,True,123,ambas,True,True,8
9997,0,0,3,36,105,141,1523,19.9,7.5,32,True,True,123,ambas,True,True,8
9997,0,0,3,24,89,113,1690,19.6,21.2,42,True,True,123,ambas,True,True,8
9997,0,0,3,23,76,99,2005,21.3,0.0,42,True,True,123,ambas,True,True,8
9997,0,0,3,28,69,97,2171,21.0,2.4,42,True,True,123,ambas,True,True,8
9997,0,0,3,27,53,80,815,22.8,0.0,42,True,True,123,ambas,True,True,8
9997,0,0,3,32,47,79,910,22.9,0.0,38,True,True,123,ambas,True,True,8
9997,0,0,3,35,39,74,1097,20.7,5.5,40,True,True,123,ambas,True,True,8
9997,0,0,3,34,33,67,1171,21.7,2.0,15,True,True,123,ambas,True,True,8
9997,0,0,3,33,26,59,1125,21.2,1.0,12,True,True,123,ambas,True,True,8
9997,0,0,3,26,21,47,1015,23.2,0.0,2,True,True,123,ambas,True,True,8
9997,0,0,3,24,22,46,957,22.7,7.2,5,True,True,123,ambas,True,True,8
9997,0,0,3,18,19,37,327,21.7,2.0,5,True,True,123,ambas,True,True,8
9997,0,0,3,14,17,31,376,20.6,10.9,10,True,True,123,ambas,True,True,8
9997,0,0,3,20,15,35,310,20.8,1.2,10,True,True,123,ambas,True,True,8
9997,0,0,3,20,18,38,336,22.5,0.0,8,True,True,123,ambas,True,True,8
9997,0,0,3,18,15,33,489,22.8,5.8,10,True,True,123,ambas,True,True,8
9997,0,0,3,17,15,32,580,21.4,16.4,18,True,True,123,ambas,True,True,8
9997,0,0,3,16,13,29,540,21.5,7.8,21,True,True,123,ambas,True,True,8
9997,0,0,3,16,12,28,300,22.8,0.0,18,True,True,123,ambas,True,True,8
9997,0,0,3,17,87,104,776,20.5,49.0,42,True,True,123,ambas,True,True,8
9998,0,0,2,18,79,97,884,20.5,8.9,41,True,True,123,ambas,True,True,8
9998,0,0,2,16,65,81,1029,21.3,8.3,45,True,True,123,ambas,True,True,8
9998,0,0,2,15,64,79,1048,20.0,18.6,54,True,True,123,ambas,True,True,8
9998,0,0,2,14,56,70,1247,20.5,8.3,56,True,True,123,ambas,True,True,8
9998,0,0,2,15,50,65,1281,20.6,5.0,50,True,True,123,ambas,True,True,8
9998,0,0,2,14,44,58,502,21.6,0.8,47,True,True,123,ambas,True,True,8
9998,0,0,2,13,35,48,575,20.7,5.1,49,True,True,123,ambas,True,True,8
9998,0,0,2,12,29,41,616,20.2,14.0,32,True,True,123,ambas,True,True,8
9998,0,0,2,10,23,33,601,20.4,3.3,28,True,True,123,ambas,True,True,8
9998,0,0,2,11,21,32,685,21.8,0.0,24,True,True,123,ambas,True,True,8
9998,0,0,2,13,18,31,707,21.1,0.0,15,True,True,123,ambas,True,True,8
9998,0,0,2,17,14,31,654,22.1,4.1,11,True,True,123,ambas,True,True,8
9998,0,0,2,14,14,28,297,21.1,11.0,14,True,True,123,ambas,True,True,8
9998,0,0,2,11,10,21,297,21.4,0.8,14,True,True,123,ambas,True,True,8
9998,0,0,2,18,12,30,396,21.7,0.3,12,True,True,123,ambas,True,True,8
9998,0,0,2,16,12,28,426,20.9,17.0,13,True,True,123,ambas,True,True,8
9998,0,0,2,17,11,28,404,22.7,0.0,13,True,True,123,ambas,True,True,8
9998,0,0,2,14,12,26,487,21.0,1.5,13,True,True,123,ambas,True,True,8
9998,0,0,2,18,14,32,601,22.6,0.0,13,True,True,123,ambas,True,True,8
9998,0,0,2,17,12,29,213,21.8,4.3,13,True,True,123,ambas,True,True,8
9998,0,0,2,15,95,110,551,22.6,50.0,33,True,True,123,ambas,True,True,8
9998,0,0,2,15,76,91,693,21.4,3.9,33,True,True,123,ambas,True,True,8
9998,0,0,2,11,69,80,938,21.7,2.4,33,True,True,123,ambas,True,True,8
9998,0,0,2,11,62,73,1124,23.9,0.0,25,True,True,123,ambas,True,True,8
9998,0,0,2,5,51,56,1079,21.7,4.5,25,True,True,123,ambas,True,True,8
9998,0,0,2,4,38,42,1117,22.8,1.0,25,True,True,123,ambas,True,True,8
9998,0,0,2,4,35,39,455,22.3,7.1,28,True,True,123,ambas,True,True,8
9998,0,0,2,4,30,34,459,21.6,0.0,28,True,True,123,ambas,True,True,8
9998,0,0,2,8,27,35,533,20.8,13.9,9,True,True,123,ambas,True,True,8
9998,0,0,2,8,25,33,579,21.2,15.5,16,True,True,123,ambas,True,True,8
9998,0,0,2,6,24,30,518,22.0,0.8,16,True,True,123,ambas,True,True,8
9998,0,0,2,12,23,35,526,21.8,0.0,16,True,True,123,ambas,True,True,8
9998,0,0,2,12,21,33,521,22.1,3.0,16,True,True,123,ambas,True,True,8
9998,0,0,2,13,22,35,258,21.9,19.7,25,True,False,123,ambas,True,True,8
9998,0,0,2,15,28,43,361,21.7,11.8,27,True,False,123,ambas,True,True,8
9998,0,0,2,19,125,144,887,21.3,61.0,57,True,False,123,ambas,True,True,8
9998,0,0,2,17,121,138,1084,21.4,4.0,51,True,False,123,ambas,True,True,8
9998,0,0,2,17,118,135,1220,22.7,0.0,44,True,False,123,ambas,True,True,8
9998,0,0,2,15,110,125,1527,21.2,19.1,53,True,False,123,ambas,True,True,8
9998,0,0,2,15,103,118,1676,22.2,8.9,57,True,False,123,ambas,True,True,8
9998,0,0,2,16,109,125,761,21.6,23.7,68,True,False,123,ambas,True,True,8
9998,0,0,2,16,98,114,815,23.0,0.0,59,True,False,123,ambas,True,True,8
9998,0,0,2,20,91,111,983,23.2,0.0,54,True,False,123,ambas,True,True,8
9998,0,0,2,21,86,107,1150,21.8,4.7,24,True,False,123,ambas,True,True,8
9998,0,0,2,18,78,96,1302,21.7,1.7,24,True,False,123,ambas,True,True,8
9998,0,0,2,18,167,185,1703,23.3,52.3,50,True,False,123,ambas,True,True,8
9998,0,0,2,18,151,169,1867,23.2,0.0,41,True,False,123,ambas,True,True,8
9998,0,0,2,18,145,163,1101,22.4,8.7,41,True,False,123,ambas,True,True,8
9998,0,0,2,21,132,153,1557,20.4,2.0,30,True,False,123,ambas,True,True,8
9998,0,0,2,27,116,143,1809,21.5,4.1,30,True,False,123,ambas,True,True,8
9998,0,0,2,28,108,136,2087,19.4,0.0,30,True,False,123,ambas,True,True,8
9998,0,0,2,28,103,131,2178,20.3,19.1,39,True,False,123,ambas,True,True,8
9998,0,0,2,30,141,171,2397,20.2,37.1,57,True,False,123,ambas,True,True,8
9998,0,0,2,33,161,194,2621,19.0,31.1,46,True,False,123,ambas,True,True,8
9998,0,0,2,36,153,189,1160,20.3,1.8,46,True,False,123,ambas,True,True,8
9998,0,0,2,43,144,187,1509,21.9,0.0,42,True,False,123,ambas,True,True,8
9998,0,0,2,40,130,170,2024,19.7,4.7,42,True,False,123,ambas,True,True,8
9998,0,0,2,43,121,164,2070,21.0,8.6,46,True,False,123,ambas,True,True,8
9998,0,0,2,47,112,159,2226,22.9,0.0,46,True,False,123,ambas,True,True,8
9998,0,0,2,54,100,154,2314,20.6,2.0,37,True,False,123,ambas,True,True,8
9998,0,0,2,59,99,158,2209,21.3,3.9,19,True,False,123,ambas,True,True,8
9998,0,0,2,62,93,155,1273,22.5,2.0,4,True,False,123,ambas,True,True,8
9998,0,0,2,63,89,152,1677,22.4,8.9,8,True,False,123,ambas,True,True,8
9998,0,0,2,63,89,152,1918,22.5,0.0,8,True,False,123,ambas,True,True,8
9998,0,0,2,61,88,149,1781,22.8,0.0,8,True,False,123,ambas,True,True,8
9998,0,0,2,65,84,149,2100,22.9,2.2,4,True,False,123,ambas,True,True,8
9998,0,0,2,64,83,147,1967,22.0,2.0,4,True,False,123,ambas,True,True,8
9998,0,0,2,55,75,130,1829,20.7,4.1,4,True,False,123,ambas,True,True,8
9998,0,0,2,52,66,118,711,19.9,1.4,4,True,False,123,ambas,True,True,8
9999,0,0,1,55,66,121,821,21.1,0.5,4,True,False,123,ambas,True,True,8
9999,0,0,1,58,64,122,1009,21.8,7.1,3,True,False,123,ambas,True,True,8
9999,0,0,1,57,61,118,1201,22.2,0.3,3,True,False,123,ambas,True,True,8
9999,0,0,1,57,56,113,1336,21.7,10.9,8,True,False,123,ambas,True,True,8
9999,0,0,1,53,51,104,1613,22.0,5.1,10,True,False,123,ambas,True,True,8
9999,0,0,1,54,45,99,1766,21.8,5.3,12,True,False,123,ambas,True,True,8
9999,0,0,1,56,47,103,805,22.3,0.0,12,True,False,123,ambas,True,True,8
9999,0,0,1,52,42,94,977,21.5,3.0,12,True,False,123,ambas,True,True,8
9999,0,0,1,54,37,91,1100,23.3,2.0,12,True,False,123,ambas,True,True,8
9999,0,0,1,50,32,82,1275,22.6,1.0,9,True,False,123,ambas,True,True,8
9999,0,0,1,51,30,81,1242,21.2,0.0,9,True,False,123,ambas,True,True,8
9999,0,0,1,56,27,83,1255,20.7,6.9,7,True,False,123,ambas,True,True,8
9999,0,0,1,56,26,82,1296,22.2,0.0,5,True,False,123,ambas,True,True,8
9999,0,0,1,56,23,79,556,21.5,3.2,3,True,False,123,ambas,True,True,8
9999,0,0,1,55,23,78,853,22.2,7.0,6,True,False,123,ambas,True,True,8
9999,0,0,1,55,21,76,944,23.9,0.5,6,True,False,123,ambas,True,True,8
9999,0,0,1,54,22,76,1044,22.5,7.9,9,True,False,123,ambas,True,True,8
9999,0,0,1,53,23,76,1110,20.5,6.0,12,True,False,123,ambas,True,True,8
9999,0,0,1,50,22,72,1133,21.1,0.0,12,True,False,123,ambas,True,True,8
9999,0,0,1,47,22,69,1134,21.8,1.0,9,True,False,123,ambas,True,True,8
9999,0,0,1,48,21,69,512,22.1,0.0,9,True,False,123,ambas,True,True,8
9999,0,0,1,46,23,69,698,20.7,15.3,16,True,False,123,ambas,True,True,8
9999,0,0,1,44,21,65,891,22.7,0.8,13,True,False,123,ambas,True,True,8
9999,0,0,1,43,19,62,980,21.9,1.0,13,True,False,123,ambas,True,True,8
9999,0,0,1,41,18,59,918,22.1,0.3,10,True,False,123,ambas,True,True,8
9999,0,0,1,40,18,58,882,20.6,18.2,16,True,False,123,ambas,True,True,8
9999,0,0,1,38,17,55,975,20.7,1.0,16,True,False,123,ambas,True,True,8
9999,0,0,1,36,17,53,397,20.5,10.9,21,True,False,123,ambas,True,True,8
9999,0,0,1,42,16,58,509,20.4,1.7,21,True,False,123,ambas,True,True,8
9999,0,0,1,45,14,59,653,20.8,8.7,18,True,False,123,ambas,True,True,8
9999,0,0,1,43,12,55,802,21.5,0.3,18,True,False,123,ambas,True,True,8
9999,0,0,1,39,13,52,903,19.9,6.0,21,True,False,123,ambas,True,True,8
9999,0,0,1,39,13,52,991,20.0,14.3,28,True,False,123,ambas,True,True,8
9999,0,0,1,35,26,61,1073,20.3,25.5,31,True,False,123,ambas,True,True,8
9999,0,0,1,36,38,74,458,20.3,26.8,44,True,False,123,ambas,True,True,8
9999,0,0,1,34,36,70,681,21.6,0.0,39,True,False,123,ambas,True,True,8
9999,0,0,1,37,42,79,802,20.6,20.2,49,True,False,123,ambas,True,True,8
9999,0,0,1,40,39,79,1041,20.5,10.9,50,True,False,123,ambas,True,True,8
9999,0,0,1,47,36,83,1102,19.7,5.0,52,True,False,123,ambas,True,True,8
9999,0,0,1,46,35,81,1059,20.6,11.8,54,True,False,123,ambas,True,True,8
9999,0,0,1,39,33,72,1047,19.1,10.4,52,True,False,123,ambas,True,True,8
9999,0,0,1,39,32,71,522,19.9,13.5,46,True,False,123,ambas,True,True,8
9999,0,0,1,36,29,65,649,20.2,0.0,33,True,False,123,ambas,True,True,8
9999,0,0,1,36,29,65,695,20.4,1.0,33,True,False,123,ambas,True,True,8
9999,0,0,1,36,28,64,740,20.0,4.1,23,True,False,123,ambas,True,True,8
9999,0,0,1,34,27,61,771,21.2,2.3,18,True,False,123,ambas,True,True,8
9999,0,0,1,39,25,64,800,22.6,1.0,16,True,False,123,ambas,True,True,8
9999,0,0,1,39,23,62,881,21.1,4.1,11,True,False,123,ambas,True,True,8
9999,0,0,1,38,23,61,427,19.8,5.1,8,True,False,123,ambas,True,True,8
9999,0,0,1,35,22,57,506,20.6,6.1,5,True,False,123,ambas,True,True,8
9999,0,0,1,33,17,50,554,20.0,10.6,10,True,False,123,ambas,True,True,8
9999,0,0,1,36,17,53,640,21.6,0.0,10,True,False,123,ambas,True,True,8
9999,0,0,1,39,14,53,745,21.4,0.5,10,True,False,123,ambas,True,True,8
9999,0,0,1,43,14,57,732,21.0,8.3,14,True,False,123,ambas,True,True,8
9999,0,0,1,41,26,67,877,20.7,24.7,26,True,False,123,ambas,True,True,8
9999,0,0,1,40,23,63,343,21.1,10.7,31,True,False,123,ambas,True,True,8
9999,0,0,1,41,22,63,495,22.8,1.4,29,True,False,123,ambas,True,True,8
9999,0,0,1,46,24,70,637,22.7,0.6,26,True,False,123,ambas,True,True,8
9999,0,0,1,47,24,71,638,21.4,10.5,26,True,False,123,ambas,True,True,8
9999,0,0,1,47,22,69,738,21.9,9.8,30,True,False,123,ambas,True,True,8
9999,0,0,1,44,22,66,856,22.7,5.1,32,True,False,123,ambas,True,True,8
9999,0,0,1,38,23,61,978,20.5,3.8,28,True,False,123,ambas,True,True,8
9999,0,0,1,35,24,59,455,21.9,1.2,16,True,False,123,ambas,True,True,8
9999,0,0,1,36,24,60,611,22.6,3.2,11,True,False,123,ambas,True,True,8
9999,0,0,1,35,24,59,672,20.3,12.4,17,True,False,123,ambas,True,True,8
9999,0,0,1,39,56,95,914,20.8,33.8,33,True,False,123,ambas,True,True,8
9999,0,0,1,42,53,95,1024,20.8,4.9,28,True,False,123,ambas,True,True,8
9999,0,0,1,41,48,89,1124,21.5,5.5,26,True,False,123,ambas,True,True,8
9999,0,0,1,37,45,82,1328,22.6,2.5,24,True,False,123,ambas,True,True,8
9999,0,0,1,43,42,85,635,22.9,9.7,28,True,False,123,ambas,True,True,8
9999,0,0,1,44,38,82,734,21.3,1.0,28,True,False,123,ambas,True,True,8
9999,0,0,1,46,35,81,843,21.7,0.5,28,True,False,123,ambas,True,True,8
9999,0,0,1,43,29,72,1025,21.2,0.5,22,True,False,123,ambas,True,True,8
9999,0,0,1,46,29,75,1036,22.4,0.0,6,True,False,123,ambas,True,True,8
9999,0,0,1,44,27,71,1031,21.9,3.0,6,True,False,123,ambas,True,True,8
9999,0,0,1,46,27,73,1089,21.8,2.0,4,True,False,123,ambas,True,True,8
9999,0,0,1,49,26,75,329,22.0,0.0,4,True,False,123,ambas,True,True,8
9999,0,0,1,51,23,74,529,22.3,0.5,0,True,False,123,ambas,True,True,8
9999,0,0,1,45,20,65,552,21.6,0.5,0,True,False,123,ambas,True,True,8
9999,0,0,1,43,21,64,574,20.6,4.1,0,True,False,123,ambas,True,True,8
9999,0,0,1,43,20,63,713,20.2,16.6,8,True,False,123,ambas,True,True,8
9999,0,0,1,44,20,64,947,21.1,14.0,15,True,False,123,ambas,True,True,8
9999,0,0,1,42,18,60,982,21.4,1.3,15,True,False,123,ambas,True,True,8
9999,0,0,1,39,16,55,437,23.3,0.0,15,True,False,123,ambas,True,True,8
9999,0,0,1,38,15,53,537,22.7,0.0,15,True,False,123,ambas,True,True,8
9999,0,0,1,37,12,49,588,22.2,2.0,15,True,False,123,ambas,True,True,8
9999,0,0,1,35,11,46,651,21.7,1.0,15,True,False,123,ambas,True,True,8
9999,0,0,1,33,10,43,618,21.1,7.1,18,True,False,123,ambas,True,True,8
9999,0,0,1,28,9,37,598,21.3,11.7,15,True,False,123,ambas,True,True,8
9999,0,0,1,29,9,38,659,22.0,6.1,11,True,False,123,ambas,True,True,8
9999,0,0,1,27,24,51,294,21.0,25.9,23,True,False,123,ambas,True,True,8
9999,0,0,1,29,18,47,322,21.1,2.4,23,True,False,123,ambas,True,True,8
9999,0,0,1,30,15,45,416,22.9,0.0,23,True,False,123,ambas,True,True,8
9999,0,0,1,30,15,45,525,23.2,1.7,23,True,False,123,ambas,True,True,8
9999,0,0,1,30,14,44,590,21.3,5.6,25,True,False,123,ambas,True,True,8
9999,0,0,1,32,14,46,620,21.6,3.6,22,True,False,123,ambas,True,True,8
9999,0,0,1,32,15,47,708,22.3,16.9,25,True,False,123,ambas,True,True,8
9999,0,0,1,33,13,46,344,21.7,0.0,22,True,False,123,ambas,True,True,8
9999,0,0,1,31,11,42,418,21.4,14.9,17,True,False,123,ambas,True,True,8
9999,0,0,1,33,12,45,580,21.4,8.6,21,True,False,123,ambas,True,True,8
9999,0,0,1,34,10,44,592,20.4,18.0,30,True,False,123,ambas,True,True,8
9999,0,0,1,32,10,42,601,20.6,0.0,30,True,False,123,ambas,True,True,8
9999,0,0,1,32,12,44,657,21.7,0.4,28,True,False,123,ambas,True,True,8
9999,0,0,1,33,10,43,656,22.1,2.3,28,True,False,123,ambas,True,True,8
9999,0,0,1,32,10,42,320,22.7,5.9,22,True,False,123,ambas,True,True,8
9999,0,0,1,32,9,41,423,20.8,7.1,25,True,False,123,ambas,True,True,8
9999,0,0,1,32,9,41,481,21.1,0.0,18,True,False,123,ambas,True,True,8
9999,0,0,1,31,9,40,548,21.1,6.5,17,True,False,123,ambas,True,True,8
9999,0,0,1,31,9,40,589,21.4,9.5,12,True,False,123,ambas,True,True,8
9999,0,0,1,30,9,39,576,22.2,1.4,12,True,False,123,ambas,True,True,8
9999,0,0,1,31,9,40,639,21.6,2.5,12,True,False,123,ambas,True,True,8
9999,0,0,1,32,8,40,332,21.1,6.3,15,True,False,123,ambas,True,True,8
9999,0,0,1,33,7,40,426,21.8,0.0,13,True,False,123,ambas,True,True,8
9999,0,0,1,35,8,43,531,20.2,3.3,10,True,False,123,ambas,True,True,8
9999,0,0,1,40,6,46,561,21.7,0.0,10,True,False,123,ambas,True,True,8
9999,0,0,1,37,6,43,533,22.3,5.4,9,True,False,123,ambas,True,True,8
9999,0,0,1,34,6,40,651,22.2,14.0,12,True,False,123,ambas,True,True,8
9999,0,0,1,32,5,37,606,21.8,0.0,12,True,False,123,ambas,True,True,8
9999,0,0,1,31,5,36,326,21.3,3.4,12,True,False,123,ambas,True,True,8
9999,0,0,1,36,5,41,373,21.4,8.9,13,True,False,123,ambas,True,True,8
9999,0,0,1,36,4,40,465,21.7,7.7,16,True,False,123,ambas,True,True,8
9999,0,0,1,35,4,39,496,22.2,1.4,16,True,False,123,ambas,True,True,8
9999,0,0,1,39,4,43,565,22.4,1.7,16,True,False,123,ambas,True,True,8
9999,0,0,1,37,4,41,535,20.7,6.7,17,True,False,123,ambas,True,True,8
9999,0,0,1,35,4,39,626,22.5,1.9,10,True,False,123,ambas,True,True,8
9999,0,0,1,33,3,36,314,23.3,0.0,10,True,False,123,ambas,True,True,8
9999,0,0,1,31,3,34,416,22.2,14.0,17,True,False,123,ambas,True,True,8
9999,0,0,1,33,3,36,529,22.1,0.0,13,True,False,123,ambas,True,True,8
9999,0,0,1,31,28,59,722,21.0,31.0,25,True,False,123,ambas,True,True,8
9999,0,0,1,32,25,57,834,22.0,0.0,25,True,False,123,ambas,True,True,8
9999,0,0,1,33,24,57,977,21.0,3.9,25,True,False,123,ambas,True,True,8
9999,0,0,1,31,24,55,1082,21.9,13.6,28,True,False,123,ambas,True,True,8
9999,0,0,1,42,30,72,549,20.5,22.6,39,True,False,123,ambas,True,True,8
9999,0,0,1,40,40,80,711,20.5,24.8,51,True,False,123,ambas,True,True,8
9999,0,0,1,41,39,80,843,20.8,7.7,47,True,False,123,ambas,True,True,8
9999,0,0,1,40,36,76,987,20.6,1.2,47,True,False,123,ambas,True,True,8
9999,0,0,1,39,33,72,1088,21.7,11.2,37,True,False,123,ambas,True,True,8
9999,0,0,1,36,33,69,1169,20.4,18.0,46,True,False,123,ambas,True,True,8
9999,0,0,1,33,32,65,1262,20.6,4.9,46,True,False,123,ambas,True,True,8
9999,0,0,1,30,28,58,588,21.5,2.0,40,True,False,123,ambas,True,True,8
9999,0,0,1,30,27,57,681,20.7,0.0,29,True,False,123,ambas,True,True,8
9999,0,0,1,27,24,51,711,22.4,0.0,17,True,False,123,ambas,True,True,8
9999,0,0,1,31,22,53,779,22.3,0.0,14,True,False,123,ambas,True,True,8
9999,0,0,1,35,23,58,773,21.9,0.0,14,True,False,123,ambas,True,True,8
9999,0,0,1,41,21,62,899,21.3,6.4,12,True,False,123,ambas,True,True,8
9999,0,0,1,42,19,61,866,19.9,7.2,6,True,False,123,ambas,True,True,8
9999,0,0,1,44,17,61,294,19.8,2.4,6,True,False,123,ambas,True,True,8
9999,0,0,1,40,16,56,405,20.5,0.0,6,True,False,123,ambas,True,True,8
9999,0,0,1,39,17,56,492,21.3,1.7,6,True,False,123,ambas,True,True,8
9999,0,0,1,37,15,52,585,22.6,3.3,6,True,False,123,ambas,True,True,8
9999,0,0,1,38,14,52,621,21.0,0.5,6,True,False,123,ambas,True,True,8
9999,0,0,1,45,11,56,592,20.4,0.0,6,True,False,123,ambas,True,True,8
9999,0,0,1,43,11,54,569,20.8,1.7,3,True,False,123,ambas,True,True,8
9999,0,0,1,42,9,51,183,21.6,6.1,3,True,False,123,ambas,True,True,8
9999,0,0,1,38,9,47,247,19.7,7.3,6,True,False,123,ambas,True,True,8
9999,0,0,1,33,59,92,458,21.1,39.1,25,True,False,123,ambas,True,True,8
9999,0,0,1,32,56,88,662,21.9,0.0,25,True,False,123,ambas,True,True,8
9999,0,0,1,29,50,79,790,21.4,0.0,25,True,False,123,ambas,True,True,8
9999,0,0,1,27,45,72,925,20.7,9.9,29,True,False,123,ambas,True,True,8
9999,0,0,1,24,44,68,1033,20.2,7.4,32,True,False,123,ambas,True,True,8
9999,0,0,1,27,40,67,415,21.5,4.7,32,True,False,123,ambas,True,True,8
9999,0,0,1,27,37,64,528,22.1,13.7,35,True,False,123,ambas,True,True,8
9999,0,0,1,28,31,59,665,21.7,12.1,38,True,False,123,ambas,True,True,8
9999,0,0,1,24,34,58,711,20.8,21.8,29,True,False,123,ambas,True,True,8
9999,0,0,1,23,76,99,824,20.6,38.6,48,True,False,123,ambas,True,True,8
9999,0,0,1,20,72,92,878,20.6,0.0,48,True,False,123,ambas,True,True,8
9999,0,0,1,19,64,83,883,20.8,11.1,49,True,False,123,ambas,True,True,8
9999,0,0,1,22,57,79,445,21.0,0.0,46,True,False,123,ambas,True,True,8
9999,0,0,1,20,51,71,670,20.5,7.7,49,True,False,123,ambas,True,True,8
9999,0,0,1,21,46,67,792,21.6,6.1,46,True,False,123,ambas,True,True,8
9999,0,0,1,21,43,64,843,19.9,9.5,44,True,False,123,ambas,True,True,8
9999,0,0,1,25,43,68,884,19.9,13.5,40,True,False,123,ambas,True,True,8
9999,0,0,1,24,39,63,931,19.5,5.9,23,True,False,123,ambas,True,True,8
9999,0,0,1,26,36,62,1056,20.6,2.0,23,True,False,123,ambas,True,True,8
9999,0,0,1,25,35,60,472,19.6,2.3,18,True,False,123,ambas,True,True,8
9999,0,0,1,25,32,57,547,20.5,0.0,18,True,False,123,ambas,True,True,8
9999,0,0,1,21,28,49,616,21.2,0.0,15,True,False,123,ambas,True,True,8
9999,0,0,1,21,27,48,719,21.6,3.1,12,True,False,123,ambas,True,True,8
9999,0,0,1,21,24,45,659,22.3,1.8,8,True,False,123,ambas,True,True,8
9999,0,0,1,20,22,42,561,20.4,12.2,8,True,False,123,ambas,True,True,8
9999,0,0,1,21,21,42,533,21.8,3.6,6,True,False,123,ambas,True,True,8
9999,0,0,1,22,19,41,214,21.1,6.7,9,True,False,123,ambas,True,True,8
9999,0,0,1,22,18,40,301,21.2,8.1,13,True,False,123,ambas,True,True,8
9999,0,0,1,26,17,43,344,21.3,3.6,13,True,False,123,ambas,True,True,8
9999,0,0,1,25,18,43,410,21.2,11.5,18,True,False,123,ambas,True,True,8
9999,0,0,1,23,31,54,546,21.3,26.0,31,True,False,123,ambas,True,True,8
9999,0,0,1,22,34,56,609,20.4,18.5,40,True,False,123,ambas,True,True,8
9999,0,0,1,20,36,56,667,20.4,15.2,41,True,False,123,ambas,True,True,8
9999,0,0,1,20,71,91,395,21.3,35.2,58,True,False,123,ambas,True,True,8
9999,0,0,1,19,68,87,518,20.6,11.9,60,True,False,123,ambas,True,True,8
9999,0,0,1,18,65,83,714,20.3,10.0,61,True,False,123,ambas,True,True,8
9999,0,0,1,19,61,80,743,21.9,0.0,61,True,False,123,ambas,True,True,8
9999,0,0,1,16,60,76,884,22.0,7.6,59,True,False,123,ambas,True,True,8
9999,0,0,1,15,58,73,1051,21.7,0.0,46,True,False,123,ambas,True,True,8
9999,0,0,1,15,54,69,1035,19.1,1.4,37,True,False,123,ambas,True,True,8
9999,0,0,1,15,52,67,490,20.9,3.9,30,True,False,123,ambas,True,True,8
9999,0,0,1,13,51,64,614,21.6,10.1,18,True,False,123,ambas,True,True,8
9999,0,0,1,13,47,60,736,21.0,6.4,16,True,False,123,ambas,True,True,8
9999,0,0,1,12,41,53,808,20.7,11.9,16,True,False,123,ambas,True,True,8
9999,0,0,1,11,39,50,855,21.6,10.1,21,True,False,123,ambas,True,True,8
9999,0,0,1,15,38,53,846,21.5,3.2,18,True,False,123,ambas,True,True,8
9999,0,0,1,16,40,56,916,21.2,15.0,25,True,False,123,ambas,True,True,8
9999,0,0,1,17,35,52,341,20.7,0.0,25,True,False,123,ambas,True,True,8
9999,0,0,1,16,31,47,360,21.0,7.1,28,True,False,123,ambas,True,True,8
9999,0,0,1,16,28,44,449,20.4,13.9,29,True,False,123,ambas,True,True,8
9999,0,0,1,20,25,45,424,20.9,9.7,30,True,False,123,ambas,True,True,8
9999,0,0,1,22,24,46,408,19.5,10.7,30,True,False,123,ambas,True,True,8
9999,0,0,1,21,22,43,496,20.1,3.5,25,True,False,123,ambas,True,True,8
9999,0,0,1,25,20,45,571,20.0,2.9,25,True,False,123,ambas,True,True,8
9999,0,0,1,21,20,41,247,20.9,0.0,18,True,False,123,ambas,True,True,8
9999,0,0,1,19,19,38,410,19.8,2.7,18,True,False,123,ambas,True,True,8
9999,0,0,1,19,20,39,593,20.7,6.2,18,True,False,123,ambas,True,True,8
9999,0,0,1,20,18,38,555,21.0,6.8,15,True,False,123,ambas,True,True,8
9999,0,0,1,22,15,37,580,20.8,1.8,11,True,False,123,ambas,True,True,8
9999,0,0,1,23,14,37,501,18.9,0.8,6,True,False,123,ambas,True,True,8
9999,0,0,1,20,11,31,440,20.5,0.0,6,True,False,123,ambas,True,True,8
9999,0,0,1,20,10,30,190,20.2,2.7,6,True,False,123,ambas,True,True,8
9999,0,0,1,22,8,30,193,21.3,6.2,9,True,False,123,ambas,True,True,8
9999,0,0,1,20,8,28,201,21.4,2.0,9,True,False,123,ambas,True,True,8
9999,0,0,1,21,9,30,198,21.4,16.0,14,True,False,123,ambas,True,True,8
9999,0,0,1,24,6,30,288,21.6,0.0,11,True,False,123,ambas,True,True,8
9999,0,0,1,20,6,26,347,21.0,0.2,11,True,False,123,ambas,True,True,8
9999,0,0,1,18,6,24,318,22.8,0.0,11,True,False,123,ambas,True,True,8
9999,0,0,1,18,6,24,206,22.5,1.9,11,True,False,123,ambas,True,True,8
9999,0,0,1,17,6,23,212,21.6,0.0,11,True,False,123,ambas,True,True,8
9999,0,0,1,18,7,25,212,21.8,0.2,8,True,False,123,ambas,True,True,8
9999,0,0,1,21,7,28,279,20.7,0.3,8,True,False,123,ambas,True,True,8
9999,0,0,1,22,5,27,249,22.5,0.0,0,True,False,123,ambas,True,True,8
9999,0,0,1,23,4,27,255,22.4,0.5,0,True,False,123,ambas,True,True,8
9999,0,0,1,20,3,23,311,23.1,1.3,0,True,False,123,ambas,True,True,8
9999,0,0,1,18,3,21,112,22.5,0.0,0,True,False,123,ambas,True,True,8
9999,0,0,1,15,3,18,93,21.6,0.6,0,True,False,123,ambas,True,True,8
9999,0,0,1,14,3,17,184,21.6,0.2,0,True,False,123,ambas,True,True,8
9999,0,0,1,13,3,16,141,20.7,1.6,0,True,False,123,ambas,True,True,8
9999,0,0,1,13,3,16,189,21.6,0.0,0,True,False,123,ambas,True,True,8
9999,0,0,1,12,2,14,218,20.9,5.4,2,True,False,123,ambas,True,True,8
9999,0,0,1,12,2,14,186,21.9,1.9,2,True,False,123,ambas,True,True,8
9999,0,0,1,11,2,13,126,21.7,11.6,7,True,False,123,ambas,True,True,8
9998,0,2,0,2000,3000,5000,2000,25.0,0.0,0,False,False,456,sin_control,False,False,9
9997,1,2,0,1852,2751,4603,16040,21.5,2.3,0,False,False,456,sin_control,False,False,9
9997,1,2,0,1712,2543,4255,24666,22.3,0.0,0,False,False,456,sin_control,False,False,9
9997,1,2,0,1599,2358,3957,28448,22.3,0.0,0,False,False,456,sin_control,False,False,9
9996,2,2,0,1475,2187,3662,29178,21.8,0.0,0,False,False,456,sin_control,False,False,9
9996,1,3,0,1371,2029,3400,30058,21.6,0.0,0,False,False,456,sin_control,False,False,9
9996,1,3,0,1263,1861,3124,28720,19.5,0.2,0,False,False,456,sin_control,False,False,9
9996,1,3,0,1162,1721,2883,27557,20.1,1.7,0,False,False,456,sin_control,False,False,9
9995,1,2,2,1071,1588,2659,24812,21.8,0.3,0,False,False,456,sin_control,False,False,9
9994,2,2,2,978,1455,2433,23612,21.7,0.0,0,False,False,456,sin_control,False,False,9
9994,2,2,2,892,1350,2242,22022,21.0,0.0,0,False,False,456,sin_control,False,False,9
9994,2,2,2,835,1259,2094,21171,19.8,7.2,3,False,False,456,sin_control,False,False,9
9994,1,3,2,766,1166,1932,22659,21.2,8.0,7,False,False,456,sin_control,False,False,9
9993,1,3,3,711,1067,1778,23169,20.1,5.1,9,False,False,456,sin_control,False,False,9
9993,1,3,3,656,979,1635,23081,20.6,3.5,9,False,False,456,sin_control,False,False,9
9993,1,3,3,620,909,1529,24609,21.0,1.7,9,False,False,456,sin_control,False,False,9
9993,1,2,4,613,848,1461,25536,20.8,3.8,9,False,False,456,sin_control,False,False,9
9993,0,3,4,620,788,1408,26286,21.9,0.5,9,False,False,456,sin_control,False,False,9
9993,0,3,4,657,759,1416,24738,21.3,0.3,9,False,False,456,sin_control,False,False,9
9993,0,3,4,690,729,1419,23832,21.9,0.1,6,False,False,456,sin_control,False,False,9
9993,0,2,5,720,698,1418,19269,24.0,0.0,2,False,False,456,sin_control,False,False,9
9993,0,1,6,836,692,1528,17174,23.1,0.3,0,False,False,456,sin_control,False,False,9
9992,1,1,6,865,666,1531,15890,21.4,1.6,0,False,False,456,sin_control,False,False,9
9992,1,1,6,912,628,1540,15117,22.8,0.0,0,False,False,456,sin_control,False,False,9
9992,1,1,6,927,602,1529,14282,21.2,3.8,0,False,False,456,sin_control,False,False,9
9992,1,0,7,941,571,1512,13952,22.3,0.0,0,False,False,456,sin_control,False,False,9
9992,0,1,7,931,631,1562,17026,22.4,52.3,26,False,False,456,sin_control,False,False,9
9992,0,1,7,907,602,1509,19175,22.4,0.0,26,False,False,456,sin_control,False,False,9
9992,0,1,7,880,573,1453,21337,21.3,24.9,38,False,False,456,sin_control,False,False,9
9992,0,1,7,884,550,1434,22508,21.2,0.0,38,False,False,456,sin_control,False,False,9
9992,0,1,7,892,517,1409,23539,19.9,8.1,42,False,False,456,sin_control,False,False,9
9993,0,1,6,887,477,1364,24948,21.1,0.0,42,False,False,456,sin_control,False,False,9
9993,0,1,6,876,452,1328,24961,21.1,0.4,42,False,False,456,sin_control,False,False,9
9993,0,1,6,858,421,1279,25301,23.0,0.0,42,False,False,456,sin_control,False,False,9
9993,0,0,7,872,409,1281,25505,22.4,0.0,16,False,False,456,sin_control,False,False,9
9993,0,0,7,958,412,1370,24130,21.6,9.9,20,False,False,456,sin_control,False,False,9
9993,0,0,7,1072,413,1485,23420,21.2,0.8,8,False,False,456,sin_control,False,False,9
9993,0,0,7,1232,515,1747,25242,20.1,50.0,33,False,False,456,sin_control,False,False,9
9993,0,0,7,1424,522,1946,27808,19.9,7.5,32,False,False,456,sin_control,False,False,9
9993,0,0,7,1318,480,1798,30283,19.6,21.2,42,False,False,456,sin_control,False,False,9
9993,0,0,7,1575,499,2074,31736,21.3,0.0,42,False,False,456,sin_control,False,False,9
9993,0,0,7,1790,550,2340,34141,21.0,2.4,42,False,False,456,sin_control,False,False,9
9992,1,0,7,1980,545,2525,36778,22.8,0.0,42,False,False,456,sin_control,False,False,9
9991,2,0,7,2542,613,3155,41192,22.9,0.0,38,False,False,456,sin_control,False,False,9
9991,2,0,7,2737,619,3356,44685,20.7,5.5,40,False,False,456,sin_control,False,False,9
9991,2,0,7,2919,617,3536,48936,21.7,2.0,15,False,False,456,sin_control,False,False,9
9991,1,1,7,3021,608,3629,49926,21.2,1.0,12,False,False,456,sin_control,False,False,9
9991,0,2,7,3111,600,3711,49978,23.2,0.0,2,False,False,456,sin_control,False,False,9
9991,0,2,7,3168,583,3751,50860,22.7,7.2,5,False,False,456,sin_control,False,False,9
9991,0,2,7,3254,570,3824,51409,21.7,2.0,5,False,False,456,sin_control,False,False,9
9991,0,2,7,3331,561,3892,56519,20.6,10.9,10,False,False,456,sin_control,False,False,9
9991,0,2,7,3434,594,4028,56433,20.8,1.2,10,False,False,456,sin_control,False,False,9
9991,0,2,7,3593,591,4184,56772,22.5,0.0,8,False,False,456,sin_control,False,False,9
9991,0,2,7,3736,603,4339,62262,22.8,5.8,10,False,False,456,sin_control,False,False,9
9991,0,1,8,3821,583,4404,66824,21.4,16.4,18,False,False,456,sin_control,False,False,9
9990,1,0,9,3970,565,4535,71019,21.5,7.8,21,False,False,456,sin_control,False,False,9
9990,1,0,9,4151,574,4725,75030,22.8,0.0,18,False,False,456,sin_control,False,False,9
9990,1,0,9,4443,660,5103,79436,20.5,49.0,42,False,False,456,sin_control,False,False,9
9990,1,0,9,4739,642,5381,83774,20.5,8.9,41,False,False,456,sin_control,False,False,9
9989,1,1,9,5091,621,5712,88721,21.3,8.3,45,False,False,456,sin_control,False,False,9
9989,1,1,9,5511,641,6152,91587,20.0,18.6,54,False,False,456,sin_control,False,False,9
9989,1,1,9,5908,639,6547,95342,20.5,8.3,56,False,False,456,sin_control,False,False,9
9989,1,1,9,6357,630,6988,103439,20.6,5.0,50,False,False,456,sin_control,False,False,9
9989,0,2,9,6868,631,7500,111856,21.6,0.8,47,False,False,456,sin_control,False,False,9
9990,0,2,8,7384,654,8039,120884,20.7,5.1,49,False,False,456,sin_control,False,False,9
9990,0,2,8,6837,601,7439,127082,20.2,14.0,32,False,False,456,sin_control,False,False,9
9989,1,2,8,7298,598,7897,133946,20.4,3.3,28,False,False,456,sin_control,False,False,9
9989,1,1,9,7864,595,8460,140287,21.8,0.0,24,False,False,456,sin_control,False,False,9
9989,1,1,9,8435,599,9035,147586,21.1,0.0,15,False,False,456,sin_control,False,False,9
9988,2,1,9,8918,614,9534,156187,22.1,4.1,11,False,False,456,sin_control,False,False,9
9988,1,2,9,9437,620,10060,164057,21.1,11.0,14,False,False,456,sin_control,False,False,9
9988,1,1,10,9931,631,10566,172505,21.4,0.8,14,False,False,456,sin_control,False,False,9
9988,1,1,10,10505,687,11195,168976,21.7,0.3,12,False,False,456,sin_control,False,False,9
9987,1,2,10,11021,670,11694,179762,20.9,17.0,13,False,False,456,sin_control,False,False,9
9987,1,2,10,11589,660,12252,190874,22.7,0.0,13,False,False,456,sin_control,False,False,9
9987,1,2,10,12364,687,13053,203444,21.0,1.5,13,False,False,456,sin_control,False,False,9
9987,1,2,10,15666,769,16438,223207,22.6,0.0,13,False,False,456,sin_control,False,False,9
9987,0,3,10,16930,767,17700,229805,21.8,4.3,13,False,False,456,sin_control,False,False,9
9987,0,2,11,18162,882,19048,254233,22.6,50.0,33,False,False,456,sin_control,False,False,9
9987,0,2,11,19040,887,19930,279289,21.4,3.9,33,False,False,456,sin_control,False,False,9
9987,0,2,11,20150,880,21033,303037,21.7,2.4,33,False,False,456,sin_control,False,False,9
9987,0,1,12,21211,867,22081,326694,23.9,0.0,25,False,False,456,sin_control,False,False,9
9988,0,1,11,22229,863,23093,351274,21.7,4.5,25,False,False,456,sin_control,False,False,9
9988,0,1,11,23464,845,24309,376173,22.8,1.0,25,False,False,456,sin_control,False,False,9
9988,0,1,11,24572,843,25415,398467,22.3,7.1,28,False,False,456,sin_control,False,False,9
9988,0,0,12,25853,833,26686,393573,21.6,0.0,28,False,False,456,sin_control,False,False,9
9988,0,0,12,27173,820,27993,421586,20.8,13.9,9,False,False,456,sin_control,False,False,9
9988,0,0,12,28519,843,29362,449754,21.2,15.5,16,False,False,456,sin_control,False,False,9
9988,0,0,12,30011,822,30833,478511,22.0,0.8,16,False,False,456,sin_control,False,False,9
9987,1,0,12,31759,819,32578,509809,21.8,0.0,16,False,False,456,sin_control,False,False,9
9987,1,0,12,34232,826,35058,541267,22.1,3.0,16,False,False,456,sin_control,False,False,9
9987,1,0,12,37510,859,38369,579599,21.9,19.7,25,False,False,456,sin_control,False,False,9
9987,1,0,12,40764,979,41743,624212,21.7,11.8,27,False,False,456,sin_control,False,False,9
9987,0,1,12,44327,1086,45413,646301,21.3,61.0,57,False,False,456,sin_control,False,False,9
9987,0,1,12,47431,1088,48520,672186,21.4,4.0,51,False,False,456,sin_control,False,False,9
9987,0,1,12,50363,1040,51404,734117,22.7,0.0,44,False,False,456,sin_control,False,False,9
9987,0,1,12,53472,1035,54508,763760,21.2,19.1,53,False,False,456,sin_control,False,False,9
9987,0,1,12,56392,1029,57423,794913,22.2,8.9,57,False,False,456,sin_control,False,False,9
9987,0,1,12,58902,1011,59915,831033,21.6,23.7,68,False,False,456,sin_control,False,False,9
9987,0,1,12,61922,1020,62944,868290,23.0,0.0,59,False,False,456,sin_control,False,False,9
9987,0,1,12,64506,1025,65532,943091,23.2,0.0,54,False,False,456,sin_control,False,False,9
9987,0,0,13,67189,1012,68202,1014972,21.8,4.7,24,False,False,456,sin_control,False,False,9
9987,0,0,13,70243,1014,71258,1087243,21.7,1.7,24,False,False,456,sin_control,False,False,9
9987,0,0,13,73450,1121,74572,1161102,23.3,52.3,50,False,False,456,sin_control,False,False,9
9986,1,0,13,77022,1098,78121,1226818,23.2,0.0,41,False,False,456,sin_control,False,False,9
9985,2,0,13,81213,1104,82318,1300595,22.4,8.7,41,False,False,456,sin_control,False,False,9
9984,3,0,13,86102,1107,87210,1378995,20.4,2.0,30,False,False,456,sin_control,False,False,9
9984,4,0,12,92186,1242,93429,1461954,21.5,4.1,30,False,False,456,sin_control,False,False,9
9984,3,1,12,99412,1236,100649,1552150,19.4,0.0,30,False,False,456,sin_control,False,False,9
9984,2,2,12,107089,1232,108322,1655297,20.3,19.1,39,False,False,456,sin_control,False,False,9
9984,1,3,12,116067,1276,117344,1769603,20.2,37.1,57,False,False,456,sin_control,False,False,9
9985,0,4,11,125984,1290,127275,1820159,19.0,31.1,46,False,False,456,sin_control,False,False,9
9985,0,4,11,135977,1327,137307,1972542,20.3,1.8,46,False,False,456,sin_control,False,False,9
9985,0,4,11,147514,1358,148878,2141642,21.9,0.0,42,False,False,456,sin_control,False,False,9
9985,0,4,11,136505,1269,137779,2270592,19.7,4.7,42,False,False,456,sin_control,False,False,9
9985,0,4,11,145140,1296,146444,2286852,21.0,8.6,46,False,False,456,sin_control,False,False,9
9985,0,3,12,152925,1291,154230,2426189,22.9,0.0,46,False,False,456,sin_control,False,False,9
9984,1,2,13,161292,1281,162588,2578094,20.6,2.0,37,False,False,456,sin_control,False,False,9
9985,1,1,13,169893,1357,171265,2541128,21.3,3.9,19,False,False,456,sin_control,False,False,9
9985,1,0,14,176443,1344,177801,2530080,22.5,2.0,4,False,False,456,sin_control,False,False,9
9983,3,0,14,181986,1315,183311,2730714,22.4,8.9,8,False,False,456,sin_control,False,False,9
9983,2,1,14,188489,1310,189808,2921130,22.5,0.0,8,False,False,456,sin_control,False,False,9
9982,5,1,12,195518,1293,196819,2883747,22.8,0.0,8,False,False,456,sin_control,False,False,9
9981,6,1,12,228017,1370,229394,2941948,22.9,2.2,4,False,False,456,sin_control,False,False,9
9979,6,3,12,236989,1429,238427,3034167,22.0,2.0,4,False,False,456,sin_control,False,False,9
9977,8,3,12,246679,1471,248156,3134505,20.7,4.1,4,False,False,456,sin_control,False,False,9
9977,5,6,12,255314,1430,256750,3234361,19.9,1.4,4,False,False,456,sin_control,False,False,9
9977,4,7,12,262966,1398,264395,3343547,21.1,0.5,4,False,False,456,sin_control,False,False,9
9976,3,9,12,265967,1329,267336,3443049,21.8,7.1,3,False,False,456,sin_control,False,False,9
9976,1,10,13,268717,1313,270133,3520740,22.2,0.3,3,False,False,456,sin_control,False,False,9
9976,1,10,13,270652,1273,272036,3855891,21.7,10.9,8,False,False,456,sin_control,False,False,9
9975,2,10,13,273923,1238,275312,4151545,22.0,5.1,10,False,False,456,sin_control,False,False,9
9973,3,9,15,280407,1213,281790,4420743,21.8,5.3,12,False,False,456,sin_control,False,False,9
9971,5,9,15,289976,1228,291424,4675513,22.3,0.0,12,False,False,456,sin_control,False,False,9
9971,5,6,18,300002,1209,301437,4923666,21.5,3.0,12,False,False,456,sin_control,False,False,9
9969,6,6,19,310571,1219,312003,5174429,23.3,2.0,12,False,False,456,sin_control,False,False,9
9968,5,6,21,324757,1243,326204,5430406,22.6,1.0,9,False,False,456,sin_control,False,False,9
9968,3,6,23,347843,1253,349285,5296474,21.2,0.0,9,False,False,456,sin_control,False,False,9
9967,4,6,23,371767,1255,373182,5273251,20.7,6.9,7,False,False,456,sin_control,False,False,9
9967,2,8,23,395447,1292,396912,5343164,22.2,0.0,5,False,False,456,sin_control,False,False,9
9967,1,8,24,418862,1304,420319,5465844,21.5,3.2,3,False,False,456,sin_control,False,False,9
9967,1,8,24,442409,1301,443858,5638297,22.2,7.0,6,False,False,456,sin_control,False,False,9
9966,1,9,24,464655,1275,466084,5835642,23.9,0.5,6,False,False,456,sin_control,False,False,9
9965,2,8,25,485659,1295,487130,6491261,22.5,7.9,9,False,False,456,sin_control,False,False,9
9965,2,6,27,506143,1291,507596,7102690,20.5,6.0,12,False,False,456,sin_control,False,False,9
9964,3,4,29,525311,1302,526771,7169500,21.1,0.0,12,False,False,456,sin_control,False,False,9
9964,2,5,29,539069,1299,540515,7805011,21.8,1.0,9,False,False,456,sin_control,False,False,9
9964,1,4,31,554249,1293,555695,7804622,22.1,0.0,9,False,False,456,sin_control,False,False,9
9964,1,3,32,564915,1279,566331,8428991,20.7,15.3,16,False,False,456,sin_control,False,False,9
9964,0,4,32,576697,1274,578112,8990568,22.7,0.8,13,False,False,456,sin_control,False,False,9
9964,0,3,33,590235,1254,591651,8840044,21.9,1.0,13,False,False,456,sin_control,False,False,9
9964,0,3,33,605837,1251,607273,8776761,22.1,0.3,10,False,False,456,sin_control,False,False,9
9963,1,3,33,624850,1254,626275,9445151,20.6,18.2,16,False,False,456,sin_control,False,False,9
9963,1,3,33,653524,1279,654971,10073078,20.7,1.0,16,False,False,456,sin_control,False,False,9
9963,1,2,34,691196,1274,692631,10737923,20.5,10.9,21,False,False,456,sin_control,False,False,9
9964,1,1,34,740269,1294,741715,11455265,20.4,1.7,21,False,False,456,sin_control,False,False,9
9964,0,2,34,799687,1282,801122,12235499,20.8,8.7,18,False,False,456,sin_control,False,False,9
9964,0,1,35,739928,1188,741272,12805905,21.5,0.3,18,False,False,456,sin_control,False,False,9
9964,0,1,35,787885,1178,789194,13354915,19.9,6.0,21,False,False,456,sin_control,False,False,9
9964,0,1,35,833520,1167,834798,13971949,20.0,14.3,28,False,False,456,sin_control,False,False,9
9964,0,1,35,889425,1199,890720,14676453,20.3,25.5,31,False,False,456,sin_control,False,False,9
9964,0,1,35,942277,1190,943542,15449738,20.3,26.8,44,False,False,456,sin_control,False,False,9
9964,0,1,35,1003186,1197,1004454,16301051,21.6,0.0,39,False,False,456,sin_control,False,False,9
9963,1,1,35,1060794,1214,1062067,17216313,20.6,20.2,49,False,False,456,sin_control,False,False,9
9963,1,0,36,1114763,1204,1116021,17398927,20.5,10.9,50,False,False,456,sin_control,False,False,9
9963,1,0,36,1170052,1226,1171319,17742724,19.7,5.0,52,False,False,456,sin_control,False,False,9
9963,1,0,36,1226811,1236,1228076,18219742,20.6,11.8,54,False,False,456,sin_control,False,False,9
9964,0,1,35,1275742,1254,1277018,19572276,19.1,10.4,52,False,False,456,sin_control,False,False,9
9964,0,1,35,1324158,1262,1325436,20877446,19.9,13.5,46,False,False,456,sin_control,False,False,9
9964,0,1,35,1224569,1160,1225743,21720114,20.2,0.0,33,False,False,456,sin_control,False,False,9
9965,0,1,34,1282731,1166,1283906,22512013,20.4,1.0,33,False,False,456,sin_control,False,False,9
9965,0,1,34,1329917,1154,1331077,23372330,20.0,4.1,23,False,False,456,sin_control,False,False,9
9965,0,1,34,1378148,1139,1379290,24280186,21.2,2.3,18,False,False,456,sin_control,False,False,9
9965,0,1,34,1541717,1176,1542896,25658901,22.6,1.0,16,False,False,456,sin_control,False,False,9
9965,0,1,34,1591069,1163,1592235,26967045,21.1,4.1,11,False,False,456,sin_control,False,False,9
9965,0,0,35,1643472,1158,1644632,26243638,19.8,5.1,8,False,False,456,sin_control,False,False,9
9965,0,0,35,1685615,1150,1686767,25848465,20.6,6.1,5,False,False,456,sin_control,False,False,9
9966,0,0,34,1720588,1100,1721689,27550141,20.0,10.6,10,False,False,456,sin_control,False,False,9
9966,0,0,34,1757500,1081,1758582,29129165,21.6,0.0,10,False,False,456,sin_control,False,False,9
9967,0,0,33,1803918,1058,1804977,30629307,21.4,0.5,10,False,False,456,sin_control,False,False,9
9967,0,0,33,1858189,1021,1859211,32147416,21.0,8.3,14,False,False,456,sin_control,False,False,9
9967,0,0,33,1919220,1006,1920227,33672915,20.7,24.7,26,False,False,456,sin_control,False,False,9
9967,0,0,33,1977751,968,1978720,35162366,21.1,10.7,31,False,False,456,sin_control,False,False,9
9967,0,0,33,2031086,926,2032012,36632573,22.8,1.4,29,False,False,456,sin_control,False,False,9
9967,0,0,33,2068625,893,2069518,37986650,22.7,0.6,26,False,False,456,sin_control,False,False,9
9968,0,0,32,2209716,877,2210593,40255646,21.4,10.5,26,False,False,456,sin_control,False,False,9
9969,0,0,31,2249851,826,2250677,41854088,21.9,9.8,30,False,False,456,sin_control,False,False,9
9968,1,0,31,2298179,781,2298960,43482482,22.7,5.1,32,False,False,456,sin_control,False,False,9
9968,1,0,31,2343483,746,2344229,45035411,20.5,3.8,28,False,False,456,sin_control,False,False,9
9968,1,0,31,2393510,714,2394224,46618651,21.9,1.2,16,False,False,456,sin_control,False,False,9
9968,1,0,31,2446542,711,2447253,48326257,22.6,3.2,11,False,False,456,sin_control,False,False,9
9968,0,1,31,2492659,682,2493341,49936187,20.3,12.4,17,False,False,456,sin_control,False,False,9
9968,0,1,31,2533752,671,2534423,51490541,20.8,33.8,32,False,False,456,sin_control,False,False,9
9968,0,1,31,2570573,641,2571214,52980520,20.8,4.9,27,False,False,456,sin_control,False,False,9
9968,0,1,31,2606220,634,2606854,54420222,21.5,5.5,25,False,False,456,sin_control,False,False,9
9967,1,1,31,2640475,650,2641125,55829882,22.6,2.5,23,False,False,456,sin_control,False,False,9
9967,1,1,31,2674616,604,2675220,57180065,22.9,9.7,27,False,False,456,sin_control,False,False,9
9967,1,1,31,2706005,587,2706592,58497348,21.3,1.0,27,False,False,456,sin_control,False,False,9
9967,1,1,31,2736202,565,2736767,59742880,21.7,0.5,27,False,False,456,sin_control,False,False,9
9967,0,1,32,2771186,540,2771726,56884794,21.2,0.5,22,False,False,456,sin_control,False,False,9
9968,0,1,31,2798076,506,2798582,54386094,22.4,0.0,6,False,False,456,sin_control,False,False,9
9968,0,1,31,2818394,496,2818890,52459336,21.9,3.0,6,False,False,456,sin_control,False,False,9
9968,0,1,31,2834940,460,2835400,50873289,21.8,2.0,4,False,False,456,sin_control,False,False,9
9968,0,1,31,2848436,446,2848882,42084324,22.0,0.0,4,False,False,456,sin_control,False,False,9
9968,0,1,31,2851708,421,2852129,36225439,22.3,0.5,0,False,False,456,sin_control,False,False,9
9970,0,1,29,2847988,388,2848376,32234988,21.6,0.5,0,False,False,456,sin_control,False,False,9
9970,0,1,29,2835531,371,2835902,34253933,20.6,4.1,0,False,False,456,sin_control,False,False,9
9970,0,0,30,2823494,349,2823843,38294049,20.2,16.6,8,False,False,456,sin_control,False,False,9
9971,0,0,29,2814730,340,2815070,41686392,21.1,14.0,15,False,False,456,sin_control,False,False,9
9972,0,0,28,2809489,320,2809809,44559686,21.4,1.3,15,False,False,456,sin_control,False,False,9
9972,0,0,28,2806817,310,2807127,47039120,23.3,0.0,15,False,False,456,sin_control,False,False,9
9972,0,0,28,2806226,294,2806520,49144703,22.7,0.0,15,False,False,456,sin_control,False,False,9
9972,0,0,28,2808778,287,2809065,50920852,22.2,2.0,15,False,False,456,sin_control,False,False,9
9972,0,0,28,2817139,277,2817416,52562749,21.7,1.0,15,False,False,456,sin_control,False,False,9
9972,0,0,28,2830615,267,2830882,54001692,21.1,7.1,18,False,False,456,sin_control,False,False,9
9972,0,0,28,2847406,263,2847669,51334032,21.3,11.7,15,False,False,456,sin_control,False,False,9
9972,0,0,28,2862889,252,2863141,53110992,22.0,6.1,11,False,False,456,sin_control,False,False,9
9972,0,0,28,2891445,257,2891702,54993110,21.0,25.9,23,False,False,456,sin_control,False,False,9
9972,0,0,28,2931284,253,2931537,57088109,21.1,2.4,23,False,False,456,sin_control,False,False,9
9973,0,0,27,2979187,267,2979454,59489675,22.9,0.0,23,False,False,456,sin_control,False,False,9
9973,0,0,27,3018825,279,3019104,61799572,23.2,1.7,23,False,False,456,sin_control,False,False,9
9973,0,0,27,3047289,289,3047578,63843229,21.3,5.6,25,False,False,456,sin_control,False,False,9
9972,1,0,27,3070531,301,3070832,65677085,21.6,3.6,22,False,False,456,sin_control,False,False,9
9972,1,0,27,3088371,309,3088680,67296337,22.3,16.9,25,False,False,456,sin_control,False,False,9
9972,1,0,27,3104295,301,3104596,68736574,21.7,0.0,22,False,False,456,sin_control,False,False,9
9973,1,0,26,3117271,301,3117572,70012138,21.4,14.9,17,False,False,456,sin_control,False,False,9
9973,0,1,26,3129057,276,3129333,71106290,21.4,8.6,21,False,False,456,sin_control,False,False,9
9973,0,1,26,3139429,271,3139700,72138933,20.4,18.0,30,False,False,456,sin_control,False,False,9
9973,0,1,26,3149156,261,3149417,73063651,20.6,0.0,30,False,False,456,sin_control,False,False,9
9973,0,1,26,3161388,259,3161647,74107806,21.7,0.4,28,False,False,456,sin_control,False,False,9
9973,0,1,26,3172971,268,3173239,75030822,22.1,2.3,28,False,False,456,sin_control,False,False,9
9974,0,1,25,3185549,279,3185828,76026266,22.7,5.9,22,False,False,456,sin_control,False,False,9
9974,0,1,25,3199578,258,3199836,77074916,20.8,7.1,25,False,False,456,sin_control,False,False,9
9974,0,1,25,3215199,235,3215434,78230425,21.1,0.0,18,False,False,456,sin_control,False,False,9
9974,0,0,26,3232923,237,3233160,73561380,21.1,6.5,17,False,False,456,sin_control,False,False,9
9975,0,0,25,3249615,233,3249848,75150823,21.4,9.5,12,False,False,456,sin_control,False,False,9
9975,0,0,25,3265727,232,3265959,76541916,22.2,1.4,12,False,False,456,sin_control,False,False,9
9975,0,0,25,3282328,236,3282564,77786908,21.6,2.5,12,False,False,456,sin_control,False,False,9
9976,0,0,24,3297348,230,3297578,78935146,21.1,6.3,15,False,False,456,sin_control,False,False,9
9976,0,0,24,3312102,236,3312338,79975313,21.8,0.0,13,False,False,456,sin_control,False,False,9
9976,0,0,24,3327023,233,3327256,80931388,20.2,3.3,10,False,False,456,sin_control,False,False,9
9976,0,0,24,3341198,218,3341416,75831094,21.7,0.0,10,False,False,456,sin_control,False,False,9
9976,0,0,24,3352299,210,3352509,71642766,22.3,5.4,9,False,False,456,sin_control,False,False,9
9976,0,0,24,3360637,206,3360843,73539057,22.2,14.0,12,False,False,456,sin_control,False,False,9
9976,0,0,24,3369490,206,3369696,75175576,21.8,0.0,12,False,False,456,sin_control,False,False,9
9976,0,0,24,3378295,208,3378503,76659780,21.3,3.4,12,False,False,456,sin_control,False,False,9
9976,0,0,24,3387709,207,3387916,78015978,21.4,8.9,13,False,False,456,sin_control,False,False,9
9976,0,0,24,3397906,205,3398111,79266503,21.7,7.7,16,False,False,456,sin_control,False,False,9
9976,0,0,24,3411327,202,3411529,80639453,22.2,1.4,16,False,False,456,sin_control,False,False,9
9977,0,0,23,3424260,198,3424458,81801078,22.4,1.7,16,False,False,456,sin_control,False,False,9
9977,0,0,23,3437336,187,3437523,82831600,20.7,6.7,17,False,False,456,sin_control,False,False,9
9977,0,0,23,3450496,187,3450683,83729381,22.5,1.9,10,False,False,456,sin_control,False,False,9
9977,0,0,23,3463131,179,3463310,84576785,23.3,0.0,10,False,False,456,sin_control,False,False,9
9977,0,0,23,3475628,178,3475806,85363536,22.2,14.0,17,False,False,456,sin_control,False,False,9
9977,0,0,23,3488256,174,3488430,86060915,22.1,0.0,13,False,False,456,sin_control,False,False,9
9978,0,0,22,3503552,194,3503746,87003053,21.0,31.0,25,False,False,456,sin_control,False,False,9
9978,0,0,22,3520639,189,3520828,88096768,22.0,0.0,25,False,False,456,sin_control,False,False,9
9978,0,0,22,3536225,191,3536416,89004067,21.0,3.9,25,False,False,456,sin_control,False,False,9
9978,0,0,22,3550324,181,3550505,89868637,21.9,13.6,27,False,False,456,sin_control,False,False,9
9978,0,0,22,3562790,185,3562975,90651058,20.5,22.6,38,False,False,456,sin_control,False,False,9
9978,0,0,22,3574264,191,3574455,91373174,20.5,24.8,50,False,False,456,sin_control,False,False,9
9978,0,0,22,3584501,194,3584695,88030985,20.8,7.7,47,False,False,456,sin_control,False,False,9
9978,0,0,22,3593522,192,3593714,89168828,20.6,1.2,47,False,False,456,sin_control,False,False,9
9978,0,0,22,3602772,182,3602954,90148524,21.7,11.2,37,False,False,456,sin_control,False,False,9
9978,0,0,22,3612204,182,3612386,91055752,20.4,18.0,46,False,False,456,sin_control,False,False,9
9978,0,0,22,3621859,171,3622030,91852305,20.6,4.9,46,False,False,456,sin_control,False,False,9
9978,0,0,22,3350038,163,3350201,88960173,21.5,2.0,40,False,False,456,sin_control,False,False,9
9977,1,0,22,3617634,162,3617796,88751020,20.7,0.0,29,False,False,456,sin_control,False,False,9
9977,1,0,22,3626440,156,3626596,89371000,22.4,0.0,17,False,False,456,sin_control,False,False,9
9976,2,0,22,3634616,155,3634771,89958408,22.3,0.0,14,False,False,456,sin_control,False,False,9
9976,2,0,22,3643258,167,3643425,83904377,21.9,0.0,14,False,False,456,sin_control,False,False,9
9976,1,1,22,3650733,164,3650897,79076279,21.3,6.4,12,False,False,456,sin_control,False,False,9
9976,1,1,22,3657640,168,3657813,75067688,19.9,7.2,6,False,False,456,sin_control,False,False,9
9976,0,2,22,3663212,164,3663389,71725359,19.8,2.4,6,False,False,456,sin_control,False,False,9
9976,0,2,22,3667689,159,3667865,68964089,20.5,0.0,6,False,False,456,sin_control,False,False,9
9976,0,2,22,3670913,155,3671099,66636882,21.3,1.7,6,False,False,456,sin_control,False,False,9
9976,0,2,22,3674337,149,3674544,64769432,22.6,3.3,6,False,False,456,sin_control,False,False,9
9976,0,2,22,3676879,141,3677088,63137763,21.0,0.5,6,False,False,456,sin_control,False,False,9
9976,0,2,22,3678729,141,3678946,61749227,20.4,0.0,6,False,False,456,sin_control,False,False,9
9976,0,1,23,3679859,146,3680076,51329913,20.8,1.7,3,False,False,456,sin_control,False,False,9
9975,1,1,23,3678557,143,3678752,52009952,21.6,6.1,3,False,False,456,sin_control,False,False,9
9975,1,0,24,3674754,138,3674937,52077231,19.7,7.3,6,False,False,456,sin_control,False,False,9
9975,1,0,24,3672146,180,3672364,56191114,21.1,39.1,25,False,False,456,sin_control,False,False,9
9975,1,0,24,3669768,171,3669970,59694337,21.9,0.0,25,False,False,456,sin_control,False,False,9
9975,0,1,24,3668156,166,3668344,62683333,21.4,0.0,25,False,False,456,sin_control,False,False,9
9975,0,1,24,3668515,162,3668722,65306546,20.7,9.9,29,False,False,456,sin_control,False,False,9
9975,0,1,24,3670785,145,3670985,67573287,20.2,7.4,32,False,False,456,sin_control,False,False,9
9975,0,1,24,3674211,136,3674411,69599488,21.5,4.7,32,False,False,456,sin_control,False,False,9
9975,0,1,24,3678509,130,3678717,71469714,22.1,13.7,35,False,False,456,sin_control,False,False,9
9975,0,1,24,3683994,134,3684188,73123394,21.7,12.1,38,False,False,456,sin_control,False,False,9
9975,0,1,24,3690198,135,3690374,74658984,20.8,21.8,29,False,False,456,sin_control,False,False,9
9975,0,1,24,3696955,175,3697170,72799567,20.6,38.6,48,False,False,456,sin_control,False,False,9
9975,0,0,25,3703073,176,3703283,74591421,20.6,0.0,48,False,False,456,sin_control,False,False,9
9975,0,0,25,3709698,171,3709893,72924268,20.8,11.1,49,False,False,456,sin_control,False,False,9
9975,0,0,25,3719441,160,3719619,75323431,21.0,0.0,46,False,False,456,sin_control,False,False,9
9975,0,0,25,3728687,155,3728854,77506736,20.5,7.7,49,False,False,456,sin_control,False,False,9
9976,0,0,24,3736765,144,3736918,79469180,21.6,6.1,46,False,False,456,sin_control,False,False,9
9976,0,0,24,3743124,163,3743294,81238772,19.9,9.5,44,False,False,456,sin_control,False,False,9
9976,0,0,24,3747327,173,3747504,82733846,19.9,13.5,40,False,False,456,sin_control,False,False,9
9976,0,0,24,3750750,182,3750934,83991057,19.5,5.9,23,False,False,456,sin_control,False,False,9
9976,0,0,24,3753619,184,3753804,85152609,20.6,2.0,23,False,False,456,sin_control,False,False,9
9976,0,0,24,3756456,180,3756637,86160392,19.6,2.3,18,False,False,456,sin_control,False,False,9
9976,0,0,24,3758946,183,3759129,87009580,20.5,0.0,18,False,False,456,sin_control,False,False,9
9976,0,0,24,3761542,180,3761722,87837707,21.2,0.0,15,False,False,456,sin_control,False,False,9
9976,0,0,24,3763798,179,3763977,88539255,21.6,3.1,12,False,False,456,sin_control,False,False,9
9976,0,0,24,3766415,176,3766591,82624411,22.3,1.8,8,False,False,456,sin_control,False,False,9
9976,0,0,24,3768784,187,3768971,77986371,20.4,12.2,8,False,False,456,sin_control,False,False,9
9976,0,0,24,3770676,177,3770853,74188647,21.8,3.6,6,False,False,456,sin_control,False,False,9
9976,0,0,24,3772597,174,3772771,76667939,21.1,6.7,9,False,False,456,sin_control,False,False,9
9976,0,0,24,3774841,166,3775007,78890143,21.2,8.1,13,False,False,456,sin_control,False,False,9
9976,0,0,24,3777115,162,3777277,80823667,21.3,3.6,13,False,False,456,sin_control,False,False,9
9976,0,0,24,3779598,160,3779758,82469611,21.2,11.5,18,False,False,456,sin_control,False,False,9
9977,0,0,23,3782708,167,3782875,83897949,21.3,26.0,31,False,False,456,sin_control,False,False,9
9977,0,0,23,3785583,166,3785749,85142663,20.4,18.5,40,False,False,456,sin_control,False,False,9
9977,0,0,23,3788285,165,3788450,86202093,20.4,15.2,41,False,False,456,sin_control,False,False,9
9977,0,0,23,3790988,197,3791185,83308547,21.3,35.2,58,False,False,456,sin_control,False,False,9
9977,0,0,23,3793406,190,3793596,80867125,20.6,11.9,60,False,False,456,sin_control,False,False,9
9977,0,0,23,3795401,204,3795605,78747075,20.3,10.0,61,False,False,456,sin_control,False,False,9
9977,0,0,23,3797067,195,3797262,76962934,21.9,0.0,61,False,False,456,sin_control,False,False,9
9977,0,0,23,3798678,193,3798871,78851913,22.0,7.6,59,False,False,456,sin_control,False,False,9
9977,0,0,23,3800717,200,3800917,80650480,21.7,0.0,46,False,False,456,sin_control,False,False,9
9977,0,0,23,3803370,188,3803558,82408737,19.1,1.4,37,False,False,456,sin_control,False,False,9
9977,0,0,23,3806468,187,3806655,84056494,20.9,3.9,30,False,False,456,sin_control,False,False,9
9977,0,0,23,3809105,181,3809286,85470582,21.6,10.1,18,False,False,456,sin_control,False,False,9
9977,0,0,23,3811674,178,3811852,86687104,21.0,6.4,16,False,False,456,sin_control,False,False,9
9977,0,0,23,3814074,188,3814262,87759559,20.7,11.9,16,False,False,456,sin_control,False,False,9
9977,0,0,23,3816552,181,3816733,88694777,21.6,10.1,21,False,False,456,sin_control,False,False,9
9977,0,0,23,3818905,188,3819093,89452308,21.5,3.2,18,False,False,456,sin_control,False,False,9
9977,0,0,23,3821560,194,3821754,90125653,21.2,15.0,25,False,False,456,sin_control,False,False,9
9977,0,0,23,3823960,197,3824157,90731402,20.7,0.0,25,False,False,456,sin_control,False,False,9
9977,0,0,23,3826346,210,3826556,91398839,21.0,7.1,28,False,False,456,sin_control,False,False,9
9977,0,0,23,3829155,198,3829353,92077238,20.4,13.9,29,False,False,456,sin_control,False,False,9
9977,0,0,23,3832042,202,3832244,92849039,20.9,9.7,30,False,False,456,sin_control,False,False,9
9977,0,0,23,3834801,206,3835007,93604280,19.5,10.7,30,False,False,456,sin_control,False,False,9
9977,0,0,23,3837520,203,3837723,94252889,20.1,3.5,25,False,False,456,sin_control,False,False,9
9977,0,0,23,3840013,203,3840216,94917487,20.0,2.9,25,False,False,456,sin_control,False,False,9
9977,0,0,23,3842444,208,3842652,95546554,20.9,0.0,18,False,False,456,sin_control,False,False,9
9977,0,0,23,3845158,209,3845367,96100324,19.8,2.7,18,False,False,456,sin_control,False,False,9
9977,0,0,23,3847677,213,3847890,96591901,20.7,6.2,18,False,False,456,sin_control,False,False,9
9977,0,0,23,3850234,216,3850450,97010423,21.0,6.8,15,False,False,456,sin_control,False,False,9
9977,0,0,23,3852780,210,3852990,90200409,20.8,1.8,11,False,False,456,sin_control,False,False,9
9978,0,0,22,3854675,207,3854882,84676322,18.9,0.8,6,False,False,456,sin_control,False,False,9
9978,0,0,22,3856340,195,3856535,80114229,20.5,0.0,6,False,False,456,sin_control,False,False,9
9978,0,0,22,3566863,180,3567043,73675947,20.2,2.7,6,False,False,456,sin_control,False,False,9
9978,0,0,22,3857838,173,3858011,72247666,21.3,6.2,9,False,False,456,sin_control,False,False,9
9978,0,0,22,3858566,172,3858738,69788066,21.4,2.0,9,False,False,456,sin_control,False,False,9
9978,0,0,22,3859101,172,3859273,72878465,21.4,16.0,14,False,False,456,sin_control,False,False,9
9978,0,0,22,3859996,176,3860172,75576098,21.6,0.0,11,False,False,456,sin_control,False,False,9
9978,0,0,22,3860878,179,3861057,77899693,21.0,0.2,11,False,False,456,sin_control,False,False,9
9979,0,0,21,3862023,170,3862193,79854829,22.8,0.0,11,False,False,456,sin_control,False,False,9
9979,0,0,21,3862980,159,3863139,81546005,22.5,1.9,11,False,False,456,sin_control,False,False,9
9979,0,0,21,3864092,155,3864247,76949730,21.6,0.0,11,False,False,456,sin_control,False,False,9
9979,0,0,21,3865053,157,3865210,73205158,21.8,0.2,8,False,False,456,sin_control,False,False,9
9979,0,0,21,3865926,157,3866083,59296206,20.7,0.3,8,False,False,456,sin_control,False,False,9
9978,1,0,21,3869261,159,3869420,51900712,22.5,0.0,0,False,False,456,sin_control,False,False,9
9978,1,0,21,3869331,153,3869484,45498078,22.4,0.5,0,False,False,456,sin_control,False,False,9
9979,1,0,20,3868953,138,3869091,41202901,23.1,1.3,0,False,False,456,sin_control,False,False,9
9979,1,0,20,3838741,135,3838876,38050968,22.5,0.0,0,False,False,456,sin_control,False,False,9
9979,0,1,20,3847416,128,3847544,36072431,21.6,0.6,0,False,False,456,sin_control,False,False,9
9980,0,1,19,3773731,127,3773881,34665681,21.6,0.2,0,False,False,456,sin_control,False,False,9
9980,0,1,19,3646665,119,3646810,33420016,20.7,1.6,0,False,False,456,sin_control,False,False,9
9980,0,1,19,3488447,114,3488605,32151567,21.6,0.0,0,False,False,456,sin_control,False,False,9
9981,0,1,18,3311621,104,3311773,30779498,20.9,5.4,2,False,False,456,sin_control,False,False,9
9981,0,1,18,3125206,99,3125372,29364406,21.9,1.9,2,False,False,456,sin_control,False,False,9
9981,0,1,18,2936276,95,2936435,32270279,21.7,11.6,7,False,False,456,sin_control,False,False,9
9998,0,2,0,2000,3000,5000,2000,25.0,0.0,0,False,False,456,lsm,True,False,10
9997,1,2,0,1852,2751,4603,16040,21.5,2.3,0,False,False,456,lsm,True,False,10
9997,1,2,0,1712,2543,4255,24666,22.3,0.0,0,False,False,456,lsm,True,False,10
9997,1,2,0,1599,2358,3957,28448,22.3,0.0,0,False,False,456,lsm,True,False,10
9996,2,2,0,1475,2187,3662,29178,21.8,0.0,0,False,False,456,lsm,True,False,10
9996,1,3,0,1371,2029,3400,30058,21.6,0.0,0,False,False,456,lsm,True,False,10
9996,1,3,0,1263,1861,3124,28720,19.5,0.2,0,False,False,456,lsm,True,False,10
9996,1,3,0,1162,1721,2883,12610,20.1,1.7,0,True,False,456,lsm,True,False,10
9995,1,2,2,1071,1588,2659,15481,21.8,0.3,0,True,False,456,lsm,True,False,10
9994,2,2,2,978,1455,2433,17736,21.7,0.0,0,True,False,456,lsm,True,False,10
9994,2,2,2,890,1348,2238,18401,21.0,0.0,0,True,False,456,lsm,True,False,10
9994,2,2,2,833,1260,2093,18939,19.8,7.2,3,True,False,456,lsm,True,False,10
9993,2,3,2,773,1148,1921,20046,21.2,8.0,7,True,False,456,lsm,True,False,10
9993,1,3,3,714,1062,1776,21615,20.1,5.1,9,True,False,456,lsm,True,False,10
9993,1,3,3,656,974,1630,9290,20.6,3.5,9,True,False,456,lsm,True,False,10
9993,1,3,3,602,902,1504,12644,21.0,1.7,9,True,False,456,lsm,True,False,10
9993,0,3,4,560,843,1403,15789,20.8,3.8,9,True,False,456,lsm,True,False,10
9993,0,3,4,527,786,1313,17064,21.9,0.5,9,True,False,456,lsm,True,False,10
9993,0,3,4,501,736,1237,17416,21.3,0.3,9,True,False,456,lsm,True,False,10
9993,0,3,4,478,689,1167,17602,21.9,0.1,6,True,False,456,lsm,True,False,10
9993,0,2,5,464,643,1107,14664,24.0,0.0,2,True,False,456,lsm,True,False,10
9993,0,1,6,475,591,1066,5544,23.1,0.3,0,True,False,456,lsm,True,False,10
9993,0,1,6,481,556,1037,7542,21.4,1.6,0,True,False,456,lsm,True,False,10
9993,0,1,6,456,515,971,8161,22.8,0.0,0,True,False,456,lsm,True,False,10
9993,0,0,7,431,484,915,8008,21.2,3.8,0,True,False,456,lsm,True,False,10
9993,0,0,7,410,462,872,7932,22.3,0.0,0,True,False,456,lsm,True,False,10
9993,0,0,7,381,523,904,9541,22.4,52.3,26,True,False,456,lsm,True,False,10
9993,0,0,7,365,495,860,10715,22.4,0.0,26,True,False,456,lsm,True,False,10
9993,0,0,7,351,468,819,5183,21.3,24.9,38,True,False,456,lsm,True,False,10
9993,0,0,7,328,434,762,7217,21.2,0.0,38,True,False,456,lsm,True,False,10
9993,0,0,7,301,399,700,8338,19.9,8.1,42,True,False,456,lsm,True,False,10
9993,0,0,7,284,368,652,9091,21.1,0.0,42,True,False,456,lsm,True,False,10
9993,0,0,7,273,346,619,9689,21.1,0.4,42,True,False,456,lsm,True,False,10
9993,0,0,7,268,322,590,10380,23.0,0.0,42,True,False,456,lsm,True,False,10
9993,0,0,7,258,303,561,10334,22.4,0.0,16,True,False,456,lsm,True,False,10
9993,0,0,7,253,286,539,3971,21.6,9.9,20,True,False,456,lsm,True,False,10
9993,0,0,7,262,276,538,4508,21.2,0.8,8,True,False,456,lsm,True,False,10
9993,0,0,7,262,346,608,5612,20.1,50.0,33,True,False,456,lsm,True,False,10
9993,0,0,7,289,321,610,6425,19.9,7.5,32,True,False,456,lsm,True,False,10
9993,0,0,7,254,297,551,7374,19.6,21.2,42,True,False,456,lsm,True,False,10
9993,0,0,7,282,280,562,8201,21.3,0.0,42,True,False,456,lsm,True,False,10
9993,0,0,7,280,269,549,8929,21.0,2.4,42,True,False,456,lsm,True,False,10
9993,0,0,7,288,256,544,4088,22.8,0.0,42,True,False,456,lsm,True,False,10
9993,0,0,7,317,244,561,5356,22.9,0.0,38,True,False,456,lsm,True,False,10
9993,0,0,7,310,238,548,6151,20.7,5.5,40,True,False,456,lsm,True,False,10
9992,1,0,7,314,219,533,7091,21.7,2.0,15,True,False,456,lsm,True,False,10
9992,1,0,7,335,216,551,7528,21.2,1.0,12,True,False,456,lsm,True,False,10
9992,1,0,7,325,210,535,7602,23.2,0.0,2,True,False,456,lsm,True,False,10
9992,1,0,7,336,192,528,7499,22.7,7.2,5,True,False,456,lsm,True,False,10
9992,0,1,7,343,177,520,3233,21.7,2.0,5,True,False,456,lsm,True,False,10
9992,0,1,7,339,168,507,4187,20.6,10.9,10,True,False,456,lsm,True,False,10
9992,0,1,7,321,166,487,5041,20.8,1.2,10,True,False,456,lsm,True,False,10
9992,0,1,7,325,161,486,5440,22.5,0.0,8,True,False,456,lsm,True,False,10
9992,0,1,7,327,159,486,6103,22.8,5.8,10,True,False,456,lsm,True,False,10
9992,0,1,7,316,156,472,6572,21.4,16.4,18,True,False,456,lsm,True,False,10
9992,0,1,7,304,149,453,6987,21.5,7.8,21,True,False,456,lsm,True,False,10
9992,0,1,7,290,139,429,3302,22.8,0.0,18,True,False,456,lsm,True,False,10
9992,0,0,8,296,214,510,4559,20.5,49.0,42,True,False,456,lsm,True,False,10
9992,0,0,8,289,205,494,5303,20.5,8.9,40,True,False,456,lsm,True,False,10
9992,0,0,8,291,203,494,5636,21.3,8.3,44,True,False,456,lsm,True,False,10
9992,0,0,8,295,196,491,5541,20.0,18.6,53,True,False,456,lsm,True,False,10
9993,0,0,7,293,183,476,6380,20.5,8.3,55,True,False,456,lsm,True,False,10
9993,0,0,7,288,168,456,7132,20.6,5.0,49,True,False,456,lsm,True,False,10
9993,0,0,7,290,161,451,3358,21.6,0.8,46,True,False,456,lsm,True,False,10
9993,0,0,7,287,144,431,4232,20.7,5.1,48,True,False,456,lsm,True,False,10
9993,0,0,7,264,133,397,4928,20.2,14.0,32,True,False,456,lsm,True,False,10
9993,0,0,7,271,130,401,5549,20.4,3.3,28,True,False,456,lsm,True,False,10
9993,0,0,7,267,119,386,5867,21.8,0.0,24,True,False,456,lsm,True,False,10
9993,0,0,7,269,117,386,6275,21.1,0.0,15,True,False,456,lsm,True,False,10
9993,0,0,7,282,112,394,6772,22.1,4.1,11,True,False,456,lsm,True,False,10
9993,0,0,7,277,107,384,3259,21.1,11.0,14,True,False,456,lsm,True,False,10
9993,0,0,7,280,99,379,3952,21.4,0.8,14,True,False,456,lsm,True,False,10
9993,0,0,7,273,102,375,4259,21.7,0.3,12,True,False,456,lsm,True,False,10
9993,0,0,7,277,101,378,4868,20.9,17.0,13,True,False,456,lsm,True,False,10
9993,0,0,7,264,92,356,4998,22.7,0.0,13,True,False,456,lsm,True,False,10
9993,0,0,7,252,91,343,5339,21.0,1.5,13,True,False,456,lsm,True,False,10
9993,0,0,7,300,95,395,5747,22.6,0.0,13,True,False,456,lsm,True,False,10
9993,0,0,7,305,93,398,2460,21.8,4.3,13,True,False,456,lsm,True,False,10
9993,0,0,7,298,177,475,3878,22.6,50.0,33,True,False,456,lsm,True,False,10
9993,0,0,7,307,170,477,4753,21.4,3.9,33,True,False,456,lsm,True,False,10
9993,0,0,7,289,159,448,5773,21.7,2.4,33,True,False,456,lsm,True,False,10
9993,0,0,7,285,147,432,6222,23.9,0.0,25,True,False,456,lsm,True,False,10
9993,0,0,7,276,135,411,6779,21.7,4.5,25,True,False,456,lsm,True,False,10
9993,0,0,7,289,128,417,7065,22.8,1.0,25,True,False,456,lsm,True,False,10
9993,0,0,7,287,114,401,3290,22.3,7.1,28,True,False,456,lsm,True,False,10
9993,0,0,7,285,106,391,3869,21.6,0.0,28,True,False,456,lsm,True,False,10
9993,0,0,7,281,105,386,4475,20.8,13.9,9,True,False,456,lsm,True,False,10
9993,0,0,7,277,105,382,5029,21.2,15.5,16,True,False,456,lsm,True,False,10
9993,0,0,7,267,101,368,5494,22.0,0.8,16,True,False,456,lsm,True,False,10
9993,0,0,7,264,94,358,5970,21.8,0.0,16,True,False,456,lsm,True,False,10
9994,0,0,6,259,84,343,6126,22.1,3.0,16,True,False,456,lsm,True,False,10
9994,0,0,6,261,81,342,2550,21.9,19.7,25,True,False,456,lsm,True,False,10
9994,0,0,6,268,90,358,3179,21.7,11.8,27,True,False,456,lsm,True,False,10
9994,0,0,6,277,182,459,4532,21.3,61.0,57,True,False,456,lsm,True,False,10
9994,0,0,6,284,173,457,5122,21.4,4.0,51,True,False,456,lsm,True,False,10
9994,1,0,5,278,162,440,5465,22.7,0.0,44,True,False,456,lsm,True,False,10
9994,1,0,5,280,157,437,5905,21.2,19.1,53,True,False,456,lsm,True,False,10
9994,1,0,5,285,145,430,5790,22.2,8.9,57,True,False,456,lsm,True,False,10
9994,1,0,5,270,148,418,2844,21.6,23.7,68,True,False,456,lsm,True,False,10
9994,0,1,5,269,143,412,3346,23.0,0.0,59,True,False,456,lsm,True,False,10
9994,0,1,5,271,133,404,4094,23.2,0.0,54,True,False,456,lsm,True,False,10
9994,0,1,5,261,125,386,4955,21.8,4.7,24,True,False,456,lsm,True,False,10
9994,0,1,5,272,120,392,5465,21.7,1.7,24,True,False,456,lsm,True,False,10
9994,0,1,5,270,200,470,6087,23.3,52.3,50,True,False,456,lsm,True,False,10
9994,0,1,5,251,188,439,6644,23.2,0.0,41,True,False,456,lsm,True,False,10
9994,0,1,5,257,175,432,3161,22.4,8.7,41,True,False,456,lsm,True,False,10
9994,0,1,5,262,161,423,4021,20.4,2.0,30,True,False,456,lsm,True,False,10
9994,0,0,6,274,168,442,4957,21.5,4.1,30,True,False,456,lsm,True,False,10
9994,0,0,6,277,156,433,5226,19.4,0.0,30,True,False,456,lsm,True,False,10
9994,0,0,6,280,150,430,5668,20.3,19.1,39,True,False,456,lsm,True,False,10
9994,0,0,6,298,179,477,6675,20.2,37.1,57,True,False,456,lsm,True,False,10
9994,0,0,6,291,194,485,6950,19.0,31.1,46,True,False,456,lsm,True,False,10
9994,0,0,6,292,187,479,3347,20.3,1.8,46,True,False,456,lsm,True,False,10
9994,0,0,6,282,178,460,4430,21.9,0.0,42,True,False,456,lsm,True,False,10
9994,0,0,6,253,168,421,5358,19.7,4.7,42,True,False,456,lsm,True,False,10
9994,0,0,6,258,158,416,5582,21.0,8.6,46,True,False,456,lsm,True,False,10
9994,0,0,6,266,146,412,6407,22.9,0.0,46,True,False,456,lsm,True,False,10
9994,0,0,6,262,139,401,6826,20.6,2.0,37,True,False,456,lsm,True,False,10
9994,0,0,6,259,143,402,6919,21.3,3.9,19,True,False,456,lsm,True,False,10
9994,0,0,6,251,139,390,2824,22.5,2.0,4,True,False,456,lsm,True,False,10
9994,0,0,6,230,132,362,3330,22.4,8.9,8,True,False,456,lsm,True,False,10
9994,0,0,6,241,123,364,4204,22.5,0.0,8,True,False,456,lsm,True,False,10
9994,0,0,6,244,117,361,4372,22.8,0.0,8,True,False,456,lsm,True,False,10
9994,0,0,6,256,109,365,4415,22.9,2.2,4,True,False,456,lsm,True,False,10
9994,0,0,6,260,100,360,4505,22.0,2.0,4,True,False,456,lsm,True,False,10
9994,0,0,6,258,92,350,4657,20.7,4.1,4,True,False,456,lsm,True,False,10
9994,0,0,6,255,91,346,2015,19.9,1.4,4,True,False,456,lsm,True,False,10
9994,0,0,6,250,83,333,2790,21.1,0.5,4,True,False,456,lsm,True,False,10
9994,0,0,6,245,79,324,3364,21.8,7.1,3,True,False,456,lsm,True,False,10
9994,0,0,6,237,73,310,3606,22.2,0.3,3,True,False,456,lsm,True,False,10
9994,0,0,6,225,67,292,4135,21.7,10.9,8,True,False,456,lsm,True,False,10
9994,0,0,6,213,59,272,4322,22.0,5.1,10,True,False,456,lsm,True,False,10
9994,0,0,6,206,58,264,4602,21.8,5.3,12,True,False,456,lsm,True,False,10
9994,0,0,6,205,58,263,2272,22.3,0.0,12,True,False,456,lsm,True,False,10
9994,0,0,6,199,52,251,2942,21.5,3.0,12,True,False,456,lsm,True,False,10
9994,0,0,6,194,48,242,3151,23.3,2.0,12,True,False,456,lsm,True,False,10
9994,0,0,6,180,49,229,3494,22.6,1.0,9,True,False,456,lsm,True,False,10
9994,0,0,6,174,47,221,3526,21.2,0.0,9,True,False,456,lsm,True,False,10
9994,0,0,6,179,44,223,3469,20.7,6.9,7,True,False,456,lsm,True,False,10
9994,0,0,6,192,42,234,3392,22.2,0.0,5,True,False,456,lsm,True,False,10
9994,0,0,6,194,39,233,1331,21.5,3.2,3,True,False,456,lsm,True,False,10
9994,0,0,6,195,35,230,1694,22.2,7.0,6,True,False,456,lsm,True,False,10
9994,0,0,6,193,34,227,1966,23.9,0.5,6,True,False,456,lsm,True,False,10
9994,0,0,6,191,33,224,2527,22.5,7.9,9,True,False,456,lsm,True,False,10
9994,0,0,6,192,30,222,2941,20.5,6.0,12,True,False,456,lsm,True,False,10
9994,0,0,6,190,31,221,3139,21.1,0.0,12,True,False,456,lsm,True,False,10
9995,0,0,5,189,31,220,3564,21.8,1.0,9,True,False,456,lsm,True,False,10
9995,0,0,5,187,29,216,1462,22.1,0.0,9,True,False,456,lsm,True,False,10
9995,0,0,5,184,30,214,1771,20.7,15.3,16,True,False,456,lsm,True,False,10
9995,0,0,5,178,28,206,2280,22.7,0.8,13,True,False,456,lsm,True,False,10
9995,0,0,5,167,26,193,2385,21.9,1.0,13,True,False,456,lsm,True,False,10
9995,0,0,5,171,26,197,2445,22.1,0.3,10,True,False,456,lsm,True,False,10
9995,0,0,5,167,28,195,2741,20.6,18.2,15,True,False,456,lsm,True,False,10
9995,0,0,5,162,26,188,2978,20.7,1.0,15,True,False,456,lsm,True,False,10
9995,0,0,5,151,27,178,1366,20.5,10.9,20,True,False,456,lsm,True,False,10
9995,0,0,5,139,28,167,1855,20.4,1.7,20,True,False,456,lsm,True,False,10
9995,0,0,5,132,23,155,2010,20.8,8.7,18,True,False,456,lsm,True,False,10
9995,0,0,5,118,20,138,2108,21.5,0.3,18,True,False,456,lsm,True,False,10
9995,0,0,5,110,19,129,2227,19.9,6.0,21,True,False,456,lsm,True,False,10
9995,0,0,5,109,19,128,2415,20.0,14.3,28,True,False,456,lsm,True,False,10
9995,0,0,5,108,31,139,2512,20.3,25.5,31,True,False,456,lsm,True,False,10
9995,0,0,5,109,47,156,1092,20.3,26.8,43,True,False,456,lsm,True,False,10
9995,0,0,5,106,40,146,1321,21.6,0.0,38,True,False,456,lsm,True,False,10
9995,0,0,5,113,44,157,1710,20.6,20.2,48,True,False,456,lsm,True,False,10
9995,0,0,5,120,44,164,1724,20.5,10.9,49,True,False,456,lsm,True,False,10
9995,0,0,5,118,39,157,1787,19.7,5.0,51,True,False,456,lsm,True,False,10
9996,0,0,4,113,36,149,1931,20.6,11.8,53,True,False,456,lsm,True,False,10
9997,0,0,3,115,32,147,2110,19.1,10.4,52,True,False,456,lsm,True,False,10
9997,0,0,3,123,35,158,1084,19.9,13.5,46,True,False,456,lsm,True,False,10
9997,0,0,3,110,29,139,1268,20.2,0.0,33,True,False,456,lsm,True,False,10
9997,0,0,3,107,26,133,1471,20.4,1.0,33,True,False,456,lsm,True,False,10
9997,0,0,3,112,26,138,1652,20.0,4.1,23,True,False,456,lsm,True,False,10
9997,0,0,3,108,25,133,1873,21.2,2.3,18,True,False,456,lsm,True,False,10
9997,0,0,3,102,23,125,2139,22.6,1.0,16,True,False,456,lsm,True,False,10
9997,0,0,3,104,21,125,2205,21.1,4.1,11,True,False,456,lsm,True,False,10
9997,0,0,3,107,20,127,930,19.8,5.1,8,True,False,456,lsm,True,False,10
9997,0,0,3,102,17,119,1063,20.6,6.1,5,True,False,456,lsm,True,False,10
9997,0,0,3,96,15,111,1115,20.0,10.6,10,True,False,456,lsm,True,False,10
9997,0,0,3,97,16,113,1368,21.6,0.0,10,True,False,456,lsm,True,False,10
9997,0,0,3,95,15,110,1496,21.4,0.5,10,True,False,456,lsm,True,False,10
9997,0,0,3,91,13,104,1770,21.0,8.3,14,True,False,456,lsm,True,False,10
9997,0,0,3,93,26,119,1937,20.7,24.7,26,True,False,456,lsm,True,False,10
9997,0,0,3,88,25,113,867,21.1,10.7,31,True,False,456,lsm,True,False,10
9997,0,0,3,93,23,116,1148,22.8,1.4,29,True,False,456,lsm,True,False,10
9997,0,0,3,90,22,112,1399,22.7,0.6,26,True,False,456,lsm,True,False,10
9997,0,0,3,103,22,125,1744,21.4,10.5,26,True,False,456,lsm,True,False,10
9997,0,0,3,100,21,121,1775,21.9,9.8,30,True,False,456,lsm,True,False,10
9997,0,0,3,97,21,118,1758,22.7,5.1,32,True,False,456,lsm,True,False,10
9997,0,0,3,101,21,122,1858,20.5,3.8,28,True,False,456,lsm,True,False,10
9997,0,0,3,98,19,117,852,21.9,1.2,16,True,False,456,lsm,True,False,10
9997,0,0,3,100,18,118,1053,22.6,3.2,11,True,False,456,lsm,True,False,10
9997,0,0,3,89,18,107,1259,20.3,12.4,17,True,False,456,lsm,True,False,10
9997,0,0,3,93,45,138,1513,20.8,33.8,33,True,False,456,lsm,True,False,10
9997,0,0,3,96,40,136,1686,20.8,4.9,28,True,False,456,lsm,True,False,10
9997,0,0,3,103,40,143,1896,21.5,5.5,26,True,False,456,lsm,True,False,10
9997,0,0,3,100,42,142,1977,22.6,2.5,24,True,False,456,lsm,True,False,10
9997,0,0,3,95,38,133,916,22.9,9.7,28,True,False,456,lsm,True,False,10
9997,0,0,3,88,36,124,1151,21.3,1.0,28,True,False,456,lsm,True,False,10
9997,0,0,3,97,34,131,1392,21.7,0.5,28,True,False,456,lsm,True,False,10
9997,0,0,3,101,32,133,1371,21.2,0.5,22,True,False,456,lsm,True,False,10
9997,0,0,3,95,28,123,1568,22.4,0.0,6,True,False,456,lsm,True,False,10
9997,0,0,3,94,25,119,1730,21.9,3.0,6,True,False,456,lsm,True,False,10
9997,0,0,3,96,20,116,1791,21.8,2.0,4,True,False,456,lsm,True,False,10
9997,0,0,3,96,19,115,706,22.0,0.0,4,True,False,456,lsm,True,False,10
9997,0,0,3,88,19,107,770,22.3,0.5,0,True,False,456,lsm,True,False,10
9997,0,0,3,85,18,103,804,21.6,0.5,0,True,False,456,lsm,True,False,10
9997,0,0,3,82,16,98,1067,20.6,4.1,0,True,False,456,lsm,True,False,10
9997,0,0,3,79,16,95,1071,20.2,16.6,8,True,False,456,lsm,True,False,10
9997,0,0,3,74,14,88,1190,21.1,14.0,15,True,False,456,lsm,True,False,10
9997,0,0,3,70,12,82,1263,21.4,1.3,15,True,False,456,lsm,True,False,10
9997,0,0,3,65,12,77,690,23.3,0.0,15,True,False,456,lsm,True,False,10
9997,0,0,3,63,11,74,887,22.7,0.0,15,True,False,456,lsm,True,False,10
9997,0,0,3,64,11,75,972,22.2,2.0,15,True,False,456,lsm,True,False,10
9997,0,0,3,60,12,72,1013,21.7,1.0,15,True,False,456,lsm,True,False,10
9997,0,0,3,59,10,69,940,21.1,7.1,18,True,False,456,lsm,True,False,10
9997,0,0,3,58,12,70,918,21.3,11.7,15,True,False,456,lsm,True,False,10
9997,0,0,3,59,12,71,1143,22.0,6.1,11,True,False,456,lsm,True,False,10
9997,0,0,3,59,26,85,550,21.0,25.9,23,True,False,456,lsm,True,False,10
9997,0,0,3,62,25,87,862,21.1,2.4,23,True,False,456,lsm,True,False,10
9997,0,0,3,67,24,91,974,22.9,0.0,23,True,False,456,lsm,True,False,10
9997,0,0,3,67,23,90,1018,23.2,1.7,23,True,False,456,lsm,True,False,10
9997,0,0,3,66,21,87,1163,21.3,5.6,25,True,False,456,lsm,True,False,10
9997,0,0,3,63,21,84,1239,21.6,3.6,22,True,False,456,lsm,True,False,10
9997,0,0,3,63,21,84,1170,22.3,16.9,25,True,False,456,lsm,True,False,10
9997,0,0,3,61,18,79,621,21.7,0.0,22,True,False,456,lsm,True,False,10
9998,0,0,2,64,17,81,767,21.4,14.9,17,True,False,456,lsm,True,False,10
9998,0,0,2,64,17,81,944,21.4,8.6,21,True,False,456,lsm,True,False,10
9998,0,0,2,65,20,85,969,20.4,18.0,30,True,False,456,lsm,True,False,10
9998,0,0,2,61,22,83,1244,20.6,0.0,30,True,False,456,lsm,True,False,10
9998,0,0,2,58,24,82,1432,21.7,0.4,28,True,False,456,lsm,True,False,10
9998,0,0,2,57,20,77,1463,22.1,2.3,28,True,False,456,lsm,True,False,10
9998,0,0,2,57,20,77,635,22.7,5.9,22,True,False,456,lsm,True,False,10
9998,0,0,2,57,19,76,834,20.8,7.1,25,True,False,456,lsm,True,False,10
9998,0,0,2,61,18,79,1022,21.1,0.0,18,True,False,456,lsm,True,False,10
9998,0,0,2,57,18,75,968,21.1,6.5,17,True,False,456,lsm,True,False,10
9998,0,0,2,56,15,71,1254,21.4,9.5,12,True,False,456,lsm,True,False,10
9998,0,0,2,50,13,63,1290,22.2,1.4,12,True,False,456,lsm,True,False,10
9998,0,0,2,51,12,63,1223,21.6,2.5,12,True,False,456,lsm,True,False,10
9998,0,0,2,52,12,64,534,21.1,6.3,15,True,False,456,lsm,True,False,10
9998,0,0,2,52,11,63,797,21.8,0.0,13,True,False,456,lsm,True,False,10
9998,0,0,2,56,11,67,965,20.2,3.3,10,True,False,456,lsm,True,False,10
9998,0,0,2,56,10,66,942,21.7,0.0,10,True,False,456,lsm,True,False,10
9998,0,0,2,65,10,75,964,22.3,5.4,9,True,False,456,lsm,True,False,10
9998,0,0,2,67,11,78,1007,22.2,14.0,12,True,False,456,lsm,True,False,10
9998,0,0,2,67,10,77,1095,21.8,0.0,12,True,False,456,lsm,True,False,10
9998,0,0,2,59,10,69,448,21.3,3.4,12,True,False,456,lsm,True,False,10
9998,0,0,2,55,8,63,612,21.4,8.9,13,True,False,456,lsm,True,False,10
9998,0,0,2,57,6,63,768,21.7,7.7,16,True,False,456,lsm,True,False,10
9998,0,0,2,57,5,62,803,22.2,1.4,16,True,False,456,lsm,True,False,10
9998,0,0,2,57,5,62,980,22.4,1.7,16,True,False,456,lsm,True,False,10
9998,0,0,2,55,5,60,982,20.7,6.7,17,True,False,456,lsm,True,False,10
9998,0,0,2,53,5,58,1108,22.5,1.9,10,True,False,456,lsm,True,False,10
9998,0,0,2,52,4,56,457,23.3,0.0,10,True,False,456,lsm,True,False,10
9998,0,0,2,55,4,59,531,22.2,14.0,17,True,False,456,lsm,True,False,10
9998,0,0,2,59,5,64,668,22.1,0.0,13,True,False,456,lsm,True,False,10
9997,1,0,2,52,27,79,942,21.0,31.0,25,True,False,456,lsm,True,False,10
9997,1,0,2,53,25,78,1176,22.0,0.0,25,True,False,456,lsm,True,False,10
9997,1,0,2,54,21,75,1193,21.0,3.9,25,True,False,456,lsm,True,False,10
9997,1,0,2,61,18,79,1357,21.9,13.6,28,True,False,456,lsm,True,False,10
9997,0,1,2,52,26,78,643,20.5,22.6,39,True,False,456,lsm,True,False,10
9997,0,1,2,50,36,86,759,20.5,24.8,51,True,False,456,lsm,True,False,10
9997,0,1,2,50,35,85,810,20.8,7.7,47,True,False,456,lsm,True,False,10
9997,0,1,2,46,35,81,1000,20.6,1.2,47,True,False,456,lsm,True,False,10
9997,0,1,2,47,32,79,1016,21.7,11.2,37,True,False,456,lsm,True,False,10
9997,0,1,2,40,31,71,1163,20.4,18.0,46,True,False,456,lsm,True,False,10
9997,0,1,2,38,29,67,1235,20.6,4.9,46,True,False,456,lsm,True,False,10
9997,0,1,2,37,24,61,668,21.5,2.0,40,True,False,456,lsm,True,False,10
9997,0,0,3,33,21,54,764,20.7,0.0,29,True,False,456,lsm,True,False,10
9997,0,0,3,33,20,53,795,22.4,0.0,17,True,False,456,lsm,True,False,10
9997,0,0,3,36,20,56,795,22.3,0.0,14,True,False,456,lsm,True,False,10
9997,0,0,3,42,18,60,681,21.9,0.0,14,True,False,456,lsm,True,False,10
9997,0,0,3,51,19,70,765,21.3,6.4,12,True,False,456,lsm,True,False,10
9997,0,0,3,50,19,69,727,19.9,7.2,6,True,False,456,lsm,True,False,10
9997,0,0,3,53,15,68,339,19.8,2.4,6,True,False,456,lsm,True,False,10
9997,0,0,3,52,14,66,508,20.5,0.0,6,True,False,456,lsm,True,False,10
9997,0,0,3,47,12,59,664,21.3,1.7,6,True,False,456,lsm,True,False,10
9997,0,0,3,47,10,57,714,22.6,3.3,6,True,False,456,lsm,True,False,10
9997,0,0,3,46,9,55,725,21.0,0.5,6,True,False,456,lsm,True,False,10
9997,0,0,3,48,9,57,758,20.4,0.0,6,True,False,456,lsm,True,False,10
9997,0,0,3,50,8,58,586,20.8,1.7,3,True,False,456,lsm,True,False,10
9997,0,0,3,46,7,53,293,21.6,6.1,3,True,False,456,lsm,True,False,10
9997,0,0,3,41,6,47,344,19.7,7.3,6,True,False,456,lsm,True,False,10
9997,0,0,3,40,55,95,510,21.1,39.1,25,True,False,456,lsm,True,False,10
9997,0,0,3,36,52,88,756,21.9,0.0,25,True,False,456,lsm,True,False,10
9997,0,0,3,31,51,82,841,21.4,0.0,25,True,False,456,lsm,True,False,10
9997,0,0,3,27,49,76,974,20.7,9.9,29,True,False,456,lsm,True,False,10
9997,0,0,3,23,46,69,1080,20.2,7.4,32,True,False,456,lsm,True,False,10
9997,0,0,3,21,42,63,559,21.5,4.7,32,True,False,456,lsm,True,False,10
9997,0,0,3,22,40,62,671,22.1,13.7,35,True,False,456,lsm,True,False,10
9997,0,0,3,22,39,61,744,21.7,12.1,38,True,False,456,lsm,True,False,10
9997,0,0,3,22,40,62,782,20.8,21.8,29,True,False,456,lsm,True,False,10
9997,0,0,3,23,80,103,806,20.6,38.6,48,True,False,456,lsm,True,False,10
9997,0,0,3,25,71,96,959,20.6,0.0,48,True,False,456,lsm,True,False,10
9997,0,0,3,27,64,91,1096,20.8,11.1,49,True,False,456,lsm,True,False,10
9997,0,0,3,25,61,86,674,21.0,0.0,46,True,False,456,lsm,True,False,10
9997,0,0,3,26,58,84,872,20.5,7.7,49,True,False,456,lsm,True,False,10
9997,0,0,3,25,56,81,992,21.6,6.1,46,True,False,456,lsm,True,False,10
9997,0,0,3,26,52,78,1188,19.9,9.5,44,True,False,456,lsm,True,False,10
9997,0,0,3,33,45,78,1222,19.9,13.5,40,True,False,456,lsm,True,False,10
9997,0,0,3,30,44,74,1133,19.5,5.9,23,True,False,456,lsm,True,False,10
9997,0,0,3,31,41,72,1140,20.6,2.0,23,True,False,456,lsm,True,False,10
9997,0,0,3,30,39,69,608,19.6,2.3,18,True,False,456,lsm,True,False,10
9997,0,0,3,33,35,68,693,20.5,0.0,18,True,False,456,lsm,True,False,10
9997,0,0,3,35,28,63,863,21.2,0.0,15,True,False,456,lsm,True,False,10
9997,0,0,3,38,23,61,881,21.6,3.1,12,True,False,456,lsm,True,False,10
9997,0,0,3,38,22,60,832,22.3,1.8,8,True,False,456,lsm,True,False,10
9997,0,0,3,38,20,58,822,20.4,12.2,8,True,False,456,lsm,True,False,10
9996,1,0,3,36,21,57,805,21.8,3.6,6,True,False,456,lsm,True,False,10
9996,1,0,3,40,23,63,407,21.1,6.7,9,True,False,456,lsm,True,False,10
9996,1,0,3,42,19,61,488,21.2,8.1,13,True,False,456,lsm,True,False,10
9997,1,0,2,35,17,52,663,21.3,3.6,13,True,False,456,lsm,True,False,10
9997,0,1,2,36,17,53,753,21.2,11.5,18,True,False,456,lsm,True,False,10
9997,0,1,2,39,31,70,774,21.3,26.0,31,True,False,456,lsm,True,False,10
9997,0,1,2,42,30,72,904,20.4,18.5,40,True,False,456,lsm,True,False,10
9997,0,1,2,39,30,69,869,20.4,15.2,41,True,False,456,lsm,True,False,10
9997,0,1,2,35,65,100,494,21.3,35.2,58,True,False,456,lsm,True,False,10
9997,0,1,2,38,58,96,767,20.6,11.9,60,True,False,456,lsm,True,False,10
9997,0,1,2,38,53,91,841,20.3,10.0,61,True,False,456,lsm,True,False,10
9997,0,1,2,40,49,89,1050,21.9,0.0,61,True,False,456,lsm,True,False,10
9997,0,0,3,38,47,85,1170,22.0,7.6,59,True,False,456,lsm,True,False,10
9997,0,0,3,38,45,83,1190,21.7,0.0,46,True,False,456,lsm,True,False,10
9997,0,0,3,36,41,77,1288,19.1,1.4,37,True,False,456,lsm,True,False,10
9997,0,0,3,35,40,75,568,20.9,3.9,30,True,False,456,lsm,True,False,10
9997,0,0,3,35,36,71,827,21.6,10.1,18,True,False,456,lsm,True,False,10
9997,0,0,3,34,32,66,877,21.0,6.4,16,True,False,456,lsm,True,False,10
9998,0,0,2,39,32,71,1052,20.7,11.9,16,True,False,456,lsm,True,False,10
9998,0,0,2,40,30,70,1162,21.6,10.1,21,True,False,456,lsm,True,False,10
9998,0,0,2,41,25,66,1313,21.5,3.2,18,True,False,456,lsm,True,False,10
9998,0,0,2,43,24,67,1336,21.2,15.0,25,True,False,456,lsm,True,False,10
9998,0,0,2,43,22,65,513,20.7,0.0,25,True,False,456,lsm,True,False,10
9998,0,0,2,42,23,65,614,21.0,7.1,28,True,False,456,lsm,True,False,10
9998,0,0,2,42,20,62,791,20.4,13.9,29,True,False,456,lsm,True,False,10
9998,0,0,2,37,20,57,828,20.9,9.7,30,True,False,456,lsm,True,False,10
9998,0,0,2,41,21,62,921,19.5,10.7,30,True,False,456,lsm,True,False,10
9998,0,0,2,38,21,59,955,20.1,3.5,25,True,False,456,lsm,True,False,10
9998,0,0,2,33,18,51,963,20.0,2.9,25,True,False,456,lsm,True,False,10
9998,0,0,2,37,18,55,441,20.9,0.0,18,True,False,456,lsm,True,False,10
9998,0,0,2,34,18,52,549,19.8,2.7,18,True,False,456,lsm,True,False,10
9998,0,0,2,37,17,54,689,20.7,6.2,18,True,False,456,lsm,True,False,10
9998,0,0,2,38,17,55,740,21.0,6.8,15,True,False,456,lsm,True,False,10
9998,0,0,2,40,15,55,620,20.8,1.8,11,True,False,456,lsm,True,False,10
9998,0,0,2,40,13,53,727,18.9,0.8,6,True,False,456,lsm,True,False,10
9998,0,0,2,40,12,52,730,20.5,0.0,6,True,False,456,lsm,True,False,10
9998,0,0,2,38,12,50,356,20.2,2.7,6,True,False,456,lsm,True,False,10
9998,0,0,2,36,9,45,424,21.3,6.2,9,True,False,456,lsm,True,False,10
9998,0,0,2,33,9,42,430,21.4,2.0,9,True,False,456,lsm,True,False,10
9998,0,0,2,30,12,42,562,21.4,16.0,14,True,False,456,lsm,True,False,10
9998,0,0,2,32,10,42,597,21.6,0.0,11,True,False,456,lsm,True,False,10
9998,0,0,2,32,12,44,634,21.0,0.2,11,True,False,456,lsm,True,False,10
9998,0,0,2,33,12,45,766,22.8,0.0,11,True,False,456,lsm,True,False,10
9998,0,0,2,31,12,43,357,22.5,1.9,11,True,False,456,lsm,True,False,10
9998,0,0,2,27,12,39,328,21.6,0.0,11,True,False,456,lsm,True,False,10
9998,0,0,2,27,11,38,375,21.8,0.2,8,True,False,456,lsm,True,False,10
9998,0,0,2,26,9,35,335,20.7,0.3,8,True,False,456,lsm,True,False,10
9998,0,0,2,25,10,35,443,22.5,0.0,0,True,False,456,lsm,True,False,10
9998,0,0,2,24,11,35,423,22.4,0.5,0,True,False,456,lsm,True,False,10
9998,0,0,2,22,10,32,390,23.1,1.3,0,True,False,456,lsm,True,False,10
9998,0,0,2,22,9,31,174,22.5,0.0,0,True,False,456,lsm,True,False,10
9998,0,0,2,23,9,32,206,21.6,0.6,0,True,False,456,lsm,True,False,10
9998,0,0,2,22,9,31,204,21.6,0.2,0,True,False,456,lsm,True,False,10
9998,0,0,2,22,9,31,252,20.7,1.6,0,True,False,456,lsm,True,False,10
9998,0,0,2,22,9,31,235,21.6,0.0,0,True,False,456,lsm,True,False,10
9998,0,0,2,21,9,30,296,20.9,5.4,2,True,False,456,lsm,True,False,10
9998,0,0,2,20,6,26,334,21.9,1.9,2,True,False,456,lsm,True,False,10
9998,0,0,2,18,6,24,188,21.7,11.6,7,True,False,456,lsm,True,False,10
9998,0,2,0,2000,3000,5000,2000,25.0,0.0,0,False,False,456,itn_irs,False,True,11
9997,1,2,0,1852,2751,4603,16040,21.5,2.3,0,False,True,456,itn_irs,False,True,11
9997,1,2,0,1576,2309,3885,23266,22.3,0.0,0,False,True,456,itn_irs,False,True,11
9997,1,2,0,1358,1947,3305,24964,22.3,0.0,0,False,True,456,itn_irs,False,True,11
9997,1,2,0,1160,1643,2803,23958,21.8,0.0,0,False,True,456,itn_irs,False,True,11
9997,0,3,0,990,1388,2378,22563,21.6,0.0,0,False,True,456,itn_irs,False,True,11
9997,0,3,0,842,1176,2018,20682,19.5,0.2,0,False,True,456,itn_irs,False,True,11
9997,0,3,0,723,1000,1723,17851,20.1,1.7,0,False,True,456,itn_irs,False,True,11
9997,0,1,2,597,845,1442,15219,21.8,0.3,0,False,True,456,itn_irs,False,True,11
9997,0,1,2,511,710,1221,13058,21.7,0.0,0,False,True,456,itn_irs,False,True,11
9997,0,1,2,416,582,998,11690,21.0,0.0,0,False,True,456,itn_irs,False,True,11
9996,1,1,2,355,510,865,10248,19.8,7.2,3,False,True,456,itn_irs,False,True,11
9996,1,1,2,278,419,697,10188,21.2,8.0,7,False,True,456,itn_irs,False,True,11
9996,1,0,3,237,348,585,9512,20.1,5.1,9,False,True,456,itn_irs,False,True,11
9997,1,0,2,195,292,487,9025,20.6,3.5,9,False,True,456,itn_irs,False,True,11
9997,0,1,2,170,240,410,9028,21.0,1.7,9,False,True,456,itn_irs,False,True,11
9997,0,1,2,183,218,401,9056,20.8,3.8,9,False,True,456,itn_irs,False,True,11
9997,0,1,2,197,194,391,8948,21.9,0.5,9,False,True,456,itn_irs,False,True,11
9997,0,1,2,220,173,393,8270,21.3,0.3,9,False,True,456,itn_irs,False,True,11
9997,0,1,2,235,157,392,7638,21.9,0.1,6,False,True,456,itn_irs,False,True,11
9997,0,1,2,267,144,411,6033,24.0,0.0,2,False,True,456,itn_irs,False,True,11
9997,0,1,2,321,139,460,5339,23.1,0.3,0,False,True,456,itn_irs,False,True,11
9997,0,1,2,325,124,449,4447,21.4,1.6,0,False,True,456,itn_irs,False,True,11
9997,0,0,3,321,112,433,4143,22.8,0.0,0,False,True,456,itn_irs,False,True,11
9997,0,0,3,315,103,418,4083,21.2,3.8,0,False,True,456,itn_irs,False,True,11
9997,0,0,3,298,91,389,3749,22.3,0.0,0,False,True,456,itn_irs,False,True,11
9996,1,0,3,269,166,435,4221,22.4,52.3,26,False,True,456,itn_irs,False,True,11
9996,1,0,3,248,131,379,4483,22.4,0.0,26,False,True,456,itn_irs,False,True,11
9996,1,0,3,235,128,363,4804,21.3,24.9,38,False,True,456,itn_irs,False,True,11
9996,1,0,3,211,102,313,5277,21.2,0.0,38,False,True,456,itn_irs,False,True,11
9996,0,1,3,194,87,281,5325,19.9,8.1,42,False,True,456,itn_irs,False,True,11
9996,0,1,3,184,75,259,5371,21.1,0.0,42,False,True,456,itn_irs,False,True,11
9996,0,1,3,180,67,247,5489,21.1,0.4,42,False,True,456,itn_irs,False,True,11
9996,0,1,3,161,58,219,5213,23.0,0.0,42,False,True,456,itn_irs,False,True,11
9996,0,1,3,166,52,218,5340,22.4,0.0,16,False,True,456,itn_irs,False,True,11
9996,0,1,3,191,54,245,4861,21.6,9.9,20,False,True,456,itn_irs,False,True,11
9996,0,1,3,204,50,254,4593,21.2,0.8,8,False,True,456,itn_irs,False,True,11
9996,0,1,3,229,134,363,4808,20.1,50.0,33,False,True,456,itn_irs,False,True,11
9996,0,0,4,285,119,404,5350,19.9,7.5,32,False,True,456,itn_irs,False,True,11
9996,0,0,4,237,108,345,5475,19.6,21.2,42,False,True,456,itn_irs,False,True,11
9996,0,0,4,281,93,374,5630,21.3,0.0,42,False,True,456,itn_irs,False,True,11
9996,0,0,4,295,89,384,6196,21.0,2.4,42,False,True,456,itn_irs,False,True,11
9996,0,0,4,313,87,400,6628,22.8,0.0,42,False,True,456,itn_irs,False,True,11
9996,0,0,4,429,84,513,7185,22.9,0.0,38,False,True,456,itn_irs,False,True,11
9996,0,0,4,436,85,521,7981,20.7,5.5,40,False,True,456,itn_irs,False,True,11
9996,0,0,4,443,80,523,8251,21.7,2.0,15,False,True,456,itn_irs,False,True,11
9996,0,0,4,454,74,528,8408,21.2,1.0,12,False,True,456,itn_irs,False,True,11
9996,0,0,4,440,60,500,8449,23.2,0.0,2,False,True,456,itn_irs,False,True,11
9996,0,0,4,437,56,493,8049,22.7,7.2,5,False,True,456,itn_irs,False,True,11
9996,0,0,4,412,49,461,7669,21.7,2.0,5,False,True,456,itn_irs,False,True,11
9996,0,0,4,424,54,478,7743,20.6,10.9,10,False,True,456,itn_irs,False,True,11
9996,0,0,4,412,64,476,7543,20.8,1.2,10,False,True,456,itn_irs,False,True,11
9996,0,0,4,421,62,483,7391,22.5,0.0,8,False,True,456,itn_irs,False,True,11
9996,0,0,4,388,54,442,7697,22.8,5.8,10,False,True,456,itn_irs,False,True,11
9996,0,0,4,386,51,437,7761,21.4,16.4,18,False,True,456,itn_irs,False,True,11
9996,0,0,4,405,54,459,7817,21.5,7.8,21,False,True,456,itn_irs,False,True,11
9997,0,0,3,430,47,477,8298,22.8,0.0,18,False,True,456,itn_irs,False,True,11
9997,0,0,3,460,117,577,9017,20.5,49.0,42,False,True,456,itn_irs,False,True,11
9997,0,0,3,503,116,619,9390,20.5,8.9,41,False,True,456,itn_irs,False,True,11
9997,0,0,3,529,96,625,9947,21.3,8.3,45,False,True,456,itn_irs,False,True,11
9997,0,0,3,571,89,660,9804,20.0,18.6,54,False,True,456,itn_irs,False,True,11
9997,0,0,3,621,82,703,10095,20.5,8.3,56,False,True,456,itn_irs,False,True,11
9997,0,0,3,642,78,720,10980,20.6,5.0,50,False,True,456,itn_irs,False,True,11
9997,0,0,3,669,74,743,12009,21.6,0.8,47,False,True,456,itn_irs,False,True,11
9997,0,0,3,674,71,745,12470,20.7,5.1,49,False,True,456,itn_irs,False,True,11
9997,0,0,3,566,61,627,12855,20.2,14.0,32,False,True,456,itn_irs,False,True,11
9997,0,0,3,575,58,633,12910,20.4,3.3,28,False,True,456,itn_irs,False,True,11
9997,0,0,3,610,55,665,12840,21.8,0.0,24,False,True,456,itn_irs,False,True,11
9997,0,0,3,619,54,673,13035,21.1,0.0,15,False,True,456,itn_irs,False,True,11
9997,0,0,3,624,48,672,12744,22.1,4.1,11,False,True,456,itn_irs,False,True,11
9997,0,0,3,643,42,685,13159,21.1,11.0,14,False,True,456,itn_irs,False,True,11
9997,0,0,3,668,42,710,13337,21.4,0.8,14,False,True,456,itn_irs,False,True,11
9997,0,0,3,698,49,747,12934,21.7,0.3,12,False,True,456,itn_irs,False,True,11
9997,0,0,3,710,50,760,13100,20.9,17.0,13,False,True,456,itn_irs,False,True,11
9997,0,0,3,736,44,780,13491,22.7,0.0,13,False,True,456,itn_irs,False,True,11
9997,0,0,3,757,45,802,14289,21.0,1.5,13,False,True,456,itn_irs,False,True,11
9997,0,0,3,1036,53,1089,15420,22.6,0.0,13,False,True,456,itn_irs,False,True,11
9997,0,0,3,1122,48,1170,15523,21.8,4.3,13,False,True,456,itn_irs,False,True,11
9997,0,0,3,1161,131,1292,17265,22.6,50.0,33,False,True,456,itn_irs,False,True,11
9997,0,0,3,1178,113,1291,19374,21.4,3.9,33,False,True,456,itn_irs,False,True,11
9997,0,0,3,1163,94,1257,20161,21.7,2.4,33,False,True,456,itn_irs,False,True,11
9997,0,0,3,1162,81,1243,20999,23.9,0.0,25,False,True,456,itn_irs,False,True,11
9997,0,0,3,1150,75,1225,21171,21.7,4.5,25,False,True,456,itn_irs,False,True,11
9997,0,0,3,1103,72,1175,21091,22.8,1.0,25,False,True,456,itn_irs,False,True,11
9998,0,0,2,1138,63,1201,21802,22.3,7.1,28,False,True,456,itn_irs,False,True,11
9998,0,0,2,1169,54,1223,20805,21.6,0.0,28,False,True,456,itn_irs,False,True,11
9998,0,0,2,1231,49,1280,21491,20.8,13.9,9,False,True,456,itn_irs,False,True,11
9998,0,0,2,1233,45,1278,22622,21.2,15.5,16,False,True,456,itn_irs,False,True,11
9998,0,0,2,1286,36,1322,23608,22.0,0.8,16,False,True,456,itn_irs,False,True,11
9998,0,0,2,1330,31,1361,24009,21.8,0.0,16,False,True,456,itn_irs,False,True,11
9998,0,0,2,1471,34,1505,25032,22.1,3.0,16,False,True,456,itn_irs,False,True,11
9998,0,0,2,1569,37,1606,26162,21.9,19.7,25,False,False,456,itn_irs,False,True,11
9998,0,0,2,1854,71,1925,28210,21.7,11.8,27,False,False,456,itn_irs,False,True,11
9998,0,0,2,2197,169,2366,29995,21.3,61.0,57,False,False,456,itn_irs,False,True,11
9998,0,0,2,2408,157,2565,31316,21.4,4.0,51,False,False,456,itn_irs,False,True,11
9998,0,0,2,2597,152,2749,35123,22.7,0.0,44,False,False,456,itn_irs,False,True,11
9998,0,0,2,2728,151,2879,37773,21.2,19.1,53,False,False,456,itn_irs,False,True,11
9998,0,0,2,2779,139,2918,39367,22.2,8.9,57,False,False,456,itn_irs,False,True,11
9998,0,0,2,2893,145,3038,40964,21.6,23.7,68,False,False,456,itn_irs,False,True,11
9998,0,0,2,3010,135,3145,43269,23.0,0.0,59,False,False,456,itn_irs,False,True,11
9998,0,0,2,3073,123,3196,47252,23.2,0.0,54,False,False,456,itn_irs,False,True,11
9998,0,0,2,3186,116,3302,49879,21.8,4.7,24,False,False,456,itn_irs,False,True,11
9998,0,0,2,3314,102,3416,53175,21.7,1.7,24,False,False,456,itn_irs,False,True,11
9998,0,0,2,3417,189,3606,56763,23.3,52.3,50,False,False,456,itn_irs,False,True,11
9998,0,0,2,3538,169,3707,60051,23.2,0.0,41,False,False,456,itn_irs,False,True,11
9998,0,0,2,3671,156,3827,63257,22.4,8.7,41,False,False,456,itn_irs,False,True,11
9998,0,0,2,3860,157,4017,65759,20.4,2.0,30,False,False,456,itn_irs,False,True,11
9998,0,0,2,4208,176,4384,69267,21.5,4.1,30,False,False,456,itn_irs,False,True,11
9998,0,0,2,4544,181,4725,73846,19.4,0.0,30,False,False,456,itn_irs,False,True,11
9998,0,0,2,4967,194,5161,78154,20.3,19.1,39,False,False,456,itn_irs,False,True,11
9998,0,0,2,5496,249,5745,84145,20.2,37.1,57,False,False,456,itn_irs,False,True,11
9998,0,0,2,6018,269,6287,86158,19.0,31.1,46,False,False,456,itn_irs,False,True,11
9998,0,0,2,6533,261,6794,93648,20.3,1.8,46,False,False,456,itn_irs,False,True,11
9998,0,0,2,7222,255,7477,102961,21.9,0.0,42,False,False,456,itn_irs,False,True,11
9998,0,0,2,6659,238,6897,109786,19.7,4.7,42,False,False,456,itn_irs,False,True,11
9998,0,0,2,7131,227,7358,111055,21.0,8.6,46,False,False,456,itn_irs,False,True,11
9998,0,0,2,7423,214,7637,118309,22.9,0.0,46,False,False,456,itn_irs,False,True,11
9998,0,0,2,7772,209,7981,125407,20.6,2.0,37,False,False,456,itn_irs,False,True,11
9998,0,0,2,8183,231,8414,123087,21.3,3.9,19,False,False,456,itn_irs,False,True,11
9998,0,0,2,8459,222,8681,122251,22.5,2.0,4,False,False,456,itn_irs,False,True,11
9997,1,0,2,8750,215,8965,131600,22.4,8.9,8,False,False,456,itn_irs,False,True,11
9997,1,0,2,8926,200,9126,141069,22.5,0.0,8,False,False,456,itn_irs,False,True,11
9997,1,0,2,9187,198,9385,137661,22.8,0.0,8,False,False,456,itn_irs,False,True,11
9997,1,0,2,10685,219,10904,139524,22.9,2.2,4,False,False,456,itn_irs,False,True,11
9997,0,1,2,11128,241,11369,143258,22.0,2.0,4,False,False,456,itn_irs,False,True,11
9997,0,1,2,11561,247,11809,148664,20.7,4.1,4,False,False,456,itn_irs,False,True,11
9997,0,1,2,12037,247,12284,153049,19.9,1.4,4,False,False,456,itn_irs,False,True,11
9997,0,1,2,12458,240,12698,159488,21.1,0.5,4,False,False,456,itn_irs,False,True,11
9997,0,1,2,12599,239,12838,164872,21.8,7.1,3,False,False,456,itn_irs,False,True,11
9997,0,1,2,12771,225,12997,168383,22.2,0.3,3,False,False,456,itn_irs,False,True,11
9997,0,1,2,12844,220,13065,186003,21.7,10.9,8,False,False,456,itn_irs,False,True,11
9997,0,1,2,12954,207,13164,200631,22.0,5.1,10,False,False,456,itn_irs,False,True,11
9997,0,0,3,13212,195,13410,212941,21.8,5.3,12,False,False,456,itn_irs,False,True,11
9997,0,0,3,13699,198,13899,225042,22.3,0.0,12,False,False,456,itn_irs,False,True,11
9997,0,0,3,14211,198,14410,236493,21.5,3.0,12,False,False,456,itn_irs,False,True,11
9996,1,0,3,14765,202,14968,248156,23.3,2.0,12,False,False,456,itn_irs,False,True,11
9996,1,0,3,15337,207,15545,260847,22.6,1.0,9,False,False,456,itn_irs,False,True,11
9996,1,0,3,16402,199,16601,253411,21.2,0.0,9,False,False,456,itn_irs,False,True,11
9996,1,0,3,17493,200,17693,252439,20.7,6.9,7,False,False,456,itn_irs,False,True,11
9996,0,1,3,18659,206,18865,255763,22.2,0.0,5,False,False,456,itn_irs,False,True,11
9996,0,1,3,19790,213,20003,261099,21.5,3.2,3,False,False,456,itn_irs,False,True,11
9996,0,1,3,20974,211,21185,267689,22.2,7.0,6,False,False,456,itn_irs,False,True,11
9996,0,1,3,22103,211,22314,278202,23.9,0.5,6,False,False,456,itn_irs,False,True,11
9996,0,1,3,23058,203,23261,311145,22.5,7.9,9,False,False,456,itn_irs,False,True,11
9996,0,1,3,24173,205,24378,344390,20.5,6.0,12,False,False,456,itn_irs,False,True,11
9996,0,1,3,25133,196,25329,346687,21.1,0.0,12,False,False,456,itn_irs,False,True,11
9996,0,1,3,25670,183,25854,376735,21.8,1.0,9,False,False,456,itn_irs,False,True,11
9996,0,0,4,26392,176,26569,376919,22.1,0.0,9,False,False,456,itn_irs,False,True,11
9996,0,0,4,26901,178,27080,405783,20.7,15.3,16,False,False,456,itn_irs,False,True,11
9996,0,0,4,27371,180,27552,430882,22.7,0.8,13,False,False,456,itn_irs,False,True,11
9996,0,0,4,28048,177,28226,423043,21.9,1.0,13,False,False,456,itn_irs,False,True,11
9996,0,0,4,28726,177,28904,421007,22.1,0.3,10,False,False,456,itn_irs,False,True,11
9996,0,0,4,29682,173,29856,451359,20.6,18.2,16,False,False,456,itn_irs,False,True,11
9996,0,0,4,31099,168,31268,480239,20.7,1.0,16,False,False,456,itn_irs,False,True,11
9997,0,0,3,32806,181,32988,509919,20.5,10.9,21,False,False,456,itn_irs,False,True,11
9996,1,0,3,35046,188,35234,542741,20.4,1.7,21,False,False,456,itn_irs,False,True,11
9996,1,0,3,38117,197,38314,579033,20.8,8.7,18,False,False,456,itn_irs,False,True,11
9996,1,0,3,35304,187,35491,608593,21.5,0.3,18,False,False,456,itn_irs,False,True,11
9996,1,0,3,37620,189,37809,635242,19.9,6.0,21,False,False,456,itn_irs,False,True,11
9996,0,1,3,40208,193,40401,666799,20.0,14.3,28,False,False,456,itn_irs,False,True,11
9996,0,1,3,43064,194,43258,700971,20.3,25.5,31,False,False,456,itn_irs,False,True,11
9996,0,1,3,45806,203,46009,740392,20.3,26.8,44,False,False,456,itn_irs,False,True,11
9996,0,1,3,49343,195,49538,784894,21.6,0.0,39,False,False,456,itn_irs,False,True,11
9996,0,1,3,52582,197,52779,833536,20.6,20.2,49,False,False,456,itn_irs,False,True,11
9996,0,1,3,55577,205,55782,847837,20.5,10.9,50,False,False,456,itn_irs,False,True,11
9996,0,1,3,58899,204,59103,865162,19.7,5.0,52,False,False,456,itn_irs,False,True,11
9996,0,1,3,62514,207,62721,894026,20.6,11.8,54,False,False,456,itn_irs,False,True,11
9996,0,0,4,65563,210,65773,966705,19.1,10.4,52,False,False,456,itn_irs,False,True,11
9996,0,0,4,68676,212,68888,1035755,19.9,13.5,46,False,False,456,itn_irs,False,True,11
9996,0,0,4,63489,194,63683,1086318,20.2,0.0,33,False,False,456,itn_irs,False,True,11
9996,0,0,4,66083,200,66283,1135535,20.4,1.0,33,False,False,456,itn_irs,False,True,11
9996,0,0,4,68946,190,69136,1183777,20.0,4.1,23,False,False,456,itn_irs,False,True,11
9996,0,0,4,72097,194,72291,1236785,21.2,2.3,18,False,False,456,itn_irs,False,True,11
9996,0,0,4,84485,209,84694,1308020,22.6,1.0,16,False,False,456,itn_irs,False,True,11
9996,0,0,4,88745,218,88963,1389617,21.1,4.1,11,False,False,456,itn_irs,False,True,11
9996,0,0,4,93286,221,93507,1372271,19.8,5.1,8,False,False,456,itn_irs,False,True,11
9996,0,0,4,97304,218,97522,1369129,20.6,6.1,5,False,False,456,itn_irs,False,True,11
9996,0,0,4,100959,211,101170,1483829,20.0,10.6,10,False,False,456,itn_irs,False,True,11
9995,1,0,4,104863,210,105073,1592272,21.6,0.0,10,False,False,456,itn_irs,False,True,11
9995,1,0,4,109969,199,110168,1702700,21.4,0.5,10,False,False,456,itn_irs,False,True,11
9995,1,0,4,116001,195,116196,1814325,21.0,8.3,14,False,False,456,itn_irs,False,True,11
9995,1,0,4,123397,213,123610,1929350,20.7,24.7,26,False,False,456,itn_irs,False,True,11
9995,0,1,4,131045,210,131255,2054609,21.1,10.7,31,False,False,456,itn_irs,False,True,11
9995,0,1,4,138632,215,138848,2185172,22.8,1.4,29,False,False,456,itn_irs,False,True,11
9994,1,1,4,144548,221,144769,2312334,22.7,0.6,26,False,False,456,itn_irs,False,True,11
9994,1,1,4,171865,222,172087,2492299,21.4,10.5,26,False,False,456,itn_irs,False,True,11
9993,2,1,4,181051,217,181269,2688115,21.9,9.8,30,False,False,456,itn_irs,False,True,11
9993,2,1,4,192860,211,193074,2886903,22.7,5.1,32,False,False,456,itn_irs,False,True,11
9993,1,2,4,205063,215,205280,3094453,20.5,3.8,28,False,False,456,itn_irs,False,True,11
9993,1,2,4,220338,224,220563,3322970,21.9,1.2,16,False,False,456,itn_irs,False,True,11
9993,0,2,5,238048,235,238284,3569732,22.6,3.2,11,False,False,456,itn_irs,False,True,11
9993,0,2,5,255611,243,255855,3844114,20.3,12.4,17,False,False,456,itn_irs,False,True,11
9993,0,2,5,272580,280,272861,4127420,20.8,33.8,33,False,False,456,itn_irs,False,True,11
9993,0,2,5,289907,278,290188,4423670,20.8,4.9,28,False,False,456,itn_irs,False,True,11
9992,1,2,5,306560,272,306834,4726082,21.5,5.5,26,False,False,456,itn_irs,False,True,11
9992,1,2,5,323576,285,323863,5046354,22.6,2.5,24,False,False,456,itn_irs,False,True,11
9992,1,1,6,341039,281,341325,5376862,22.9,9.7,28,False,False,456,itn_irs,False,True,11
9992,1,1,6,358771,282,359060,5706792,21.3,1.0,28,False,False,456,itn_irs,False,True,11
9992,0,1,7,375114,287,375408,6049713,21.7,0.5,28,False,False,456,itn_irs,False,True,11
9992,0,1,7,396553,283,396842,5974535,21.2,0.5,22,False,False,456,itn_irs,False,True,11
9992,0,1,7,414437,279,414721,5966351,22.4,0.0,6,False,False,456,itn_irs,False,True,11
9992,0,1,7,428409,286,428703,6019425,21.9,3.0,6,False,False,456,itn_irs,False,True,11
9992,0,1,7,439531,278,439821,6095595,21.8,2.0,4,False,False,456,itn_irs,False,True,11
9992,0,1,7,449474,272,449759,5272996,22.0,0.0,4,False,False,456,itn_irs,False,True,11
9992,0,1,7,451975,263,452256,4767831,22.3,0.5,0,False,False,456,itn_irs,False,True,11
9992,0,1,7,449108,258,449379,4417275,21.6,0.5,0,False,False,456,itn_irs,False,True,11
9992,0,0,8,441489,255,441755,4841951,20.6,4.1,0,False,False,456,itn_irs,False,True,11
9992,0,0,8,433943,250,434203,5495875,20.2,16.6,8,False,False,456,itn_irs,False,True,11
9992,0,0,8,428297,242,428548,6051395,21.1,14.0,15,False,False,456,itn_irs,False,True,11
9992,0,0,8,424593,233,424833,6501956,21.4,1.3,15,False,False,456,itn_irs,False,True,11
9992,0,0,8,422321,221,422547,6870090,23.3,0.0,15,False,False,456,itn_irs,False,True,11
9992,0,0,8,421695,202,421900,7187676,22.7,0.0,15,False,False,456,itn_irs,False,True,11
9993,0,0,7,422737,197,422937,7467359,22.2,2.0,15,False,False,456,itn_irs,False,True,11
9993,0,0,7,428045,189,428236,7717268,21.7,1.0,15,False,False,456,itn_irs,False,True,11
9993,0,0,7,437009,176,437187,7954990,21.1,7.1,18,False,False,456,itn_irs,False,True,11
9993,0,0,7,449078,176,449256,7613108,21.3,11.7,15,False,False,456,itn_irs,False,True,11
9993,0,0,7,460601,174,460777,7956116,22.0,6.1,11,False,False,456,itn_irs,False,True,11
9993,0,0,7,483002,192,483195,8322475,21.0,25.9,23,False,False,456,itn_irs,False,True,11
9993,0,0,7,517393,190,517584,8754682,21.1,2.4,23,False,False,456,itn_irs,False,True,11
9993,0,0,7,562636,200,562836,9309263,22.9,0.0,23,False,False,456,itn_irs,False,True,11
9993,0,0,7,603623,206,603829,9949227,23.2,1.7,23,False,False,456,itn_irs,False,True,11
9994,0,0,6,633340,214,633554,10597545,21.3,5.6,25,False,False,456,itn_irs,False,True,11
9994,0,0,6,657218,217,657435,11258588,21.6,3.6,22,False,False,456,itn_irs,False,True,11
9994,0,0,6,676863,224,677087,11864228,22.3,16.9,25,False,False,456,itn_irs,False,True,11
9994,0,0,6,692934,231,693165,12451042,21.7,0.0,22,False,False,456,itn_irs,False,True,11
9994,0,0,6,707180,237,707417,13000366,21.4,14.9,17,False,False,456,itn_irs,False,True,11
9994,0,0,6,720291,231,720522,13510211,21.4,8.6,21,False,False,456,itn_irs,False,True,11
9994,0,0,6,731872,233,732105,13973331,20.4,18.0,30,False,False,456,itn_irs,False,True,11
9994,0,0,6,742992,229,743221,14416611,20.6,0.0,30,False,False,456,itn_irs,False,True,11
9994,0,0,6,757700,226,757926,14891474,21.7,0.4,28,False,False,456,itn_irs,False,True,11
9994,0,0,6,771714,229,771943,15347808,22.1,2.3,28,False,False,456,itn_irs,False,True,11
9994,0,0,6,786106,252,786358,15787240,22.7,5.9,22,False,False,456,itn_irs,False,True,11
9994,0,0,6,802433,262,802695,16230830,20.8,7.1,25,False,False,456,itn_irs,False,True,11
9994,0,0,6,821376,264,821640,16725477,21.1,0.0,18,False,False,456,itn_irs,False,True,11
9994,0,0,6,842706,263,842969,16007337,21.1,6.5,17,False,False,456,itn_irs,False,True,11
9994,0,0,6,861583,268,861851,16675548,21.4,9.5,12,False,False,456,itn_irs,False,True,11
9994,0,0,6,879820,256,880076,17323048,22.2,1.4,12,False,False,456,itn_irs,False,True,11
9994,0,0,6,897111,268,897379,17939291,21.6,2.5,12,False,False,456,itn_irs,False,True,11
9994,0,0,6,915072,276,915348,18544175,21.1,6.3,15,False,False,456,itn_irs,False,True,11
9994,0,0,6,931724,285,932009,19117779,21.8,0.0,13,False,False,456,itn_irs,False,True,11
9994,0,0,6,947022,279,947301,19668664,20.2,3.3,10,False,False,456,itn_irs,False,True,11
9994,0,0,6,961367,265,961632,18737253,21.7,0.0,10,False,False,456,itn_irs,False,True,11
9994,0,0,6,973134,246,973380,18017347,22.3,5.4,9,False,False,456,itn_irs,False,True,11
9994,0,0,6,982782,228,983010,18788208,22.2,14.0,12,False,False,456,itn_irs,False,True,11
9994,0,0,6,992819,212,993031,19483768,21.8,0.0,12,False,False,456,itn_irs,False,True,11
9994,0,0,6,1002928,202,1003130,20118653,21.3,3.4,12,False,False,456,itn_irs,False,True,11
9994,0,0,6,1013625,210,1013835,20721714,21.4,8.9,13,False,False,456,itn_irs,False,True,11
9994,0,0,6,1025197,211,1025408,21285007,21.7,7.7,16,False,False,456,itn_irs,False,True,11
9994,0,0,6,1040222,205,1040427,21884714,22.2,1.4,16,False,False,456,itn_irs,False,True,11
9994,0,0,6,1056031,206,1056237,22441392,22.4,1.7,16,False,False,456,itn_irs,False,True,11
9994,0,0,6,1071479,212,1071691,22971801,20.7,6.7,17,False,False,456,itn_irs,False,True,11
9994,0,0,6,1087066,206,1087272,23494119,22.5,1.9,10,False,False,456,itn_irs,False,True,11
9994,0,0,6,1101769,200,1101969,23995113,23.3,0.0,10,False,False,456,itn_irs,False,True,11
9994,0,0,6,1116565,189,1116754,24484398,22.2,14.0,17,False,False,456,itn_irs,False,True,11
9994,0,0,6,1130295,190,1130485,24957634,22.1,0.0,13,False,False,456,itn_irs,False,True,11
9994,0,0,6,1145824,214,1146038,25491080,21.0,31.0,25,False,False,456,itn_irs,False,True,11
9994,0,0,6,1162398,194,1162592,26068157,22.0,0.0,25,False,False,456,itn_irs,False,True,11
9994,0,0,6,1177154,190,1177344,26610066,21.0,3.9,25,False,False,456,itn_irs,False,True,11
9994,0,0,6,1190248,199,1190447,27147535,21.9,13.6,28,False,False,456,itn_irs,False,True,11
9994,0,0,6,1203162,206,1203368,27644341,20.5,22.6,39,False,False,456,itn_irs,False,True,11
9994,0,0,6,1216061,212,1216273,28122291,20.5,24.8,51,False,False,456,itn_irs,False,True,11
9994,0,0,6,1227779,195,1227974,27340860,20.8,7.7,47,False,False,456,itn_irs,False,True,11
9993,1,0,6,1237167,194,1237361,27935675,20.6,1.2,47,False,False,456,itn_irs,False,True,11
9993,1,0,6,1246659,184,1246843,28474538,21.7,11.2,37,False,False,456,itn_irs,False,True,11
9993,1,0,6,1256023,187,1256210,28973029,20.4,18.0,46,False,False,456,itn_irs,False,True,11
9993,1,0,6,1265688,188,1265876,29463525,20.6,4.9,46,False,False,456,itn_irs,False,True,11
9993,0,1,6,1170823,173,1170996,28848474,21.5,2.0,40,False,False,456,itn_irs,False,True,11
9993,0,1,6,1261388,177,1261569,28955565,20.7,0.0,29,False,False,456,itn_irs,False,True,11
9993,0,1,6,1270158,186,1270362,29338156,22.4,0.0,17,False,False,456,itn_irs,False,True,11
9993,0,1,6,1278724,183,1278930,29695728,22.3,0.0,14,False,False,456,itn_irs,False,True,11
9993,0,1,6,1287964,192,1288178,27880343,21.9,0.0,14,False,False,456,itn_irs,False,True,11
9993,0,1,6,1295762,186,1295976,26423811,21.3,6.4,12,False,False,456,itn_irs,False,True,11
9993,0,1,6,1302250,171,1302447,25247779,19.9,7.2,6,False,False,456,itn_irs,False,True,11
9993,0,1,6,1307518,168,1307708,24286414,19.8,2.4,6,False,False,456,itn_irs,False,True,11
9993,0,0,7,1311743,162,1311925,23497153,20.5,0.0,6,False,False,456,itn_irs,False,True,11
9993,0,0,7,1315239,163,1315417,22847405,21.3,1.7,6,False,False,456,itn_irs,False,True,11
9993,0,0,7,1319031,157,1319198,22332099,22.6,3.3,6,False,False,456,itn_irs,False,True,11
9993,0,0,7,1321826,150,1321982,21881868,21.0,0.5,6,False,False,456,itn_irs,False,True,11
9993,0,0,7,1323719,148,1323871,21480170,20.4,0.0,6,False,False,456,itn_irs,False,True,11
9993,0,0,7,1325130,142,1325275,17952848,20.8,1.7,3,False,False,456,itn_irs,False,True,11
9993,0,0,7,1323758,132,1323892,18272375,21.6,6.1,3,False,False,456,itn_irs,False,True,11
9993,0,0,7,1320445,122,1320567,18378203,19.7,7.3,6,False,False,456,itn_irs,False,True,11
9993,0,0,7,1317275,168,1317443,19878121,21.1,39.1,25,False,False,456,itn_irs,False,True,11
9993,0,0,7,1314728,153,1314881,21170021,21.9,0.0,25,False,False,456,itn_irs,False,True,11
9993,0,0,7,1313190,149,1313339,22239702,21.4,0.0,25,False,False,456,itn_irs,False,True,11
9993,0,0,7,1313653,145,1313798,23195905,20.7,9.9,29,False,False,456,itn_irs,False,True,11
9993,0,0,7,1315775,145,1315920,24039027,20.2,7.4,32,False,False,456,itn_irs,False,True,11
9993,0,0,7,1319209,134,1319343,24762088,21.5,4.7,32,False,False,456,itn_irs,False,True,11
9993,0,0,7,1324203,125,1324328,25453444,22.1,13.7,35,False,False,456,itn_irs,False,True,11
9993,0,0,7,1330100,123,1330223,26059200,21.7,12.1,38,False,False,456,itn_irs,False,True,11
9993,0,0,7,1336561,126,1336687,26648839,20.8,21.8,29,False,False,456,itn_irs,False,True,11
9993,0,0,7,1343322,171,1343493,26040816,20.6,38.6,48,False,False,456,itn_irs,False,True,11
9993,0,0,7,1349452,160,1349612,26735030,20.6,0.0,48,False,False,456,itn_irs,False,True,11
9993,0,0,7,1355732,150,1355882,26202221,20.8,11.1,49,False,False,456,itn_irs,False,True,11
9993,0,0,7,1365037,156,1365193,27122964,21.0,0.0,46,False,False,456,itn_irs,False,True,11
9993,0,0,7,1373342,157,1373499,27974007,20.5,7.7,49,False,False,456,itn_irs,False,True,11
9993,0,0,7,1381415,156,1381571,28767836,21.6,6.1,46,False,False,456,itn_irs,False,True,11
9993,0,0,7,1387477,152,1387629,29469831,19.9,9.5,44,False,False,456,itn_irs,False,True,11
9993,0,0,7,1393305,151,1393456,30086211,19.9,13.5,40,False,False,456,itn_irs,False,True,11
9993,0,0,7,1397706,147,1397853,30622514,19.5,5.9,23,False,False,456,itn_irs,False,True,11
9993,0,0,7,1401278,147,1401425,31127804,20.6,2.0,23,False,False,456,itn_irs,False,True,11
9993,0,0,7,1403872,139,1404011,31544201,19.6,2.3,18,False,False,456,itn_irs,False,True,11
9993,0,0,7,1406726,128,1406854,31915126,20.5,0.0,18,False,False,456,itn_irs,False,True,11
9993,0,0,7,1409565,130,1409695,32267793,21.2,0.0,15,False,False,456,itn_irs,False,True,11
9993,0,0,7,1412048,131,1412179,32577103,21.6,3.1,12,False,False,456,itn_irs,False,True,11
9993,0,0,7,1414853,122,1414975,30444735,22.3,1.8,8,False,False,456,itn_irs,False,True,11
9993,0,0,7,1417571,123,1417694,28794959,20.4,12.2,8,False,False,456,itn_irs,False,True,11
9993,0,0,7,1419977,126,1420103,27435742,21.8,3.6,6,False,False,456,itn_irs,False,True,11
9993,0,0,7,1422036,128,1422164,28428037,21.1,6.7,9,False,False,456,itn_irs,False,True,11
9993,0,0,7,1424513,124,1424637,29311859,21.2,8.1,13,False,False,456,itn_irs,False,True,11
9993,0,0,7,1427217,125,1427342,30064759,21.3,3.6,13,False,False,456,itn_irs,False,True,11
9993,0,0,7,1430251,124,1430375,30735847,21.2,11.5,18,False,False,456,itn_irs,False,True,11
9993,0,0,7,1433707,138,1433845,31308488,21.3,26.0,31,False,False,456,itn_irs,False,True,11
9993,0,0,7,1437295,135,1437430,31823742,20.4,18.5,40,False,False,456,itn_irs,False,True,11
9993,0,0,7,1440630,136,1440766,32272188,20.4,15.2,41,False,False,456,itn_irs,False,True,11
9993,0,0,7,1444026,175,1444201,31256620,21.3,35.2,58,False,False,456,itn_irs,False,True,11
9993,0,0,7,1447068,167,1447235,30380422,20.6,11.9,60,False,False,456,itn_irs,False,True,11
9993,0,0,7,1449520,163,1449683,29665900,20.3,10.0,61,False,False,456,itn_irs,False,True,11
9993,0,0,7,1451843,149,1451992,29038843,21.9,0.0,61,False,False,456,itn_irs,False,True,11
9993,0,0,7,1453929,148,1454077,29789848,22.0,7.6,59,False,False,456,itn_irs,False,True,11
9993,0,0,7,1456201,146,1456347,30511781,21.7,0.0,46,False,False,456,itn_irs,False,True,11
9993,0,0,7,1459120,138,1459258,31214012,19.1,1.4,37,False,False,456,itn_irs,False,True,11
9993,0,0,7,1462501,137,1462638,31897992,20.9,3.9,30,False,False,456,itn_irs,False,True,11
9993,0,0,7,1465472,141,1465613,32486546,21.6,10.1,18,False,False,456,itn_irs,False,True,11
9993,0,0,7,1468283,140,1468423,33007550,21.0,6.4,16,False,False,456,itn_irs,False,True,11
9993,0,0,7,1470856,140,1470996,33454061,20.7,11.9,16,False,False,456,itn_irs,False,True,11
9993,0,0,7,1473397,131,1473528,33836403,21.6,10.1,21,False,False,456,itn_irs,False,True,11
9993,0,0,7,1476272,133,1476405,34171612,21.5,3.2,18,False,False,456,itn_irs,False,True,11
9993,0,0,7,1479095,135,1479230,34495636,21.2,15.0,25,False,False,456,itn_irs,False,True,11
9993,0,0,7,1481359,140,1481499,34771308,20.7,0.0,25,False,False,456,itn_irs,False,True,11
9993,0,0,7,1484060,150,1484210,35053749,21.0,7.1,28,False,False,456,itn_irs,False,True,11
9993,0,0,7,1487230,157,1487387,35358671,20.4,13.9,29,False,False,456,itn_irs,False,True,11
9993,0,0,7,1490513,160,1490673,35690813,20.9,9.7,30,False,False,456,itn_irs,False,True,11
9993,0,0,7,1494199,162,1494361,36007235,19.5,10.7,30,False,False,456,itn_irs,False,True,11
9993,0,0,7,1497601,161,1497762,36296507,20.1,3.5,25,False,False,456,itn_irs,False,True,11
9993,0,0,7,1500754,161,1500915,36583902,20.0,2.9,25,False,False,456,itn_irs,False,True,11
9993,0,0,7,1503394,164,1503558,36862615,20.9,0.0,18,False,False,456,itn_irs,False,True,11
9993,0,0,7,1506133,169,1506302,37140919,19.8,2.7,18,False,False,456,itn_irs,False,True,11
9993,0,0,7,1508839,164,1509003,37376708,20.7,6.2,18,False,False,456,itn_irs,False,True,11
9993,0,0,7,1511255,167,1511422,37605025,21.0,6.8,15,False,False,456,itn_irs,False,True,11
9993,0,0,7,1513438,154,1513592,34998561,20.8,1.8,11,False,False,456,itn_irs,False,True,11
9993,0,0,7,1515645,157,1515802,32891697,18.9,0.8,6,False,False,456,itn_irs,False,True,11
9993,0,0,7,1517230,159,1517389,31147905,20.5,0.0,6,False,False,456,itn_irs,False,True,11
9993,0,0,7,1403540,145,1403685,28698841,20.2,2.7,6,False,False,456,itn_irs,False,True,11
9993,0,0,7,1518721,155,1518876,28161638,21.3,6.2,9,False,False,456,itn_irs,False,True,11
9993,0,0,7,1519364,145,1519509,27249985,21.4,2.0,9,False,False,456,itn_irs,False,True,11
9993,0,0,7,1519842,139,1519981,28488095,21.4,16.0,14,False,False,456,itn_irs,False,True,11
9993,0,0,7,1520881,133,1521014,29554474,21.6,0.0,11,False,False,456,itn_irs,False,True,11
9993,0,0,7,1521886,127,1522013,30478398,21.0,0.2,11,False,False,456,itn_irs,False,True,11
9992,1,0,7,1523208,130,1523338,31281129,22.8,0.0,11,False,False,456,itn_irs,False,True,11
9992,1,0,7,1524725,122,1524847,31958360,22.5,1.9,11,False,False,456,itn_irs,False,True,11
9992,1,0,7,1526524,118,1526642,30163278,21.6,0.0,11,False,False,456,itn_irs,False,True,11
9992,1,0,7,1528314,113,1528427,28736709,21.8,0.2,8,False,False,456,itn_irs,False,True,11
9992,0,1,7,1529557,113,1529670,23289479,20.7,0.3,8,False,False,456,itn_irs,False,True,11
9992,0,1,7,1534901,112,1535022,20393184,22.5,0.0,0,False,False,456,itn_irs,False,True,11
9992,0,1,7,1534970,112,1535105,17912145,22.4,0.5,0,False,False,456,itn_irs,False,True,11
9992,0,1,7,1534379,111,1534517,16245527,23.1,1.3,0,False,False,456,itn_irs,False,True,11
9992,0,1,7,1521579,112,1521722,15029009,22.5,0.0,0,False,False,456,itn_irs,False,True,11
9992,0,1,7,1523308,104,1523445,14274263,21.6,0.6,0,False,False,456,itn_irs,False,True,11
9992,0,1,7,1492776,102,1492910,13715624,21.6,0.2,0,False,False,456,itn_irs,False,True,11
9992,0,1,7,1441601,99,1441738,13228842,20.7,1.6,0,False,False,456,itn_irs,False,True,11
9993,0,0,7,1377951,100,1378086,12728965,21.6,0.0,0,False,False,456,itn_irs,False,True,11
9993,0,0,7,1307874,93,1307999,12188704,20.9,5.4,2,False,False,456,itn_irs,False,True,11
9994,0,0,6,1234923,87,1235040,11630089,21.9,1.9,2,False,False,456,itn_irs,False,True,11
9994,0,0,6,1160048,87,1160159,12761882,21.7,11.6,7,False,False,456,itn_irs,False,True,11
9998,0,2,0,2000,3000,5000,2000,25.0,0.0,0,False,False,456,ambas,True,True,12
9997,1,2,0,1852,2751,4603,16040,21.5,2.3,0,False,True,456,ambas,True,True,12
9997,1,2,0,1576,2309,3885,23266,22.3,0.0,0,False,True,456,ambas,True,True,12
9997,1,2,0,1358,1947,3305,24964,22.3,0.0,0,False,True,456,ambas,True,True,12
9997,1,2,0,1160,1643,2803,23958,21.8,0.0,0,False,True,456,ambas,True,True,12
9997,0,3,0,990,1388,2378,22563,21.6,0.0,0,False,True,456,ambas,True,True,12
9997,0,3,0,842,1176,2018,20682,19.5,0.2,0,False,True,456,ambas,True,True,12
9997,0,3,0,723,1000,1723,8071,20.1,1.7,0,True,True,456,ambas,True,True,12
9997,0,1,2,597,845,1442,9156,21.8,0.3,0,True,True,456,ambas,True,True,12
9997,0,1,2,511,710,1221,9239,21.7,0.0,0,True,True,456,ambas,True,True,12
9997,0,1,2,416,582,998,9287,21.0,0.0,0,True,True,456,ambas,True,True,12
9996,1,1,2,355,510,865,8737,19.8,7.2,3,True,True,456,ambas,True,True,12
9996,1,1,2,278,419,697,9033,21.2,8.0,7,True,True,456,ambas,True,True,12
9996,1,0,3,237,349,586,8543,20.1,5.1,9,True,True,456,ambas,True,True,12
9996,1,0,3,195,294,489,3775,20.6,3.5,9,True,True,456,ambas,True,True,12
9996,0,1,3,170,247,417,4376,21.0,1.7,9,True,True,456,ambas,True,True,12
9996,0,1,3,150,213,363,4887,20.8,3.8,9,True,True,456,ambas,True,True,12
9996,0,1,3,124,181,305,5200,21.9,0.5,9,True,True,456,ambas,True,True,12
9996,0,1,3,119,153,272,4667,21.3,0.3,9,True,True,456,ambas,True,True,12
9996,0,1,3,116,126,242,4498,21.9,0.1,6,True,True,456,ambas,True,True,12
9996,0,1,3,103,102,205,3460,24.0,0.0,2,True,True,456,ambas,True,True,12
9996,0,1,3,115,88,203,1441,23.1,0.3,0,True,True,456,ambas,True,True,12
9996,0,1,3,110,81,191,1485,21.4,1.6,0,True,True,456,ambas,True,True,12
9996,0,0,4,110,72,182,1300,22.8,0.0,0,True,True,456,ambas,True,True,12
9996,0,0,4,100,68,168,1453,21.2,3.8,0,True,True,456,ambas,True,True,12
9996,0,0,4,84,59,143,1199,22.3,0.0,0,True,True,456,ambas,True,True,12
9996,0,0,4,73,131,204,1594,22.4,52.3,26,True,True,456,ambas,True,True,12
9996,0,0,4,65,116,181,1822,22.4,0.0,26,True,True,456,ambas,True,True,12
9996,0,0,4,58,106,164,1010,21.3,24.9,38,True,True,456,ambas,True,True,12
9996,0,0,4,48,89,137,1234,21.2,0.0,38,True,True,456,ambas,True,True,12
9996,0,0,4,42,79,121,1542,19.9,8.1,42,True,True,456,ambas,True,True,12
9996,0,0,4,38,71,109,1682,21.1,0.0,42,True,True,456,ambas,True,True,12
9997,0,0,3,33,61,94,1602,21.1,0.4,42,True,True,456,ambas,True,True,12
9997,0,0,3,30,47,77,1510,23.0,0.0,42,True,True,456,ambas,True,True,12
9997,0,0,3,29,44,73,1557,22.4,0.0,16,True,True,456,ambas,True,True,12
9997,0,0,3,30,35,65,579,21.6,9.9,20,True,True,456,ambas,True,True,12
9997,0,0,3,27,23,50,523,21.2,0.8,8,True,True,456,ambas,True,True,12
9997,0,0,3,26,108,134,859,20.1,50.0,33,True,True,456,ambas,True,True,12
9997,0,0,3,32,95,127,1172,19.9,7.5,32,True,True,456,ambas,True,True,12
9997,0,0,3,28,75,103,1242,19.6,21.2,42,True,True,456,ambas,True,True,12
9997,0,0,3,35,63,98,1321,21.3,0.0,42,True,True,456,ambas,True,True,12
9997,0,0,3,33,58,91,1270,21.0,2.4,42,True,True,456,ambas,True,True,12
9997,0,0,3,34,52,86,554,22.8,0.0,42,True,True,456,ambas,True,True,12
9997,0,0,3,37,41,78,686,22.9,0.0,38,True,True,456,ambas,True,True,12
9997,0,0,3,41,34,75,777,20.7,5.5,40,True,True,456,ambas,True,True,12
9997,0,0,3,40,31,71,802,21.7,2.0,15,True,True,456,ambas,True,True,12
9998,0,0,2,32,25,57,848,21.2,1.0,12,True,True,456,ambas,True,True,12
9998,0,0,2,24,24,48,893,23.2,0.0,2,True,True,456,ambas,True,True,12
9998,0,0,2,22,22,44,783,22.7,7.2,5,True,True,456,ambas,True,True,12
9998,0,0,2,22,18,40,281,21.7,2.0,5,True,True,456,ambas,True,True,12
9998,0,0,2,21,13,34,311,20.6,10.9,10,True,True,456,ambas,True,True,12
9998,0,0,2,20,13,33,344,20.8,1.2,10,True,True,456,ambas,True,True,12
9998,0,0,2,24,13,37,355,22.5,0.0,8,True,True,456,ambas,True,True,12
9998,0,0,2,22,14,36,400,22.8,5.8,10,True,True,456,ambas,True,True,12
9998,0,0,2,18,14,32,514,21.4,16.4,18,True,True,456,ambas,True,True,12
9998,0,0,2,19,12,31,531,21.5,7.8,21,True,True,456,ambas,True,True,12
9998,0,0,2,19,11,30,206,22.8,0.0,18,True,True,456,ambas,True,True,12
9998,0,0,2,17,87,104,601,20.5,49.0,42,True,True,456,ambas,True,True,12
9998,0,0,2,16,71,87,807,20.5,8.9,41,True,True,456,ambas,True,True,12
9998,0,0,2,16,57,73,913,21.3,8.3,45,True,True,456,ambas,True,True,12
9998,0,0,2,18,55,73,875,20.0,18.6,54,True,True,456,ambas,True,True,12
9998,0,0,2,15,50,65,902,20.5,8.3,56,True,True,456,ambas,True,True,12
9998,0,0,2,13,40,53,892,20.6,5.0,50,True,True,456,ambas,True,True,12
9998,0,0,2,12,35,47,502,21.6,0.8,47,True,True,456,ambas,True,True,12
9998,0,0,2,13,30,43,577,20.7,5.1,49,True,True,456,ambas,True,True,12
9998,0,0,2,10,25,35,564,20.2,14.0,32,True,True,456,ambas,True,True,12
9998,0,0,2,8,23,31,654,20.4,3.3,28,True,True,456,ambas,True,True,12
9998,0,0,2,7,23,30,601,21.8,0.0,24,True,True,456,ambas,True,True,12
9998,0,0,2,7,22,29,628,21.1,0.0,15,True,True,456,ambas,True,True,12
9998,0,0,2,9,21,30,604,22.1,4.1,11,True,True,456,ambas,True,True,12
9998,0,0,2,9,19,28,245,21.1,11.0,14,True,True,456,ambas,True,True,12
9998,0,0,2,8,18,26,336,21.4,0.8,14,True,True,456,ambas,True,True,12
9998,0,0,2,10,16,26,279,21.7,0.3,12,True,True,456,ambas,True,True,12
9998,0,0,2,12,20,32,277,20.9,17.0,13,True,True,456,ambas,True,True,12
9998,0,0,2,10,21,31,336,22.7,0.0,13,True,True,456,ambas,True,True,12
9998,0,0,2,10,20,30,409,21.0,1.5,13,True,True,456,ambas,True,True,12
9998,0,0,2,17,19,36,463,22.6,0.0,13,True,True,456,ambas,True,True,12
9998,0,0,2,20,21,41,198,21.8,4.3,13,True,True,456,ambas,True,True,12
9998,0,0,2,19,96,115,493,22.6,50.0,33,True,True,456,ambas,True,True,12
9998,0,0,2,17,74,91,666,21.4,3.9,33,True,True,456,ambas,True,True,12
9998,0,0,2,19,70,89,886,21.7,2.4,33,True,True,456,ambas,True,True,12
9998,0,0,2,15,57,72,1002,23.9,0.0,25,True,True,456,ambas,True,True,12
9999,0,0,1,14,52,66,1073,21.7,4.5,25,True,True,456,ambas,True,True,12
9999,0,0,1,14,43,57,1006,22.8,1.0,25,True,True,456,ambas,True,True,12
9999,0,0,1,13,34,47,505,22.3,7.1,28,True,True,456,ambas,True,True,12
9999,0,0,1,12,32,44,595,21.6,0.0,28,True,True,456,ambas,True,True,12
9999,0,0,1,12,26,38,680,20.8,13.9,9,True,True,456,ambas,True,True,12
9999,0,0,1,11,22,33,748,21.2,15.5,16,True,True,456,ambas,True,True,12
9999,0,0,1,13,18,31,755,22.0,0.8,16,True,True,456,ambas,True,True,12
9999,0,0,1,12,14,26,741,21.8,0.0,16,True,True,456,ambas,True,True,12
9999,0,0,1,10,10,20,656,22.1,3.0,16,True,True,456,ambas,True,True,12
9999,0,0,1,15,10,25,251,21.9,19.7,25,True,False,456,ambas,True,True,12
9999,0,0,1,17,12,29,306,21.7,11.8,27,True,False,456,ambas,True,True,12
9999,0,0,1,18,106,124,693,21.3,61.0,57,True,False,456,ambas,True,True,12
9999,0,0,1,22,102,124,778,21.4,4.0,51,True,False,456,ambas,True,True,12
9999,0,0,1,20,96,116,1162,22.7,0.0,44,True,False,456,ambas,True,True,12
9999,0,0,1,20,91,111,1456,21.2,19.1,53,True,False,456,ambas,True,True,12
9999,0,0,1,20,84,104,1572,22.2,8.9,57,True,False,456,ambas,True,True,12
9999,0,0,1,23,90,113,680,21.6,23.7,68,True,False,456,ambas,True,True,12
9999,0,0,1,20,82,102,922,23.0,0.0,59,True,False,456,ambas,True,True,12
9999,0,0,1,17,77,94,1250,23.2,0.0,54,True,False,456,ambas,True,True,12
9999,0,0,1,18,70,88,1514,21.8,4.7,24,True,False,456,ambas,True,True,12
9999,0,0,1,19,67,86,1638,21.7,1.7,24,True,False,456,ambas,True,True,12
9999,0,0,1,18,154,172,1962,23.3,52.3,50,True,False,456,ambas,True,True,12
9999,0,0,1,17,136,153,2166,23.2,0.0,41,True,False,456,ambas,True,True,12
9999,0,0,1,16,130,146,779,22.4,8.7,41,True,False,456,ambas,True,True,12
9999,0,0,1,14,115,129,1104,20.4,2.0,30,True,False,456,ambas,True,True,12
9999,0,0,1,16,106,122,1255,21.5,4.1,30,True,False,456,ambas,True,True,12
9999,0,0,1,21,102,123,1466,19.4,0.0,30,True,False,456,ambas,True,True,12
9999,0,0,1,22,103,125,1773,20.3,19.1,39,True,False,456,ambas,True,True,12
9999,0,0,1,27,142,169,1980,20.2,37.1,57,True,False,456,ambas,True,True,12
9999,0,0,1,32,164,196,2115,19.0,31.1,46,True,False,456,ambas,True,True,12
9999,0,0,1,32,153,185,1083,20.3,1.8,46,True,False,456,ambas,True,True,12
9999,0,0,1,32,142,174,1393,21.9,0.0,42,True,False,456,ambas,True,True,12
9999,0,0,1,31,127,158,1610,19.7,4.7,42,True,False,456,ambas,True,True,12
9999,0,0,1,38,120,158,1867,21.0,8.6,46,True,False,456,ambas,True,True,12
9999,0,0,1,39,108,147,2061,22.9,0.0,46,True,False,456,ambas,True,True,12
9999,0,0,1,33,98,131,2195,20.6,2.0,37,True,False,456,ambas,True,True,12
9999,0,0,1,37,95,132,2183,21.3,3.9,19,True,False,456,ambas,True,True,12
9999,0,0,1,40,91,131,853,22.5,2.0,4,True,False,456,ambas,True,True,12
9999,0,0,1,40,86,126,1148,22.4,8.9,8,True,False,456,ambas,True,True,12
9999,0,0,1,41,88,129,1385,22.5,0.0,8,True,False,456,ambas,True,True,12
9999,0,0,1,38,80,118,1340,22.8,0.0,8,True,False,456,ambas,True,True,12
9999,0,0,1,42,78,120,1682,22.9,2.2,4,True,False,456,ambas,True,True,12
9999,0,0,1,40,75,115,1653,22.0,2.0,4,True,False,456,ambas,True,True,12
9999,0,0,1,41,74,115,1668,20.7,4.1,4,True,False,456,ambas,True,True,12
9999,0,0,1,44,68,112,708,19.9,1.4,4,True,False,456,ambas,True,True,12
9999,0,0,1,48,62,110,1098,21.1,0.5,4,True,False,456,ambas,True,True,12
9999,0,0,1,47,59,106,1122,21.8,7.1,3,True,False,456,ambas,True,True,12
9999,0,0,1,49,55,104,1219,22.2,0.3,3,True,False,456,ambas,True,True,12
9999,0,0,1,49,53,102,1360,21.7,10.9,8,True,False,456,ambas,True,True,12
9999,0,0,1,49,45,94,1404,22.0,5.1,10,True,False,456,ambas,True,True,12
9999,0,0,1,47,44,91,1498,21.8,5.3,12,True,False,456,ambas,True,True,12
9999,0,0,1,45,43,88,713,22.3,0.0,12,True,False,456,ambas,True,True,12
9999,0,0,1,44,39,83,883,21.5,3.0,12,True,False,456,ambas,True,True,12
9999,0,0,1,45,41,86,1020,23.3,2.0,12,True,False,456,ambas,True,True,12
9999,0,0,1,46,40,86,1142,22.6,1.0,9,True,False,456,ambas,True,True,12
9999,0,0,1,51,41,92,1175,21.2,0.0,9,True,False,456,ambas,True,True,12
9999,0,0,1,53,40,93,1107,20.7,6.9,7,True,False,456,ambas,True,True,12
9999,0,0,1,53,36,89,954,22.2,0.0,5,True,False,456,ambas,True,True,12
9999,0,0,1,54,36,90,436,21.5,3.2,3,True,False,456,ambas,True,True,12
9999,0,0,1,53,37,90,683,22.2,7.0,6,True,False,456,ambas,True,True,12
9999,0,0,1,53,38,91,807,23.9,0.5,6,True,False,456,ambas,True,True,12
10000,0,0,0,48,36,84,910,22.5,7.9,9,True,False,456,ambas,True,True,12
10000,0,0,0,54,32,86,971,20.5,6.0,12,True,False,456,ambas,True,True,12
10000,0,0,0,54,31,85,971,21.1,0.0,12,True,False,456,ambas,True,True,12
10000,0,0,0,55,28,83,1118,21.8,1.0,9,True,False,456,ambas,True,True,12
10000,0,0,0,54,27,81,436,22.1,0.0,9,True,False,456,ambas,True,True,12
10000,0,0,0,50,27,77,621,20.7,15.3,16,True,False,456,ambas,True,True,12
10000,0,0,0,47,26,73,824,22.7,0.8,13,True,False,456,ambas,True,True,12
10000,0,0,0,46,24,70,910,21.9,1.0,13,True,False,456,ambas,True,True,12
10000,0,0,0,47,23,70,930,22.1,0.3,10,True,False,456,ambas,True,True,12
10000,0,0,0,43,22,65,1066,20.6,18.2,16,True,False,456,ambas,True,True,12
10000,0,0,0,39,21,60,1220,20.7,1.0,16,True,False,456,ambas,True,True,12
10000,0,0,0,39,19,58,543,20.5,10.9,21,True,False,456,ambas,True,True,12
10000,0,0,0,39,19,58,554,20.4,1.7,21,True,False,456,ambas,True,True,12
10000,0,0,0,39,20,59,745,20.8,8.7,18,True,False,456,ambas,True,True,12
10000,0,0,0,38,19,57,809,21.5,0.3,18,True,False,456,ambas,True,True,12
10000,0,0,0,35,18,53,809,19.9,6.0,21,True,False,456,ambas,True,True,12
10000,0,0,0,33,15,48,856,20.0,14.3,28,True,False,456,ambas,True,True,12
10000,0,0,0,38,26,64,845,20.3,25.5,31,True,False,456,ambas,True,True,12
10000,0,0,0,35,39,74,434,20.3,26.8,44,True,False,456,ambas,True,True,12
10000,0,0,0,36,36,72,668,21.6,0.0,39,True,False,456,ambas,True,True,12
10000,0,0,0,36,39,75,736,20.6,20.2,49,True,False,456,ambas,True,True,12
10000,0,0,0,40,38,78,931,20.5,10.9,50,True,False,456,ambas,True,True,12
10000,0,0,0,41,35,76,1098,19.7,5.0,52,True,False,456,ambas,True,True,12
10000,0,0,0,40,33,73,1125,20.6,11.8,54,True,False,456,ambas,True,True,12
10000,0,0,0,41,31,72,1195,19.1,10.4,52,True,False,456,ambas,True,True,12
10000,0,0,0,42,29,71,629,19.9,13.5,46,True,False,456,ambas,True,True,12
10000,0,0,0,38,26,64,765,20.2,0.0,33,True,False,456,ambas,True,True,12
10000,0,0,0,36,23,59,973,20.4,1.0,33,True,False,456,ambas,True,True,12
10000,0,0,0,32,22,54,1025,20.0,4.1,23,True,False,456,ambas,True,True,12
10000,0,0,0,30,22,52,1037,21.2,2.3,18,True,False,456,ambas,True,True,12
10000,0,0,0,31,22,53,1062,22.6,1.0,16,True,False,456,ambas,True,True,12
10000,0,0,0,30,21,51,1005,21.1,4.1,11,True,False,456,ambas,True,True,12
10000,0,0,0,30,17,47,493,19.8,5.1,8,True,False,456,ambas,True,True,12
10000,0,0,0,30,16,46,507,20.6,6.1,5,True,False,456,ambas,True,True,12
10000,0,0,0,29,14,43,608,20.0,10.6,10,True,False,456,ambas,True,True,12
10000,0,0,0,32,16,48,661,21.6,0.0,10,True,False,456,ambas,True,True,12
10000,0,0,0,33,13,46,764,21.4,0.5,10,True,False,456,ambas,True,True,12
10000,0,0,0,40,13,53,923,21.0,8.3,14,True,False,456,ambas,True,True,12
10000,0,0,0,50,27,77,871,20.7,24.7,26,True,False,456,ambas,True,True,12
10000,0,0,0,51,26,77,569,21.1,10.7,31,True,False,456,ambas,True,True,12
10000,0,0,0,55,25,80,652,22.8,1.4,29,True,False,456,ambas,True,True,12
10000,0,0,0,54,23,77,903,22.7,0.6,26,True,False,456,ambas,True,True,12
10000,0,0,0,59,24,83,928,21.4,10.5,26,True,False,456,ambas,True,True,12
10000,0,0,0,56,21,77,1066,21.9,9.8,30,True,False,456,ambas,True,True,12
10000,0,0,0,56,21,77,1152,22.7,5.1,32,True,False,456,ambas,True,True,12
10000,0,0,0,57,20,77,1226,20.5,3.8,28,True,False,456,ambas,True,True,12
10000,0,0,0,59,18,77,508,21.9,1.2,16,True,False,456,ambas,True,True,12
10000,0,0,0,54,16,70,732,22.6,3.2,11,True,False,456,ambas,True,True,12
10000,0,0,0,57,16,73,1012,20.3,12.4,17,True,False,456,ambas,True,True,12
10000,0,0,0,52,46,98,1205,20.8,33.8,33,True,False,456,ambas,True,True,12
10000,0,0,0,53,45,98,1294,20.8,4.9,28,True,False,456,ambas,True,True,12
10000,0,0,0,57,45,102,1349,21.5,5.5,26,True,False,456,ambas,True,True,12
10000,0,0,0,50,42,92,1502,22.6,2.5,24,True,False,456,ambas,True,True,12
10000,0,0,0,52,38,90,783,22.9,9.7,28,True,False,456,ambas,True,True,12
10000,0,0,0,50,35,85,987,21.3,1.0,28,True,False,456,ambas,True,True,12
10000,0,0,0,56,36,92,1274,21.7,0.5,28,True,False,456,ambas,True,True,12
10000,0,0,0,53,36,89,1227,21.2,0.5,22,True,False,456,ambas,True,True,12
10000,0,0,0,51,34,85,1300,22.4,0.0,6,True,False,456,ambas,True,True,12
10000,0,0,0,49,35,84,1226,21.9,3.0,6,True,False,456,ambas,True,True,12
10000,0,0,0,47,33,80,1239,21.8,2.0,4,True,False,456,ambas,True,True,12
10000,0,0,0,45,29,74,490,22.0,0.0,4,True,False,456,ambas,True,True,12
10000,0,0,0,45,24,69,655,22.3,0.5,0,True,False,456,ambas,True,True,12
10000,0,0,0,47,21,68,686,21.6,0.5,0,True,False,456,ambas,True,True,12
10000,0,0,0,46,20,66,778,20.6,4.1,0,True,False,456,ambas,True,True,12
10000,0,0,0,46,21,67,906,20.2,16.6,8,True,False,456,ambas,True,True,12
10000,0,0,0,45,20,65,877,21.1,14.0,15,True,False,456,ambas,True,True,12
10000,0,0,0,46,21,67,1039,21.4,1.3,15,True,False,456,ambas,True,True,12
10000,0,0,0,48,20,68,529,23.3,0.0,15,True,False,456,ambas,True,True,12
10000,0,0,0,39,19,58,528,22.7,0.0,15,True,False,456,ambas,True,True,12
10000,0,0,0,37,19,56,605,22.2,2.0,15,True,False,456,ambas,True,True,12
10000,0,0,0,35,19,54,658,21.7,1.0,15,True,False,456,ambas,True,True,12
10000,0,0,0,36,17,53,651,21.1,7.1,18,True,False,456,ambas,True,True,12
10000,0,0,0,33,16,49,683,21.3,11.7,15,True,False,456,ambas,True,True,12
10000,0,0,0,31,12,43,632,22.0,6.1,11,True,False,456,ambas,True,True,12
10000,0,0,0,31,27,58,276,21.0,25.9,23,True,False,456,ambas,True,True,12
10000,0,0,0,37,24,61,322,21.1,2.4,23,True,False,456,ambas,True,True,12
10000,0,0,0,39,20,59,537,22.9,0.0,23,True,False,456,ambas,True,True,12
10000,0,0,0,49,19,68,595,23.2,1.7,23,True,False,456,ambas,True,True,12
10000,0,0,0,59,17,76,772,21.3,5.6,25,True,False,456,ambas,True,True,12
10000,0,0,0,49,17,66,903,21.6,3.6,22,True,False,456,ambas,True,True,12
10000,0,0,0,47,19,66,963,22.3,16.9,25,True,False,456,ambas,True,True,12
10000,0,0,0,45,17,62,409,21.7,0.0,22,True,False,456,ambas,True,True,12
10000,0,0,0,43,14,57,575,21.4,14.9,17,True,False,456,ambas,True,True,12
10000,0,0,0,42,14,56,583,21.4,8.6,21,True,False,456,ambas,True,True,12
10000,0,0,0,42,16,58,589,20.4,18.0,30,True,False,456,ambas,True,True,12
10000,0,0,0,34,15,49,626,20.6,0.0,30,True,False,456,ambas,True,True,12
10000,0,0,0,40,15,55,625,21.7,0.4,28,True,False,456,ambas,True,True,12
10000,0,0,0,38,14,52,757,22.1,2.3,28,True,False,456,ambas,True,True,12
10000,0,0,0,40,12,52,305,22.7,5.9,22,True,False,456,ambas,True,True,12
10000,0,0,0,38,11,49,386,20.8,7.1,25,True,False,456,ambas,True,True,12
10000,0,0,0,47,11,58,442,21.1,0.0,18,True,False,456,ambas,True,True,12
10000,0,0,0,43,10,53,569,21.1,6.5,17,True,False,456,ambas,True,True,12
10000,0,0,0,46,9,55,554,21.4,9.5,12,True,False,456,ambas,True,True,12
10000,0,0,0,46,10,56,569,22.2,1.4,12,True,False,456,ambas,True,True,12
10000,0,0,0,47,9,56,628,21.6,2.5,12,True,False,456,ambas,True,True,12
10000,0,0,0,51,8,59,340,21.1,6.3,15,True,False,456,ambas,True,True,12
10000,0,0,0,48,8,56,413,21.8,0.0,13,True,False,456,ambas,True,True,12
10000,0,0,0,44,6,50,523,20.2,3.3,10,True,False,456,ambas,True,True,12
10000,0,0,0,40,7,47,478,21.7,0.0,10,True,False,456,ambas,True,True,12
10000,0,0,0,37,7,44,396,22.3,5.4,9,True,False,456,ambas,True,True,12
10000,0,0,0,36,8,44,509,22.2,14.0,12,True,False,456,ambas,True,True,12
10000,0,0,0,40,6,46,605,21.8,0.0,12,True,False,456,ambas,True,True,12
10000,0,0,0,36,5,41,344,21.3,3.4,12,True,False,456,ambas,True,True,12
10000,0,0,0,36,5,41,436,21.4,8.9,13,True,False,456,ambas,True,True,12
10000,0,0,0,34,5,39,567,21.7,7.7,16,True,False,456,ambas,True,True,12
10000,0,0,0,39,4,43,626,22.2,1.4,16,True,False,456,ambas,True,True,12
10000,0,0,0,39,2,41,756,22.4,1.7,16,True,False,456,ambas,True,True,12
10000,0,0,0,37,2,39,686,20.7,6.7,17,True,False,456,ambas,True,True,12
10000,0,0,0,42,1,43,779,22.5,1.9,10,True,False,456,ambas,True,True,12
10000,0,0,0,40,1,41,317,23.3,0.0,10,True,False,456,ambas,True,True,12
10000,0,0,0,43,1,44,442,22.2,14.0,17,True,False,456,ambas,True,True,12
10000,0,0,0,43,1,44,523,22.1,0.0,13,True,False,456,ambas,True,True,12
10000,0,0,0,42,28,70,543,21.0,31.0,25,True,False,456,ambas,True,True,12
10000,0,0,0,38,28,66,857,22.0,0.0,25,True,False,456,ambas,True,True,12
10000,0,0,0,41,27,68,1076,21.0,3.9,25,True,False,456,ambas,True,True,12
10000,0,0,0,41,24,65,1058,21.9,13.6,28,True,False,456,ambas,True,True,12
10000,0,0,0,41,32,73,598,20.5,22.6,39,True,False,456,ambas,True,True,12
10000,0,0,0,39,41,80,731,20.5,24.8,51,True,False,456,ambas,True,True,12
10000,0,0,0,36,38,74,842,20.8,7.7,47,True,False,456,ambas,True,True,12
10000,0,0,0,37,34,71,963,20.6,1.2,47,True,False,456,ambas,True,True,12
10000,0,0,0,39,34,73,1086,21.7,11.2,37,True,False,456,ambas,True,True,12
10000,0,0,0,36,34,70,1092,20.4,18.0,46,True,False,456,ambas,True,True,12
10000,0,0,0,38,32,70,1221,20.6,4.9,46,True,False,456,ambas,True,True,12
10000,0,0,0,35,30,65,620,21.5,2.0,40,True,False,456,ambas,True,True,12
10000,0,0,0,35,26,61,620,20.7,0.0,29,True,False,456,ambas,True,True,12
10000,0,0,0,42,26,68,742,22.4,0.0,17,True,False,456,ambas,True,True,12
10000,0,0,0,43,23,66,829,22.3,0.0,14,True,False,456,ambas,True,True,12
10000,0,0,0,42,23,65,872,21.9,0.0,14,True,False,456,ambas,True,True,12
10000,0,0,0,49,24,73,917,21.3,6.4,12,True,False,456,ambas,True,True,12
10000,0,0,0,48,23,71,875,19.9,7.2,6,True,False,456,ambas,True,True,12
10000,0,0,0,49,23,72,492,19.8,2.4,6,True,False,456,ambas,True,True,12
10000,0,0,0,48,20,68,476,20.5,0.0,6,True,False,456,ambas,True,True,12
10000,0,0,0,46,18,64,692,21.3,1.7,6,True,False,456,ambas,True,True,12
10000,0,0,0,42,19,61,586,22.6,3.3,6,True,False,456,ambas,True,True,12
10000,0,0,0,39,18,57,603,21.0,0.5,6,True,False,456,ambas,True,True,12
10000,0,0,0,39,17,56,567,20.4,0.0,6,True,False,456,ambas,True,True,12
10000,0,0,0,39,15,54,528,20.8,1.7,3,True,False,456,ambas,True,True,12
10000,0,0,0,36,16,52,284,21.6,6.1,3,True,False,456,ambas,True,True,12
10000,0,0,0,34,14,48,317,19.7,7.3,6,True,False,456,ambas,True,True,12
10000,0,0,0,35,66,101,545,21.1,39.1,25,True,False,456,ambas,True,True,12
10000,0,0,0,32,59,91,737,21.9,0.0,25,True,False,456,ambas,True,True,12
10000,0,0,0,33,55,88,858,21.4,0.0,25,True,False,456,ambas,True,True,12
10000,0,0,0,32,48,80,1027,20.7,9.9,29,True,False,456,ambas,True,True,12
10000,0,0,0,30,44,74,1197,20.2,7.4,32,True,False,456,ambas,True,True,12
10000,0,0,0,29,40,69,524,21.5,4.7,32,True,False,456,ambas,True,True,12
10000,0,0,0,28,38,66,598,22.1,13.7,35,True,False,456,ambas,True,True,12
10000,0,0,0,31,36,67,783,21.7,12.1,38,True,False,456,ambas,True,True,12
10000,0,0,0,31,39,70,945,20.8,21.8,29,True,False,456,ambas,True,True,12
10000,0,0,0,29,84,113,1233,20.6,38.6,48,True,False,456,ambas,True,True,12
10000,0,0,0,28,78,106,1550,20.6,0.0,48,True,False,456,ambas,True,True,12
10000,0,0,0,31,73,104,1515,20.8,11.1,49,True,False,456,ambas,True,True,12
10000,0,0,0,29,71,100,719,21.0,0.0,46,True,False,456,ambas,True,True,12
10000,0,0,0,24,63,87,919,20.5,7.7,49,True,False,456,ambas,True,True,12
10000,0,0,0,24,60,84,892,21.6,6.1,46,True,False,456,ambas,True,True,12
10000,0,0,0,26,56,82,1037,19.9,9.5,44,True,False,456,ambas,True,True,12
10000,0,0,0,30,52,82,1207,19.9,13.5,40,True,False,456,ambas,True,True,12
10000,0,0,0,30,49,79,1256,19.5,5.9,23,True,False,456,ambas,True,True,12
10000,0,0,0,33,46,79,1235,20.6,2.0,23,True,False,456,ambas,True,True,12
9999,1,0,0,30,43,73,639,19.6,2.3,18,True,False,456,ambas,True,True,12
9999,1,0,0,30,41,71,816,20.5,0.0,18,True,False,456,ambas,True,True,12
9999,1,0,0,30,40,70,888,21.2,0.0,15,True,False,456,ambas,True,True,12
9999,1,0,0,36,37,73,1048,21.6,3.1,12,True,False,456,ambas,True,True,12
9999,0,1,0,38,33,71,1028,22.3,1.8,8,True,False,456,ambas,True,True,12
9999,0,1,0,44,35,79,1162,20.4,12.2,8,True,False,456,ambas,True,True,12
9999,0,1,0,53,37,90,1166,21.8,3.6,6,True,False,456,ambas,True,True,12
9999,0,1,0,52,36,88,576,21.1,6.7,9,True,False,456,ambas,True,True,12
9999,0,1,0,46,36,82,716,21.2,8.1,13,True,False,456,ambas,True,True,12
9999,0,1,0,45,34,79,762,21.3,3.6,13,True,False,456,ambas,True,True,12
9999,0,1,0,43,33,76,899,21.2,11.5,18,True,False,456,ambas,True,True,12
9999,0,1,0,39,46,85,987,21.3,26.0,31,True,False,456,ambas,True,True,12
9999,0,0,1,37,47,84,1015,20.4,18.5,40,True,False,456,ambas,True,True,12
9999,0,0,1,39,45,84,1094,20.4,15.2,41,True,False,456,ambas,True,True,12
9999,0,0,1,37,79,116,578,21.3,35.2,58,True,False,456,ambas,True,True,12
9999,0,0,1,34,69,103,737,20.6,11.9,60,True,False,456,ambas,True,True,12
9999,0,0,1,36,65,101,908,20.3,10.0,61,True,False,456,ambas,True,True,12
9999,0,0,1,35,61,96,1115,21.9,0.0,61,True,False,456,ambas,True,True,12
9999,0,0,1,34,53,87,1191,22.0,7.6,59,True,False,456,ambas,True,True,12
9999,0,0,1,34,51,85,1230,21.7,0.0,46,True,False,456,ambas,True,True,12
9999,0,0,1,38,45,83,1273,19.1,1.4,37,True,False,456,ambas,True,True,12
9999,0,0,1,40,44,84,509,20.9,3.9,30,True,False,456,ambas,True,True,12
9999,0,0,1,36,44,80,689,21.6,10.1,18,True,False,456,ambas,True,True,12
9999,0,0,1,34,38,72,714,21.0,6.4,16,True,False,456,ambas,True,True,12
9999,0,0,1,33,36,69,909,20.7,11.9,16,True,False,456,ambas,True,True,12
9999,0,0,1,31,34,65,941,21.6,10.1,21,True,False,456,ambas,True,True,12
9999,0,0,1,26,30,56,925,21.5,3.2,18,True,False,456,ambas,True,True,12
9999,0,0,1,29,30,59,985,21.2,15.0,25,True,False,456,ambas,True,True,12
9999,0,0,1,24,30,54,399,20.7,0.0,25,True,False,456,ambas,True,True,12
9999,0,0,1,26,32,58,538,21.0,7.1,28,True,False,456,ambas,True,True,12
9999,0,0,1,25,32,57,807,20.4,13.9,29,True,False,456,ambas,True,True,12
9999,0,0,1,31,27,58,948,20.9,9.7,30,True,False,456,ambas,True,True,12
9999,0,0,1,39,27,66,1098,19.5,10.7,30,True,False,456,ambas,True,True,12
9999,0,0,1,39,27,66,1182,20.1,3.5,25,True,False,456,ambas,True,True,12
9999,0,0,1,37,24,61,1155,20.0,2.9,25,True,False,456,ambas,True,True,12
9999,0,0,1,39,23,62,517,20.9,0.0,18,True,False,456,ambas,True,True,12
10000,0,0,0,38,19,57,606,19.8,2.7,18,True,False,456,ambas,True,True,12
10000,0,0,0,38,16,54,640,20.7,6.2,18,True,False,456,ambas,True,True,12
10000,0,0,0,40,17,57,672,21.0,6.8,15,True,False,456,ambas,True,True,12
10000,0,0,0,41,17,58,741,20.8,1.8,11,True,False,456,ambas,True,True,12
10000,0,0,0,45,17,62,970,18.9,0.8,6,True,False,456,ambas,True,True,12
10000,0,0,0,47,15,62,1024,20.5,0.0,6,True,False,456,ambas,True,True,12
10000,0,0,0,42,13,55,478,20.2,2.7,6,True,False,456,ambas,True,True,12
10000,0,0,0,39,12,51,570,21.3,6.2,9,True,False,456,ambas,True,True,12
10000,0,0,0,39,11,50,563,21.4,2.0,9,True,False,456,ambas,True,True,12
10000,0,0,0,41,13,54,629,21.4,16.0,14,True,False,456,ambas,True,True,12
10000,0,0,0,45,13,58,727,21.6,0.0,11,True,False,456,ambas,True,True,12
10000,0,0,0,41,13,54,819,21.0,0.2,11,True,False,456,ambas,True,True,12
10000,0,0,0,39,13,52,897,22.8,0.0,11,True,False,456,ambas,True,True,12
10000,0,0,0,42,13,55,333,22.5,1.9,11,True,False,456,ambas,True,True,12
10000,0,0,0,40,13,53,475,21.6,0.0,11,True,False,456,ambas,True,True,12
10000,0,0,0,40,12,52,463,21.8,0.2,8,True,False,456,ambas,True,True,12
10000,0,0,0,38,12,50,442,20.7,0.3,8,True,False,456,ambas,True,True,12
10000,0,0,0,40,10,50,429,22.5,0.0,0,True,False,456,ambas,True,True,12
10000,0,0,0,42,9,51,337,22.4,0.5,0,True,False,456,ambas,True,True,12
10000,0,0,0,44,8,52,434,23.1,1.3,0,True,False,456,ambas,True,True,12
10000,0,0,0,40,8,48,235,22.5,0.0,0,True,False,456,ambas,True,True,12
10000,0,0,0,39,7,46,368,21.6,0.6,0,True,False,456,ambas,True,True,12
10000,0,0,0,34,7,41,279,21.6,0.2,0,True,False,456,ambas,True,True,12
10000,0,0,0,32,6,38,344,20.7,1.6,0,True,False,456,ambas,True,True,12
10000,0,0,0,31,6,37,314,21.6,0.0,0,True,False,456,ambas,True,True,12
10000,0,0,0,29,6,35,375,20.9,5.4,2,True,False,456,ambas,True,True,12
10000,0,0,0,28,4,32,357,21.9,1.9,2,True,False,456,ambas,True,True,12
10000,0,0,0,25,4,29,123,21.7,11.6,7,True,False,456,ambas,True,True,12
9998,0,2,0,2000,3000,5000,2000,25.0,0.0,0,False,False,789,sin_control,False,False,13
9998,0,2,0,1863,2770,4633,16747,21.5,2.3,0,False,False,789,sin_control,False,False,13
9998,0,2,0,1725,2557,4282,23617,22.3,0.0,0,False,False,789,sin_control,False,False,13
9997,1,2,0,1602,2371,3973,28123,22.3,0.0,0,False,False,789,sin_control,False,False,13
9997,1,2,0,1468,2190,3658,29625,21.8,0.0,0,False,False,789,sin_control,False,False,13
9997,1,2,0,1354,2016,3370,29326,21.6,0.0,0,False,False,789,sin_control,False,False,13
9997,1,2,0,1241,1855,3096,28177,19.5,0.2,0,False,False,789,sin_control,False,False,13
9997,0,3,0,1153,1708,2861,26302,20.1,1.7,0,False,False,789,sin_control,False,False,13
9996,1,1,2,1072,1560,2632,25429,21.8,0.3,0,False,False,789,sin_control,False,False,13
9996,1,1,2,993,1449,2442,23998,21.7,0.0,0,False,False,789,sin_control,False,False,13
9996,1,1,2,902,1355,2257,22323,21.0,0.0,0,False,False,789,sin_control,False,False,13
9995,2,1,2,841,1255,2096,21795,19.8,7.2,3,False,False,789,sin_control,False,False,13
9995,1,2,2,765,1150,1915,22941,21.2,8.0,7,False,False,789,sin_control,False,False,13
9995,1,2,2,698,1059,1757,23914,20.1,5.1,9,False,False,789,sin_control,False,False,13
9995,1,2,2,650,996,1646,24102,20.6,3.5,9,False,False,789,sin_control,False,False,13
9995,0,2,3,607,925,1532,25381,21.0,1.7,9,False,False,789,sin_control,False,False,13
9995,0,2,3,587,867,1454,26283,20.8,3.8,9,False,False,789,sin_control,False,False,13
9995,0,2,3,596,816,1412,26457,21.9,0.5,9,False,False,789,sin_control,False,False,13
9995,0,2,3,613,766,1379,24746,21.3,0.3,9,False,False,789,sin_control,False,False,13
9995,0,2,3,643,723,1366,23392,21.9,0.1,6,False,False,789,sin_control,False,False,13
9994,1,1,4,668,681,1349,18539,24.0,0.0,2,False,False,789,sin_control,False,False,13
9994,1,1,4,807,679,1486,16326,23.1,0.3,0,False,False,789,sin_control,False,False,13
9994,1,1,4,857,660,1517,14925,21.4,1.6,0,False,False,789,sin_control,False,False,13
9994,1,0,5,903,634,1537,14340,22.8,0.0,0,False,False,789,sin_control,False,False,13
9993,1,1,5,909,605,1514,14195,21.2,3.8,0,False,False,789,sin_control,False,False,13
9993,1,1,5,937,567,1504,13705,22.3,0.0,0,False,False,789,sin_control,False,False,13
9993,1,1,5,934,622,1556,16887,22.4,52.3,26,False,False,789,sin_control,False,False,13
9994,1,1,4,923,592,1515,19478,22.4,0.0,26,False,False,789,sin_control,False,False,13
9994,0,2,4,902,577,1479,21650,21.3,24.9,38,False,False,789,sin_control,False,False,13
9994,0,2,4,890,545,1435,22698,21.2,0.0,38,False,False,789,sin_control,False,False,13
9994,0,2,4,878,519,1397,24043,19.9,8.1,42,False,False,789,sin_control,False,False,13
9994,0,2,4,852,493,1345,25407,21.1,0.0,42,False,False,789,sin_control,False,False,13
9994,0,1,5,835,467,1302,25912,21.1,0.4,42,False,False,789,sin_control,False,False,13
9994,0,1,5,848,451,1299,26067,23.0,0.0,42,False,False,789,sin_control,False,False,13
9994,0,1,5,860,420,1280,25824,22.4,0.0,16,False,False,789,sin_control,False,False,13
9994,0,1,5,915,418,1333,24345,21.6,9.9,20,False,False,789,sin_control,False,False,13
9994,0,0,6,1015,406,1421,23168,21.2,0.8,8,False,False,789,sin_control,False,False,13
9994,0,0,6,1143,501,1644,24839,20.1,50.0,33,False,False,789,sin_control,False,False,13
9994,0,0,6,1399,502,1901,27121,19.9,7.5,32,False,False,789,sin_control,False,False,13
9994,0,0,6,1291,469,1760,28869,19.6,21.2,42,False,False,789,sin_control,False,False,13
9994,0,0,6,1539,483,2022,30362,21.3,0.0,42,False,False,789,sin_control,False,False,13
9994,0,0,6,1729,552,2281,32613,21.0,2.4,42,False,False,789,sin_control,False,False,13
9994,0,0,6,1994,537,2531,35731,22.8,0.0,42,False,False,789,sin_control,False,False,13
9993,1,0,6,2499,630,3129,40684,22.9,0.0,38,False,False,789,sin_control,False,False,13
9994,1,0,5,2709,639,3348,45580,20.7,5.5,40,False,False,789,sin_control,False,False,13
9994,1,0,5,2932,652,3584,49528,21.7,2.0,15,False,False,789,sin_control,False,False,13
9994,1,0,5,3089,657,3746,50345,21.2,1.0,12,False,False,789,sin_control,False,False,13
9993,1,1,5,3172,655,3827,50508,23.2,0.0,2,False,False,789,sin_control,False,False,13
9992,2,1,5,3233,626,3859,51215,22.7,7.2,5,False,False,789,sin_control,False,False,13
9991,3,1,5,3309,627,3936,52293,21.7,2.0,5,False,False,789,sin_control,False,False,13
9991,3,1,5,3358,610,3968,57020,20.6,10.9,10,False,False,789,sin_control,False,False,13
9991,2,2,5,3445,628,4073,57372,20.8,1.2,10,False,False,789,sin_control,False,False,13
9991,1,3,5,3575,602,4177,57718,22.5,0.0,8,False,False,789,sin_control,False,False,13
9991,0,4,5,3607,630,4237,61954,22.8,5.8,10,False,False,789,sin_control,False,False,13
9991,0,4,5,3745,617,4362,65090,21.4,16.4,18,False,False,789,sin_control,False,False,13
9990,1,3,6,3898,600,4498,69640,21.5,7.8,21,False,False,789,sin_control,False,False,13
9990,1,3,6,4108,577,4685,73693,22.8,0.0,18,False,False,789,sin_control,False,False,13
9990,1,3,6,4485,663,5148,78404,20.5,49.0,42,False,False,789,sin_control,False,False,13
9990,1,3,6,4833,670,5503,84289,20.5,8.9,41,False,False,789,sin_control,False,False,13
9990,0,3,7,5195,668,5863,89333,21.3,8.3,45,False,False,789,sin_control,False,False,13
9990,0,2,8,5644,639,6283,92607,20.0,18.6,54,False,False,789,sin_control,False,False,13
9990,0,1,9,6034,631,6665,95148,20.5,8.3,56,False,False,789,sin_control,False,False,13
9990,0,1,9,6409,634,7043,103425,20.6,5.0,50,False,False,789,sin_control,False,False,13
9990,0,1,9,6965,638,7603,111552,21.6,0.8,47,False,False,789,sin_control,False,False,13
9990,0,1,9,7491,628,8119,121591,20.7,5.1,49,False,False,789,sin_control,False,False,13
9990,0,1,9,6941,575,7516,127963,20.2,14.0,32,False,False,789,sin_control,False,False,13
9990,0,1,9,7433,569,8002,133614,20.4,3.3,28,False,False,789,sin_control,False,False,13
9990,0,0,10,7972,583,8555,140633,21.8,0.0,24,False,False,789,sin_control,False,False,13
9990,0,0,10,8477,584,9061,147197,21.1,0.0,15,False,False,789,sin_control,False,False,13
9990,0,0,10,8876,594,9470,153756,22.1,4.1,11,False,False,789,sin_control,False,False,13
9990,0,0,10,9402,584,9986,161760,21.1,11.0,14,False,False,789,sin_control,False,False,13
9990,0,0,10,9920,593,10513,169974,21.4,0.8,14,False,False,789,sin_control,False,False,13
9990,0,0,10,10422,663,11085,168073,21.7,0.3,12,False,False,789,sin_control,False,False,13
9990,0,0,10,11052,666,11718,177527,20.9,17.0,13,False,False,789,sin_control,False,False,13
9990,0,0,10,11670,648,12318,189253,22.7,0.0,13,False,False,789,sin_control,False,False,13
9990,0,0,10,12431,668,13099,200492,21.0,1.5,13,False,False,789,sin_control,False,False,13
9989,1,0,10,15652,724,16376,220287,22.6,0.0,13,False,False,789,sin_control,False,False,13
9989,1,0,10,16960,702,17662,224766,21.8,4.3,13,False,False,789,sin_control,False,False,13
9989,1,0,10,18168,787,18955,250712,22.6,50.0,33,False,False,789,sin_control,False,False,13
9989,1,0,10,19040,786,19826,273035,21.4,3.9,33,False,False,789,sin_control,False,False,13
9989,0,1,10,19913,772,20685,296514,21.7,2.4,33,False,False,789,sin_control,False,False,13
9988,1,1,10,20968,760,21730,320248,23.9,0.0,25,False,False,789,sin_control,False,False,13
9988,1,1,10,21970,746,22718,344007,21.7,4.5,25,False,False,789,sin_control,False,False,13
9988,1,1,10,23030,753,23785,367590,22.8,1.0,25,False,False,789,sin_control,False,False,13
9988,1,1,10,24269,750,25021,392160,22.3,7.1,28,False,False,789,sin_control,False,False,13
9987,1,2,10,25507,750,26259,387853,21.6,0.0,28,False,False,789,sin_control,False,False,13
9987,1,2,10,27038,752,27792,417576,20.8,13.9,9,False,False,789,sin_control,False,False,13
9987,1,2,10,28301,752,29055,446983,21.2,15.5,16,False,False,789,sin_control,False,False,13
9987,1,1,11,29763,766,30532,475478,22.0,0.8,16,False,False,789,sin_control,False,False,13
9987,0,2,11,31298,773,32074,505239,21.8,0.0,16,False,False,789,sin_control,False,False,13
9987,0,2,11,33850,777,34635,539009,22.1,3.0,16,False,False,789,sin_control,False,False,13
9987,0,2,11,36961,810,37782,575504,21.9,19.7,25,False,False,789,sin_control,False,False,13
9987,0,2,11,40355,906,41275,619824,21.7,11.8,27,False,False,789,sin_control,False,False,13
9987,0,1,12,43528,1016,44558,639615,21.3,61.0,57,False,False,789,sin_control,False,False,13
9987,0,1,12,46590,1019,47622,664548,21.4,4.0,51,False,False,789,sin_control,False,False,13
9987,0,1,12,49446,1009,50468,722364,22.7,0.0,44,False,False,789,sin_control,False,False,13
9985,2,1,12,52357,984,53355,750412,21.2,19.1,53,False,False,789,sin_control,False,False,13
9985,2,0,13,55042,967,56027,780355,22.2,8.9,57,False,False,789,sin_control,False,False,13
9985,2,0,13,57631,984,58630,811554,21.6,23.7,68,False,False,789,sin_control,False,False,13
9986,2,0,12,60543,976,61532,848564,23.0,0.0,59,False,False,789,sin_control,False,False,13
9986,0,2,12,63211,967,64190,924471,23.2,0.0,54,False,False,789,sin_control,False,False,13
9985,1,2,12,66218,948,67173,997058,21.8,4.7,24,False,False,789,sin_control,False,False,13
9985,1,2,12,69194,934,70135,1071104,21.7,1.7,24,False,False,789,sin_control,False,False,13
9985,1,2,12,72292,1040,73339,1141900,23.3,52.3,50,False,False,789,sin_control,False,False,13
9985,1,2,12,76050,1017,77071,1215020,23.2,0.0,41,False,False,789,sin_control,False,False,13
9985,0,3,12,80039,1019,81060,1287172,22.4,8.7,41,False,False,789,sin_control,False,False,13
9985,0,3,12,85100,1018,86122,1361399,20.4,2.0,30,False,False,789,sin_control,False,False,13
9985,0,3,12,90942,1122,92067,1446959,21.5,4.1,30,False,False,789,sin_control,False,False,13
9985,0,1,14,97989,1121,99113,1540604,19.4,0.0,30,False,False,789,sin_control,False,False,13
9984,1,1,14,105298,1113,106415,1642074,20.3,19.1,39,False,False,789,sin_control,False,False,13
9984,1,1,14,113959,1200,115162,1755735,20.2,37.1,57,False,False,789,sin_control,False,False,13
9984,1,1,14,123607,1237,124846,1798513,19.0,31.1,46,False,False,789,sin_control,False,False,13
9984,1,1,14,132968,1295,134266,1949099,20.3,1.8,46,False,False,789,sin_control,False,False,13
9984,0,1,15,144233,1280,145520,2112815,21.9,0.0,42,False,False,789,sin_control,False,False,13
9984,0,1,15,133515,1193,134716,2233218,19.7,4.7,42,False,False,789,sin_control,False,False,13
9984,0,1,15,142368,1182,143559,2249552,21.0,8.6,46,False,False,789,sin_control,False,False,13
9983,1,1,15,150455,1158,151624,2384019,22.9,0.0,46,False,False,789,sin_control,False,False,13
9983,1,1,15,158761,1159,159930,2524416,20.6,2.0,37,False,False,789,sin_control,False,False,13
9983,1,1,15,166826,1257,168093,2487938,21.3,3.9,19,False,False,789,sin_control,False,False,13
9983,1,1,15,173723,1248,174987,2478619,22.5,2.0,4,False,False,789,sin_control,False,False,13
9982,1,2,15,179244,1215,180486,2671651,22.4,8.9,8,False,False,789,sin_control,False,False,13
9982,1,1,16,185284,1193,186508,2854160,22.5,0.0,8,False,False,789,sin_control,False,False,13
9982,1,1,16,192479,1196,193700,2828573,22.8,0.0,8,False,False,789,sin_control,False,False,13
9982,1,1,16,225220,1270,226511,2887276,22.9,2.2,4,False,False,789,sin_control,False,False,13
9983,0,2,15,234190,1311,235517,2984026,22.0,2.0,4,False,False,789,sin_control,False,False,13
9983,0,2,15,243405,1341,244763,3084932,20.7,4.1,4,False,False,789,sin_control,False,False,13
9983,0,2,15,251753,1318,253092,3196695,19.9,1.4,4,False,False,789,sin_control,False,False,13
9983,0,2,15,259270,1310,260601,3304370,21.1,0.5,4,False,False,789,sin_control,False,False,13
9983,0,1,16,262020,1269,263309,3393794,21.8,7.1,3,False,False,789,sin_control,False,False,13
9983,0,1,16,265184,1211,266414,3475228,22.2,0.3,3,False,False,789,sin_control,False,False,13
9983,0,1,16,266722,1176,267917,3808156,21.7,10.9,8,False,False,789,sin_control,False,False,13
9983,0,1,16,269613,1152,270787,4095597,22.0,5.1,10,False,False,789,sin_control,False,False,13
9983,0,0,17,276167,1135,277327,4362353,21.8,5.3,12,False,False,789,sin_control,False,False,13
9981,2,0,17,285729,1138,286888,4607471,22.3,0.0,12,False,False,789,sin_control,False,False,13
9980,3,0,17,295022,1149,296189,4855618,21.5,3.0,12,False,False,789,sin_control,False,False,13
9980,3,0,17,305020,1133,306167,5094236,23.3,2.0,12,False,False,789,sin_control,False,False,13
9980,3,0,17,319303,1119,320434,5334660,22.6,1.0,9,False,False,789,sin_control,False,False,13
9979,2,2,17,342447,1110,343567,5212124,21.2,0.0,9,False,False,789,sin_control,False,False,13
9979,1,3,17,365995,1123,367128,5200114,20.7,6.9,7,False,False,789,sin_control,False,False,13
9978,2,3,17,389705,1139,390875,5269691,22.2,0.0,5,False,False,789,sin_control,False,False,13
9978,2,3,17,413746,1130,414918,5386060,21.5,3.2,3,False,False,789,sin_control,False,False,13
9977,2,4,17,436926,1125,438112,5555355,22.2,7.0,6,False,False,789,sin_control,False,False,13
9977,2,4,17,458568,1140,459795,5765068,23.9,0.5,6,False,False,789,sin_control,False,False,13
9975,3,5,17,479390,1156,480646,6413045,22.5,7.9,9,False,False,789,sin_control,False,False,13
9975,3,5,17,499452,1175,500737,7033606,20.5,6.0,12,False,False,789,sin_control,False,False,13
9975,2,4,19,518529,1175,519811,7092532,21.1,0.0,12,False,False,789,sin_control,False,False,13
9975,2,3,20,532724,1156,534017,7723776,21.8,1.0,9,False,False,789,sin_control,False,False,13
9975,0,5,20,546979,1141,548245,7721234,22.1,0.0,9,False,False,789,sin_control,False,False,13
9975,0,5,20,557681,1126,558918,8336939,20.7,15.3,16,False,False,789,sin_control,False,False,13
9975,0,4,21,568485,1100,569700,8896166,22.7,0.8,13,False,False,789,sin_control,False,False,13
9974,1,4,21,581363,1107,582585,8731579,21.9,1.0,13,False,False,789,sin_control,False,False,13
9974,1,3,22,597584,1116,598820,8664871,22.1,0.3,10,False,False,789,sin_control,False,False,13
9974,1,3,22,617191,1098,618401,9306050,20.6,18.2,16,False,False,789,sin_control,False,False,13
9974,1,2,23,645602,1095,646810,9939366,20.7,1.0,16,False,False,789,sin_control,False,False,13
9974,0,3,23,683448,1086,684638,10589023,20.5,10.9,21,False,False,789,sin_control,False,False,13
9974,0,1,25,732658,1090,733841,11292205,20.4,1.7,21,False,False,789,sin_control,False,False,13
9974,0,1,25,792915,1108,794103,12064672,20.8,8.7,18,False,False,789,sin_control,False,False,13
9974,1,1,24,733995,1044,735109,12638919,21.5,0.3,18,False,False,789,sin_control,False,False,13
9975,1,1,23,781343,1045,782450,13185480,19.9,6.0,21,False,False,789,sin_control,False,False,13
9975,1,1,23,827979,1036,829070,13803601,20.0,14.3,28,False,False,789,sin_control,False,False,13
9975,1,1,23,882377,1074,883496,14527133,20.3,25.5,31,False,False,789,sin_control,False,False,13
9975,0,2,23,935329,1099,936467,15296910,20.3,26.8,44,False,False,789,sin_control,False,False,13
9975,0,1,24,996266,1098,997410,16148372,21.6,0.0,39,False,False,789,sin_control,False,False,13
9975,0,1,24,1051724,1126,1052894,17034115,20.6,20.2,49,False,False,789,sin_control,False,False,13
9975,0,1,24,1104455,1119,1105614,17236963,20.5,10.9,50,False,False,789,sin_control,False,False,13
9975,0,1,24,1156418,1087,1157539,17557099,19.7,5.0,52,False,False,789,sin_control,False,False,13
9976,0,1,23,1210474,1095,1211596,18006766,20.6,11.8,54,False,False,789,sin_control,False,False,13
9976,0,1,23,1254876,1076,1255975,19320218,19.1,10.4,52,False,False,789,sin_control,False,False,13
9976,0,1,23,1300004,1047,1301074,20618555,19.9,13.5,46,False,False,789,sin_control,False,False,13
9976,0,0,24,1202546,981,1203561,21449338,20.2,0.0,33,False,False,789,sin_control,False,False,13
9976,0,0,24,1261146,977,1262153,22217182,20.4,1.0,33,False,False,789,sin_control,False,False,13
9976,0,0,24,1304892,954,1305873,23054633,20.0,4.1,23,False,False,789,sin_control,False,False,13
9976,0,0,24,1349056,924,1350003,23921711,21.2,2.3,18,False,False,789,sin_control,False,False,13
9975,1,0,24,1498666,955,1499636,25263323,22.6,1.0,16,False,False,789,sin_control,False,False,13
9975,1,0,24,1544410,944,1545365,26491797,21.1,4.1,11,False,False,789,sin_control,False,False,13
9975,1,0,24,1592326,951,1593285,25737823,19.8,5.1,8,False,False,789,sin_control,False,False,13
9975,1,0,24,1631085,951,1632041,25271373,20.6,6.1,5,False,False,789,sin_control,False,False,13
9975,0,1,24,1663190,922,1664115,26881007,20.0,10.6,10,False,False,789,sin_control,False,False,13
9975,0,1,24,1697563,906,1698474,28395599,21.6,0.0,10,False,False,789,sin_control,False,False,13
9974,1,1,24,1741489,865,1742359,29840947,21.4,0.5,10,False,False,789,sin_control,False,False,13
9973,2,1,24,1790939,820,1791766,31264618,21.0,8.3,14,False,False,789,sin_control,False,False,13
9973,2,1,24,1848218,821,1849046,32721203,20.7,24.7,26,False,False,789,sin_control,False,False,13
9973,2,1,24,1902048,793,1902849,34150738,21.1,10.7,31,False,False,789,sin_control,False,False,13
9973,1,2,24,1954383,778,1955171,35547487,22.8,1.4,29,False,False,789,sin_control,False,False,13
9971,2,3,24,1990699,743,1991593,36810431,22.7,0.6,26,False,False,789,sin_control,False,False,13
9971,2,2,25,2129693,808,2130656,38972773,21.4,10.5,26,False,False,789,sin_control,False,False,13
9971,2,2,25,2169011,756,2169989,40491340,21.9,9.8,30,False,False,789,sin_control,False,False,13
9971,2,2,25,2216673,762,2217791,42090945,22.7,5.1,32,False,False,789,sin_control,False,False,13
9971,0,4,25,2261771,749,2262882,43567399,20.5,3.8,28,False,False,789,sin_control,False,False,13
9970,1,4,25,2311156,735,2312364,45117444,21.9,1.2,16,False,False,789,sin_control,False,False,13
9970,1,4,25,2365455,768,2366835,46751320,22.6,3.2,11,False,False,789,sin_control,False,False,13
9970,1,3,26,2411291,783,2412605,48325438,20.3,12.4,17,False,False,789,sin_control,False,False,13
9970,1,2,27,2454382,826,2455618,49819361,20.8,33.8,33,False,False,789,sin_control,False,False,13
9970,0,3,27,2495213,810,2496375,51284174,20.8,4.9,28,False,False,789,sin_control,False,False,13
9970,0,3,27,2533433,806,2534577,52686552,21.5,5.5,26,False,False,789,sin_control,False,False,13
9970,0,3,27,2570246,840,2571451,54066135,22.6,2.5,24,False,False,789,sin_control,False,False,13
9970,0,1,29,2605348,815,2606557,55411003,22.9,9.7,28,False,False,789,sin_control,False,False,13
9970,0,1,29,2637590,778,2638658,56712619,21.3,1.0,28,False,False,789,sin_control,False,False,13
9970,0,1,29,2666656,747,2667613,57926469,21.7,0.5,28,False,False,789,sin_control,False,False,13
9970,0,1,29,2702228,748,2703131,55175384,21.2,0.5,22,False,False,789,sin_control,False,False,13
9971,0,1,28,2728297,699,2729117,52786096,22.4,0.0,6,False,False,789,sin_control,False,False,13
9971,0,0,29,2747650,678,2748433,50944242,21.9,3.0,6,False,False,789,sin_control,False,False,13
9971,0,0,29,2763251,681,2764011,49439593,21.8,2.0,4,False,False,789,sin_control,False,False,13
9971,0,0,29,2776388,665,2777110,40877200,22.0,0.0,4,False,False,789,sin_control,False,False,13
9971,0,0,29,2779771,638,2780453,35196282,22.3,0.5,0,False,False,789,sin_control,False,False,13
9971,0,0,29,2776035,618,2776686,31349649,21.6,0.5,0,False,False,789,sin_control,False,False,13
9971,0,0,29,2763811,607,2764443,33337566,20.6,4.1,0,False,False,789,sin_control,False,False,13
9972,0,0,28,2751855,579,2752453,37278502,20.2,16.6,8,False,False,789,sin_control,False,False,13
9972,0,0,28,2743119,557,2743691,40584396,21.1,14.0,15,False,False,789,sin_control,False,False,13
9972,0,0,28,2737594,530,2738133,43382890,21.4,1.3,15,False,False,789,sin_control,False,False,13
9972,0,0,28,2735436,493,2735936,45762822,23.3,0.0,15,False,False,789,sin_control,False,False,13
9973,0,0,27,2736266,471,2736742,47814432,22.7,0.0,15,False,False,789,sin_control,False,False,13
9973,0,0,27,2738633,450,2739087,49547364,22.2,2.0,15,False,False,789,sin_control,False,False,13
9973,0,0,27,2747196,424,2747621,51150787,21.7,1.0,15,False,False,789,sin_control,False,False,13
9973,0,0,27,2760432,405,2760838,52569663,21.1,7.1,18,False,False,789,sin_control,False,False,13
9973,0,0,27,2776776,395,2777172,49977496,21.3,11.7,15,False,False,789,sin_control,False,False,13
9974,0,0,26,2792422,385,2792808,51742940,22.0,6.1,11,False,False,789,sin_control,False,False,13
9974,0,0,26,2820963,380,2821344,53583245,21.0,25.9,23,False,False,789,sin_control,False,False,13
9974,0,0,26,2859849,374,2860223,55646205,21.1,2.4,23,False,False,789,sin_control,False,False,13
9974,0,0,26,2905506,372,2905878,57981377,22.9,0.0,23,False,False,789,sin_control,False,False,13
9975,0,0,25,2942075,367,2942442,60227258,23.2,1.7,23,False,False,789,sin_control,False,False,13
9975,0,0,25,2969079,375,2969454,62223326,21.3,5.6,25,False,False,789,sin_control,False,False,13
9975,0,0,25,2992095,375,2992470,63996140,21.6,3.6,22,False,False,789,sin_control,False,False,13
9975,0,0,25,3009987,370,3010357,65552385,22.3,16.9,25,False,False,789,sin_control,False,False,13
9975,0,0,25,3024157,363,3024520,66945159,21.7,0.0,22,False,False,789,sin_control,False,False,13
9975,0,0,25,3036737,377,3037114,68185811,21.4,14.9,17,False,False,789,sin_control,False,False,13
9975,0,0,25,3047185,368,3047553,69294444,21.4,8.6,21,False,False,789,sin_control,False,False,13
9976,0,0,24,3056569,365,3056934,70300045,20.4,18.0,30,False,False,789,sin_control,False,False,13
9975,1,0,24,3065767,358,3066125,71172241,20.6,0.0,30,False,False,789,sin_control,False,False,13
9975,1,0,24,3077404,360,3077764,72195510,21.7,0.4,28,False,False,789,sin_control,False,False,13
9975,1,0,24,3088772,350,3089122,73121606,22.1,2.3,28,False,False,789,sin_control,False,False,13
9976,1,0,23,3100802,355,3101157,74052970,22.7,5.9,22,False,False,789,sin_control,False,False,13
9976,0,1,23,3114850,355,3115205,75082118,20.8,7.1,25,False,False,789,sin_control,False,False,13
9976,0,1,23,3129992,356,3130376,76170568,21.1,0.0,18,False,False,789,sin_control,False,False,13
9976,0,1,23,3147651,358,3148055,71637192,21.1,6.5,17,False,False,789,sin_control,False,False,13
9976,0,1,23,3163053,346,3163457,73189053,21.4,9.5,12,False,False,789,sin_control,False,False,13
9976,0,1,23,3176903,335,3177332,74560448,22.2,1.4,12,False,False,789,sin_control,False,False,13
9976,0,1,23,3191747,332,3192186,75785039,21.6,2.5,12,False,False,789,sin_control,False,False,13
9976,0,1,23,3205600,322,3206026,76887689,21.1,6.3,15,False,False,789,sin_control,False,False,13
9976,0,1,23,3219280,330,3219716,77924825,21.8,0.0,13,False,False,789,sin_control,False,False,13
9976,0,0,24,3233568,335,3233992,78827343,20.2,3.3,10,False,False,789,sin_control,False,False,13
9977,0,0,23,3247204,344,3247598,73848537,21.7,0.0,10,False,False,789,sin_control,False,False,13
9977,0,0,23,3257581,347,3257959,69750745,22.3,5.4,9,False,False,789,sin_control,False,False,13
9977,0,0,23,3265722,342,3266081,71566023,22.2,14.0,12,False,False,789,sin_control,False,False,13
9977,0,0,23,3273901,338,3274244,73150887,21.8,0.0,12,False,False,789,sin_control,False,False,13
9977,0,0,23,3282555,319,3282875,74569349,21.3,3.4,12,False,False,789,sin_control,False,False,13
9977,0,0,23,3292240,314,3292554,75854875,21.4,8.9,13,False,False,789,sin_control,False,False,13
9977,0,0,23,3302646,313,3302959,77060956,21.7,7.7,16,False,False,789,sin_control,False,False,13
9977,0,0,23,3315886,317,3316203,78412570,22.2,1.4,16,False,False,789,sin_control,False,False,13
9978,0,0,22,3329047,322,3329369,79527753,22.4,1.7,16,False,False,789,sin_control,False,False,13
9978,0,0,22,3342963,325,3343288,80561636,20.7,6.7,17,False,False,789,sin_control,False,False,13
9978,0,0,22,3358320,331,3358651,81452095,22.5,1.9,10,False,False,789,sin_control,False,False,13
9979,0,0,21,3373653,321,3373974,82300472,23.3,0.0,10,False,False,789,sin_control,False,False,13
9979,0,0,21,3389065,308,3389373,83064713,22.2,14.0,17,False,False,789,sin_control,False,False,13
9979,0,0,21,3404635,311,3404946,83781998,22.1,0.0,13,False,False,789,sin_control,False,False,13
9980,0,0,20,3423111,321,3423432,84730130,21.0,31.0,25,False,False,789,sin_control,False,False,13
9980,0,0,20,3441932,296,3442228,85816224,22.0,0.0,25,False,False,789,sin_control,False,False,13
9980,0,0,20,3459435,294,3459729,86742801,21.0,3.9,25,False,False,789,sin_control,False,False,13
9980,0,0,20,3474640,290,3474930,87582308,21.9,13.6,28,False,False,789,sin_control,False,False,13
9980,0,0,20,3487981,292,3488273,88377005,20.5,22.6,39,False,False,789,sin_control,False,False,13
9980,0,0,20,3500515,294,3500809,89139946,20.5,24.8,51,False,False,789,sin_control,False,False,13
9981,0,0,19,3511584,276,3511860,85919126,20.8,7.7,47,False,False,789,sin_control,False,False,13
9982,0,0,18,3521991,269,3522260,87021410,20.6,1.2,47,False,False,789,sin_control,False,False,13
9982,0,0,18,3532172,252,3532424,88025060,21.7,11.2,37,False,False,789,sin_control,False,False,13
9982,0,0,18,3542715,242,3542957,88944370,20.4,18.0,46,False,False,789,sin_control,False,False,13
9983,0,0,17,3552813,242,3553055,89752303,20.6,4.9,46,False,False,789,sin_control,False,False,13
9983,0,0,17,3286732,221,3286953,86971430,21.5,2.0,40,False,False,789,sin_control,False,False,13
9983,0,0,17,3548131,224,3548355,86802645,20.7,0.0,29,False,False,789,sin_control,False,False,13
9983,0,0,17,3557310,220,3557530,87452426,22.4,0.0,17,False,False,789,sin_control,False,False,13
9983,0,0,17,3565519,204,3565723,88025352,22.3,0.0,14,False,False,789,sin_control,False,False,13
9983,0,0,17,3573745,201,3573946,82165800,21.9,0.0,14,False,False,789,sin_control,False,False,13
9983,0,0,17,3580630,198,3580828,77450545,21.3,6.4,12,False,False,789,sin_control,False,False,13
9983,0,0,17,3586322,185,3586507,73536097,19.9,7.2,6,False,False,789,sin_control,False,False,13
9984,0,0,16,3590727,178,3590905,70261868,19.8,2.4,6,False,False,789,sin_control,False,False,13
9984,0,0,16,3594259,179,3594438,67571975,20.5,0.0,6,False,False,789,sin_control,False,False,13
9983,1,0,16,3597233,179,3597412,65279476,21.3,1.7,6,False,False,789,sin_control,False,False,13
9983,1,0,16,3599623,172,3599795,63414894,22.6,3.3,6,False,False,789,sin_control,False,False,13
9983,1,0,16,3601718,157,3601875,61806626,21.0,0.5,6,False,False,789,sin_control,False,False,13
9983,1,0,16,3603069,149,3603218,60411898,20.4,0.0,6,False,False,789,sin_control,False,False,13
9983,0,1,16,3604134,144,3604278,50239135,20.8,1.7,3,False,False,789,sin_control,False,False,13
9983,0,1,16,3602902,134,3603036,50922650,21.6,6.1,3,False,False,789,sin_control,False,False,13
9983,0,1,16,3599263,130,3599393,51019885,19.7,7.3,6,False,False,789,sin_control,False,False,13
9983,0,1,16,3597171,167,3597338,55017569,21.1,39.1,25,False,False,789,sin_control,False,False,13
9983,0,1,16,3595070,158,3595228,58436000,21.9,0.0,25,False,False,789,sin_control,False,False,13
9983,0,1,16,3593944,150,3594094,61350717,21.4,0.0,25,False,False,789,sin_control,False,False,13
9983,0,1,16,3594684,142,3594826,63918181,20.7,9.9,29,False,False,789,sin_control,False,False,13
9983,0,1,16,3596755,131,3596886,66188227,20.2,7.4,32,False,False,789,sin_control,False,False,13
9983,0,0,17,3599504,121,3599625,68195866,21.5,4.7,32,False,False,789,sin_control,False,False,13
9983,0,0,17,3603207,118,3603325,69991639,22.1,13.7,35,False,False,789,sin_control,False,False,13
9983,0,0,17,3607470,108,3607578,71649741,21.7,12.1,38,False,False,789,sin_control,False,False,13
9983,0,0,17,3612036,106,3612142,73136663,20.8,21.8,29,False,False,789,sin_control,False,False,13
9983,0,0,17,3616926,140,3617066,71328812,20.6,38.6,48,False,False,789,sin_control,False,False,13
9983,0,0,17,3622127,139,3622266,73060274,20.6,0.0,48,False,False,789,sin_control,False,False,13
9983,0,0,17,3627364,131,3627495,71426361,20.8,11.1,49,False,False,789,sin_control,False,False,13
9983,0,0,17,3634504,124,3634628,73778806,21.0,0.0,46,False,False,789,sin_control,False,False,13
9984,0,0,16,3641083,125,3641208,75873116,20.5,7.7,49,False,False,789,sin_control,False,False,13
9984,0,0,16,3646963,128,3647091,77771107,21.6,6.1,46,False,False,789,sin_control,False,False,13
9984,0,0,16,3651670,152,3651822,79458194,19.9,9.5,44,False,False,789,sin_control,False,False,13
9984,0,0,16,3655983,153,3656136,80881114,19.9,13.5,40,False,False,789,sin_control,False,False,13
9984,0,0,16,3659198,150,3659348,82141775,19.5,5.9,23,False,False,789,sin_control,False,False,13
9984,0,0,16,3662400,146,3662546,83220535,20.6,2.0,23,False,False,789,sin_control,False,False,13
9984,0,0,16,3665492,141,3665633,84197620,19.6,2.3,18,False,False,789,sin_control,False,False,13
9984,0,0,16,3668543,143,3668686,85064585,20.5,0.0,18,False,False,789,sin_control,False,False,13
9984,0,0,16,3671332,148,3671480,85796281,21.2,0.0,15,False,False,789,sin_control,False,False,13
9984,0,0,16,3674047,135,3674182,86471731,21.6,3.1,12,False,False,789,sin_control,False,False,13
9984,0,0,16,3676690,137,3676827,80700897,22.3,1.8,8,False,False,789,sin_control,False,False,13
9984,0,0,16,3679089,147,3679236,76158600,20.4,12.2,8,False,False,789,sin_control,False,False,13
9984,0,0,16,3680975,145,3681120,72455500,21.8,3.6,6,False,False,789,sin_control,False,False,13
9984,0,0,16,3682821,143,3682964,74860489,21.1,6.7,9,False,False,789,sin_control,False,False,13
9984,0,0,16,3685334,139,3685473,77031511,21.2,8.1,13,False,False,789,sin_control,False,False,13
9984,1,0,15,3687990,132,3688122,78886654,21.3,3.6,13,False,False,789,sin_control,False,False,13
9984,1,0,15,3690725,128,3690853,80533051,21.2,11.5,18,False,False,789,sin_control,False,False,13
9984,1,0,15,3693508,142,3693650,81955379,21.3,26.0,31,False,False,789,sin_control,False,False,13
9984,1,0,15,3696825,141,3696966,83187740,20.4,18.5,40,False,False,789,sin_control,False,False,13
9984,0,1,15,3699902,140,3700042,84243945,20.4,15.2,41,False,False,789,sin_control,False,False,13
9984,0,1,15,3703174,180,3703355,81414068,21.3,35.2,58,False,False,789,sin_control,False,False,13
9984,0,1,15,3706250,175,3706429,78992461,20.6,11.9,60,False,False,789,sin_control,False,False,13
9984,0,1,15,3708784,165,3708960,76970037,20.3,10.0,61,False,False,789,sin_control,False,False,13
9984,0,1,15,3710978,163,3711165,75209215,21.9,0.0,61,False,False,789,sin_control,False,False,13
9984,0,1,15,3712924,158,3713127,77018071,22.0,7.6,59,False,False,789,sin_control,False,False,13
9984,0,1,15,3715362,151,3715567,78781451,21.7,0.0,46,False,False,789,sin_control,False,False,13
9984,0,1,15,3718675,148,3718870,80494564,19.1,1.4,37,False,False,789,sin_control,False,False,13
9984,0,0,16,3722919,149,3723106,82117811,20.9,3.9,30,False,False,789,sin_control,False,False,13
9984,0,0,16,3726859,149,3727033,83489946,21.6,10.1,18,False,False,789,sin_control,False,False,13
9984,0,0,16,3730323,140,3730478,84714696,21.0,6.4,16,False,False,789,sin_control,False,False,13
9984,0,0,16,3733519,132,3733660,85737261,20.7,11.9,16,False,False,789,sin_control,False,False,13
9984,0,0,16,3736607,130,3736742,86675347,21.6,10.1,21,False,False,789,sin_control,False,False,13
9985,0,0,15,3739558,129,3739689,87470443,21.5,3.2,18,False,False,789,sin_control,False,False,13
9986,0,0,14,3742421,131,3742552,88164360,21.2,15.0,25,False,False,789,sin_control,False,False,13
9986,0,0,14,3745283,137,3745420,88763555,20.7,0.0,25,False,False,789,sin_control,False,False,13
9986,0,0,14,3748521,158,3748679,89436541,21.0,7.1,28,False,False,789,sin_control,False,False,13
9986,0,0,14,3751814,157,3751971,90142307,20.4,13.9,29,False,False,789,sin_control,False,False,13
9986,0,0,14,3755481,159,3755640,90882054,20.9,9.7,30,False,False,789,sin_control,False,False,13
9986,0,0,14,3758964,165,3759129,91618138,19.5,10.7,30,False,False,789,sin_control,False,False,13
9986,0,0,14,3761964,165,3762129,92245874,20.1,3.5,25,False,False,789,sin_control,False,False,13
9986,0,0,14,3764911,161,3765072,92854632,20.0,2.9,25,False,False,789,sin_control,False,False,13
9986,0,0,14,3767533,158,3767691,93418805,20.9,0.0,18,False,False,789,sin_control,False,False,13
9986,0,0,14,3770304,160,3770464,93977265,19.8,2.7,18,False,False,789,sin_control,False,False,13
9986,0,0,14,3772810,150,3772960,94461376,20.7,6.2,18,False,False,789,sin_control,False,False,13
9986,0,0,14,3775087,161,3775248,94890297,21.0,6.8,15,False,False,789,sin_control,False,False,13
9986,0,0,14,3777487,154,3777641,88247900,20.8,1.8,11,False,False,789,sin_control,False,False,13
9986,0,0,14,3779533,149,3779682,82841802,18.9,0.8,6,False,False,789,sin_control,False,False,13
9986,0,0,14,3781115,152,3781267,78406961,20.5,0.0,6,False,False,789,sin_control,False,False,13
9986,0,0,14,3497373,134,3497507,72154454,20.2,2.7,6,False,False,789,sin_control,False,False,13
9985,1,0,14,3782769,130,3782899,70808280,21.3,6.2,9,False,False,789,sin_control,False,False,13
9985,1,0,14,3783854,122,3783976,68401808,21.4,2.0,9,False,False,789,sin_control,False,False,13
9985,1,0,14,3784562,123,3784685,71480912,21.4,16.0,14,False,False,789,sin_control,False,False,13
9985,1,0,14,3785511,129,3785640,74099923,21.6,0.0,11,False,False,789,sin_control,False,False,13
9985,0,1,14,3786605,128,3786733,76376376,21.0,0.2,11,False,False,789,sin_control,False,False,13
9985,0,1,14,3787964,131,3788104,78291952,22.8,0.0,11,False,False,789,sin_control,False,False,13
9985,0,1,14,3789388,132,3789532,79913694,22.5,1.9,11,False,False,789,sin_control,False,False,13
9985,0,1,14,3791093,125,3791231,75375429,21.6,0.0,11,False,False,789,sin_control,False,False,13
9985,0,1,14,3792316,123,3792460,71702012,21.8,0.2,8,False,False,789,sin_control,False,False,13
9985,0,1,14,3793195,110,3793323,58074738,20.7,0.3,8,False,False,789,sin_control,False,False,13
9985,0,1,14,3796788,112,3796922,50827502,22.5,0.0,0,False,False,789,sin_control,False,False,13
9985,0,1,14,3796942,113,3797082,44557862,22.4,0.5,0,False,False,789,sin_control,False,False,13
9985,0,0,15,3796344,119,3796489,40377077,23.1,1.3,0,False,False,789,sin_control,False,False,13
9985,0,0,15,3768169,114,3768306,37289642,22.5,0.0,0,False,False,789,sin_control,False,False,13
9985,0,0,15,3776378,103,3776499,35387964,21.6,0.6,0,False,False,789,sin_control,False,False,13
9985,0,0,15,3703403,98,3703518,34021822,21.6,0.2,0,False,False,789,sin_control,False,False,13
9985,0,0,15,3578223,93,3578331,32797364,20.7,1.6,0,False,False,789,sin_control,False,False,13
9985,0,0,15,3421615,91,3421718,31539448,21.6,0.0,0,False,False,789,sin_control,False,False,13
9985,0,0,15,3248318,84,3248410,30211037,20.9,5.4,2,False,False,789,sin_control,False,False,13
9985,0,0,15,3065610,78,3065695,28795441,21.9,1.9,2,False,False,789,sin_control,False,False,13
9986,0,0,14,2880735,73,2880815,31631331,21.7,11.6,7,False,False,789,sin_control,False,False,13
9998,0,2,0,2000,3000,5000,2000,25.0,0.0,0,False,False,789,lsm,True,False,14
9998,0,2,0,1863,2770,4633,16747,21.5,2.3,0,False,False,789,lsm,True,False,14
9998,0,2,0,1725,2557,4282,23617,22.3,0.0,0,False,False,789,lsm,True,False,14
9997,1,2,0,1602,2371,3973,28123,22.3,0.0,0,False,False,789,lsm,True,False,14
9997,1,2,0,1468,2190,3658,29625,21.8,0.0,0,False,False,789,lsm,True,False,14
9997,1,2,0,1354,2016,3370,29326,21.6,0.0,0,False,False,789,lsm,True,False,14
9997,1,2,0,1241,1855,3096,28177,19.5,0.2,0,False,False,789,lsm,True,False,14
9997,0,3,0,1153,1708,2861,11743,20.1,1.7,0,True,False,789,lsm,True,False,14
9996,1,1,2,1072,1564,2636,16481,21.8,0.3,0,True,False,789,lsm,True,False,14
9996,1,1,2,994,1458,2452,18219,21.7,0.0,0,True,False,789,lsm,True,False,14
9996,1,1,2,925,1363,2288,18994,21.0,0.0,0,True,False,789,lsm,True,False,14
9995,2,1,2,858,1270,2128,18831,19.8,7.2,3,True,False,789,lsm,True,False,14
9995,1,2,2,771,1176,1947,20207,21.2,8.0,7,True,False,789,lsm,True,False,14
9995,1,2,2,702,1057,1760,21161,20.1,5.1,9,True,False,789,lsm,True,False,14
9995,1,2,2,651,979,1630,9322,20.6,3.5,9,True,False,789,lsm,True,False,14
9995,0,2,3,595,892,1487,12606,21.0,1.7,9,True,False,789,lsm,True,False,14
9995,0,2,3,549,827,1376,14849,20.8,3.8,9,True,False,789,lsm,True,False,14
9994,1,2,3,522,781,1303,17203,21.9,0.5,9,True,False,789,lsm,True,False,14
9994,1,2,3,495,716,1211,17314,21.3,0.3,9,True,False,789,lsm,True,False,14
9994,1,2,3,469,663,1132,16764,21.9,0.1,6,True,False,789,lsm,True,False,14
9994,2,1,3,456,609,1065,14464,24.0,0.0,2,True,False,789,lsm,True,False,14
9994,1,2,3,456,577,1033,5406,23.1,0.3,0,True,False,789,lsm,True,False,14
9994,1,2,3,448,528,976,7011,21.4,1.6,0,True,False,789,lsm,True,False,14
9994,1,1,4,430,503,933,7300,22.8,0.0,0,True,False,789,lsm,True,False,14
9994,0,2,4,418,469,887,7159,21.2,3.8,0,True,False,789,lsm,True,False,14
9993,1,2,4,397,452,849,7027,22.3,0.0,0,True,False,789,lsm,True,False,14
9993,1,2,4,380,506,886,9082,22.4,52.3,26,True,False,789,lsm,True,False,14
9992,2,2,4,356,466,822,10563,22.4,0.0,26,True,False,789,lsm,True,False,14
9992,2,2,4,348,441,789,5065,21.3,24.9,38,True,False,789,lsm,True,False,14
9992,1,2,5,329,408,737,6490,21.2,0.0,38,True,False,789,lsm,True,False,14
9992,1,2,5,321,383,704,7406,19.9,8.1,42,True,False,789,lsm,True,False,14
9992,0,3,5,303,354,657,8178,21.1,0.0,42,True,False,789,lsm,True,False,14
9992,0,2,6,290,339,629,8943,21.1,0.4,42,True,False,789,lsm,True,False,14
9992,0,2,6,275,311,586,9576,23.0,0.0,42,True,False,789,lsm,True,False,14
9992,0,2,6,259,287,546,10102,22.4,0.0,16,True,False,789,lsm,True,False,14
9992,0,2,6,254,275,529,4011,21.6,9.9,20,True,False,789,lsm,True,False,14
9992,0,2,6,266,266,532,5101,21.2,0.8,8,True,False,789,lsm,True,False,14
9992,0,1,7,277,337,614,6215,20.1,50.0,33,True,False,789,lsm,True,False,14
9992,0,1,7,277,321,598,7326,19.9,7.5,32,True,False,789,lsm,True,False,14
9992,0,0,8,260,288,548,8175,19.6,21.2,42,True,False,789,lsm,True,False,14
9992,0,0,8,277,275,552,8642,21.3,0.0,42,True,False,789,lsm,True,False,14
9992,0,0,8,282,274,556,9253,21.0,2.4,42,True,False,789,lsm,True,False,14
9992,0,0,8,303,264,567,4273,22.8,0.0,42,True,False,789,lsm,True,False,14
9992,0,0,8,314,260,574,5466,22.9,0.0,38,True,False,789,lsm,True,False,14
9992,0,0,8,323,246,569,6691,20.7,5.5,40,True,False,789,lsm,True,False,14
9992,0,0,8,325,237,562,7420,21.7,2.0,15,True,False,789,lsm,True,False,14
9992,0,0,8,346,228,574,7618,21.2,1.0,12,True,False,789,lsm,True,False,14
9992,0,0,8,345,222,567,7609,23.2,0.0,2,True,False,789,lsm,True,False,14
9992,0,0,8,344,209,553,7831,22.7,7.2,5,True,False,789,lsm,True,False,14
9992,0,0,8,335,202,537,3371,21.7,2.0,5,True,False,789,lsm,True,False,14
9992,0,0,8,343,185,528,4648,20.6,10.9,10,True,False,789,lsm,True,False,14
9992,0,0,8,327,179,506,5150,20.8,1.2,10,True,False,789,lsm,True,False,14
9992,0,0,8,314,175,489,5702,22.5,0.0,8,True,False,789,lsm,True,False,14
9992,0,0,8,314,166,480,6266,22.8,5.8,10,True,False,789,lsm,True,False,14
9992,0,0,8,302,160,462,6609,21.4,16.4,18,True,False,789,lsm,True,False,14
9992,0,0,8,306,155,461,7216,21.5,7.8,21,True,False,789,lsm,True,False,14
9992,0,0,8,303,152,455,3231,22.8,0.0,18,True,False,789,lsm,True,False,14
9992,0,0,8,311,227,538,4320,20.5,49.0,42,True,False,789,lsm,True,False,14
9992,0,0,8,303,213,516,5500,20.5,8.9,41,True,False,789,lsm,True,False,14
9992,0,0,8,297,195,492,6228,21.3,8.3,45,True,False,789,lsm,True,False,14
9992,0,0,8,296,189,485,6576,20.0,18.6,54,True,False,789,lsm,True,False,14
9992,0,0,8,300,178,478,6735,20.5,8.3,56,True,False,789,lsm,True,False,14
9992,0,0,8,302,165,467,7244,20.6,5.0,50,True,False,789,lsm,True,False,14
9993,0,0,7,320,154,474,3578,21.6,0.8,47,True,False,789,lsm,True,False,14
9993,0,0,7,316,146,462,4512,20.7,5.1,49,True,False,789,lsm,True,False,14
9993,0,0,7,296,135,431,5165,20.2,14.0,32,True,False,789,lsm,True,False,14
9993,0,0,7,284,129,413,5706,20.4,3.3,28,True,False,789,lsm,True,False,14
9993,0,0,7,274,122,396,5841,21.8,0.0,24,True,False,789,lsm,True,False,14
9993,0,0,7,266,116,382,6368,21.1,0.0,15,True,False,789,lsm,True,False,14
9993,0,0,7,274,109,383,6807,22.1,4.1,11,True,False,789,lsm,True,False,14
9993,0,0,7,270,99,369,3039,21.1,11.0,14,True,False,789,lsm,True,False,14
9993,0,0,7,259,92,351,3765,21.4,0.8,14,True,False,789,lsm,True,False,14
9993,0,0,7,257,93,350,4216,21.7,0.3,12,True,False,789,lsm,True,False,14
9993,0,0,7,267,96,363,4815,20.9,17.0,13,True,False,789,lsm,True,False,14
9993,0,0,7,264,96,360,5443,22.7,0.0,13,True,False,789,lsm,True,False,14
9993,0,0,7,270,90,360,5802,21.0,1.5,13,True,False,789,lsm,True,False,14
9993,0,0,7,307,90,397,5841,22.6,0.0,13,True,False,789,lsm,True,False,14
9993,0,0,7,317,85,402,2298,21.8,4.3,13,True,False,789,lsm,True,False,14
9993,0,0,7,309,176,485,3553,22.6,50.0,33,True,False,789,lsm,True,False,14
9993,0,0,7,298,162,460,4429,21.4,3.9,33,True,False,789,lsm,True,False,14
9992,1,0,7,293,153,446,5405,21.7,2.4,33,True,False,789,lsm,True,False,14
9991,2,0,7,296,134,430,5647,23.9,0.0,25,True,False,789,lsm,True,False,14
9991,2,0,7,295,127,422,5994,21.7,4.5,25,True,False,789,lsm,True,False,14
9991,2,0,7,283,119,402,6498,22.8,1.0,25,True,False,789,lsm,True,False,14
9991,1,1,7,281,113,394,3290,22.3,7.1,28,True,False,789,lsm,True,False,14
9991,0,2,7,280,106,386,3701,21.6,0.0,28,True,False,789,lsm,True,False,14
9991,0,2,7,278,102,380,4442,20.8,13.9,9,True,False,789,lsm,True,False,14
9991,0,2,7,285,101,386,5055,21.2,15.5,16,True,False,789,lsm,True,False,14
9992,0,2,6,292,99,391,5405,22.0,0.8,16,True,False,789,lsm,True,False,14
9992,0,2,6,286,87,373,6042,21.8,0.0,16,True,False,789,lsm,True,False,14
9992,0,2,6,274,82,356,6338,22.1,3.0,16,True,False,789,lsm,True,False,14
9992,0,2,6,273,83,356,3050,21.9,19.7,25,True,False,789,lsm,True,False,14
9993,0,1,6,277,82,359,3502,21.7,11.8,27,True,False,789,lsm,True,False,14
9993,0,0,7,284,170,454,4148,21.3,61.0,57,True,False,789,lsm,True,False,14
9993,0,0,7,287,157,444,5079,21.4,4.0,51,True,False,789,lsm,True,False,14
9993,0,0,7,284,145,429,5482,22.7,0.0,44,True,False,789,lsm,True,False,14
9993,0,0,7,294,141,435,5700,21.2,19.1,53,True,False,789,lsm,True,False,14
9993,0,0,7,303,133,436,5904,22.2,8.9,57,True,False,789,lsm,True,False,14
9993,0,0,7,293,134,427,2777,21.6,23.7,68,True,False,789,lsm,True,False,14
9993,0,0,7,293,120,413,3397,23.0,0.0,59,True,False,789,lsm,True,False,14
9993,0,0,7,291,118,409,4299,23.2,0.0,54,True,False,789,lsm,True,False,14
9993,0,0,7,300,111,411,4998,21.8,4.7,24,True,False,789,lsm,True,False,14
9994,0,0,6,293,104,397,5301,21.7,1.7,24,True,False,789,lsm,True,False,14
9994,0,0,6,288,193,481,6001,23.3,52.3,50,True,False,789,lsm,True,False,14
9995,0,0,5,284,182,466,6589,23.2,0.0,41,True,False,789,lsm,True,False,14
9995,0,0,5,274,167,441,3120,22.4,8.7,41,True,False,789,lsm,True,False,14
9995,0,0,5,261,159,420,3956,20.4,2.0,30,True,False,789,lsm,True,False,14
9995,0,0,5,263,147,410,4599,21.5,4.1,30,True,False,789,lsm,True,False,14
9995,0,0,5,282,134,416,5257,19.4,0.0,30,True,False,789,lsm,True,False,14
9995,0,0,5,285,130,415,5468,20.3,19.1,39,True,False,789,lsm,True,False,14
9995,0,0,5,283,167,450,6249,20.2,37.1,57,True,False,789,lsm,True,False,14
9995,0,0,5,291,185,476,6428,19.0,31.1,46,True,False,789,lsm,True,False,14
9995,0,0,5,307,176,483,3100,20.3,1.8,46,True,False,789,lsm,True,False,14
9995,0,0,5,311,161,472,4265,21.9,0.0,42,True,False,789,lsm,True,False,14
9996,0,0,4,288,149,437,5062,19.7,4.7,42,True,False,789,lsm,True,False,14
9996,0,0,4,288,136,424,5613,21.0,8.6,46,True,False,789,lsm,True,False,14
9996,0,0,4,269,128,397,5862,22.9,0.0,46,True,False,789,lsm,True,False,14
9996,0,0,4,276,118,394,6558,20.6,2.0,37,True,False,789,lsm,True,False,14
9996,0,0,4,268,111,379,6262,21.3,3.9,19,True,False,789,lsm,True,False,14
9996,0,0,4,288,106,394,2297,22.5,2.0,4,True,False,789,lsm,True,False,14
9996,0,0,4,269,98,367,3103,22.4,8.9,8,True,False,789,lsm,True,False,14
9996,0,0,4,273,92,365,3967,22.5,0.0,8,True,False,789,lsm,True,False,14
9996,0,0,4,270,91,361,4178,22.8,0.0,8,True,False,789,lsm,True,False,14
9996,0,0,4,269,86,355,4519,22.9,2.2,4,True,False,789,lsm,True,False,14
9996,0,0,4,268,86,354,4708,22.0,2.0,4,True,False,789,lsm,True,False,14
9996,0,0,4,273,75,348,4689,20.7,4.1,4,True,False,789,lsm,True,False,14
9996,0,0,4,274,78,352,1955,19.9,1.4,4,True,False,789,lsm,True,False,14
9996,0,0,4,276,72,348,2530,21.1,0.5,4,True,False,789,lsm,True,False,14
9996,0,0,4,259,67,326,2922,21.8,7.1,3,True,False,789,lsm,True,False,14
9996,0,0,4,256,63,319,3186,22.2,0.3,3,True,False,789,lsm,True,False,14
9996,0,0,4,239,61,300,3849,21.7,10.9,8,True,False,789,lsm,True,False,14
9996,0,0,4,228,55,283,4003,22.0,5.1,10,True,False,789,lsm,True,False,14
9996,0,0,4,211,48,259,4588,21.8,5.3,12,True,False,789,lsm,True,False,14
9996,0,0,4,198,44,242,1953,22.3,0.0,12,True,False,789,lsm,True,False,14
9996,0,0,4,196,42,238,2396,21.5,3.0,12,True,False,789,lsm,True,False,14
9996,0,0,4,201,39,240,2896,23.3,2.0,12,True,False,789,lsm,True,False,14
9996,0,0,4,198,35,233,2949,22.6,1.0,9,True,False,789,lsm,True,False,14
9996,0,0,4,200,32,232,3116,21.2,0.0,9,True,False,789,lsm,True,False,14
9996,0,0,4,191,32,223,3289,20.7,6.9,7,True,False,789,lsm,True,False,14
9996,0,0,4,177,31,208,3300,22.2,0.0,5,True,False,789,lsm,True,False,14
9996,0,0,4,180,30,210,1365,21.5,3.2,3,True,False,789,lsm,True,False,14
9996,0,0,4,183,30,213,1800,22.2,7.0,6,True,False,789,lsm,True,False,14
9996,0,0,4,183,29,212,2085,23.9,0.5,6,True,False,789,lsm,True,False,14
9996,0,0,4,179,31,210,2286,22.5,7.9,9,True,False,789,lsm,True,False,14
9996,0,0,4,183,31,214,2606,20.5,6.0,12,True,False,789,lsm,True,False,14
9996,0,0,4,183,30,213,2619,21.1,0.0,12,True,False,789,lsm,True,False,14
9996,0,0,4,189,29,218,2913,21.8,1.0,9,True,False,789,lsm,True,False,14
9996,0,0,4,184,28,212,1288,22.1,0.0,9,True,False,789,lsm,True,False,14
9996,0,0,4,180,29,209,1536,20.7,15.3,16,True,False,789,lsm,True,False,14
9996,0,0,4,177,27,204,1982,22.7,0.8,13,True,False,789,lsm,True,False,14
9996,0,0,4,166,25,191,2100,21.9,1.0,13,True,False,789,lsm,True,False,14
9996,0,0,4,162,23,185,2277,22.1,0.3,10,True,False,789,lsm,True,False,14
9996,0,0,4,151,25,176,2334,20.6,18.2,16,True,False,789,lsm,True,False,14
9996,0,0,4,150,24,174,2554,20.7,1.0,16,True,False,789,lsm,True,False,14
9996,0,0,4,144,21,165,1147,20.5,10.9,21,True,False,789,lsm,True,False,14
9996,0,0,4,140,19,159,1294,20.4,1.7,21,True,False,789,lsm,True,False,14
9996,0,0,4,145,20,165,1539,20.8,8.7,18,True,False,789,lsm,True,False,14
9996,0,0,4,142,19,161,1934,21.5,0.3,18,True,False,789,lsm,True,False,14
9996,0,0,4,139,18,157,2183,19.9,6.0,21,True,False,789,lsm,True,False,14
9996,0,0,4,142,16,158,2448,20.0,14.3,28,True,False,789,lsm,True,False,14
9996,0,0,4,143,29,172,2592,20.3,25.5,31,True,False,789,lsm,True,False,14
9996,0,0,4,138,45,183,1154,20.3,26.8,44,True,False,789,lsm,True,False,14
9996,0,0,4,132,40,172,1503,21.6,0.0,39,True,False,789,lsm,True,False,14
9996,0,0,4,125,40,165,1644,20.6,20.2,49,True,False,789,lsm,True,False,14
9996,0,0,4,125,38,163,1738,20.5,10.9,50,True,False,789,lsm,True,False,14
9996,0,0,4,129,36,165,1797,19.7,5.0,52,True,False,789,lsm,True,False,14
9996,0,0,4,135,35,170,1984,20.6,11.8,54,True,False,789,lsm,True,False,14
9996,0,0,4,135,33,168,2152,19.1,10.4,52,True,False,789,lsm,True,False,14
9996,0,0,4,130,29,159,912,19.9,13.5,46,True,False,789,lsm,True,False,14
9996,0,0,4,121,29,150,1527,20.2,0.0,33,True,False,789,lsm,True,False,14
9996,0,0,4,116,29,145,1611,20.4,1.0,33,True,False,789,lsm,True,False,14
9996,0,0,4,117,29,146,1766,20.0,4.1,23,True,False,789,lsm,True,False,14
9996,0,0,4,114,28,142,1918,21.2,2.3,18,True,False,789,lsm,True,False,14
9996,0,0,4,122,28,150,2244,22.6,1.0,16,True,False,789,lsm,True,False,14
9996,0,0,4,124,24,148,2400,21.1,4.1,11,True,False,789,lsm,True,False,14
9996,0,0,4,123,23,146,969,19.8,5.1,8,True,False,789,lsm,True,False,14
9996,0,0,4,113,21,134,1388,20.6,6.1,5,True,False,789,lsm,True,False,14
9996,0,0,4,102,19,121,1547,20.0,10.6,10,True,False,789,lsm,True,False,14
9996,0,0,4,98,17,115,1667,21.6,0.0,10,True,False,789,lsm,True,False,14
9996,0,0,4,104,15,119,1830,21.4,0.5,10,True,False,789,lsm,True,False,14
9996,0,0,4,102,12,114,1996,21.0,8.3,14,True,False,789,lsm,True,False,14
9996,0,0,4,97,24,121,2067,20.7,24.7,26,True,False,789,lsm,True,False,14
9996,0,0,4,97,25,122,1102,21.1,10.7,31,True,False,789,lsm,True,False,14
9996,0,0,4,93,25,118,1310,22.8,1.4,29,True,False,789,lsm,True,False,14
9996,0,0,4,97,23,120,1499,22.7,0.6,26,True,False,789,lsm,True,False,14
9996,0,0,4,106,25,131,1556,21.4,10.5,26,True,False,789,lsm,True,False,14
9996,0,0,4,107,25,132,1793,21.9,9.8,30,True,False,789,lsm,True,False,14
9996,0,0,4,113,22,135,1974,22.7,5.1,32,True,False,789,lsm,True,False,14
9996,0,0,4,107,19,126,2053,20.5,3.8,28,True,False,789,lsm,True,False,14
9996,0,0,4,112,19,131,829,21.9,1.2,16,True,False,789,lsm,True,False,14
9996,0,0,4,105,18,123,1185,22.6,3.2,11,True,False,789,lsm,True,False,14
9996,0,0,4,109,18,127,1401,20.3,12.4,17,True,False,789,lsm,True,False,14
9996,0,0,4,109,52,161,1767,20.8,33.8,33,True,False,789,lsm,True,False,14
9996,0,0,4,106,47,153,1941,20.8,4.9,28,True,False,789,lsm,True,False,14
9996,0,0,4,109,45,154,2165,21.5,5.5,26,True,False,789,lsm,True,False,14
9996,0,0,4,110,41,151,2329,22.6,2.5,24,True,False,789,lsm,True,False,14
9996,0,0,4,118,36,154,1126,22.9,9.7,28,True,False,789,lsm,True,False,14
9996,0,0,4,123,35,158,1528,21.3,1.0,28,True,False,789,lsm,True,False,14
9996,0,0,4,126,32,158,1738,21.7,0.5,28,True,False,789,lsm,True,False,14
9996,0,0,4,114,30,144,2000,21.2,0.5,22,True,False,789,lsm,True,False,14
9996,0,0,4,119,28,147,2163,22.4,0.0,6,True,False,789,lsm,True,False,14
9996,0,0,4,124,23,147,2266,21.9,3.0,6,True,False,789,lsm,True,False,14
9996,0,0,4,121,21,142,2084,21.8,2.0,4,True,False,789,lsm,True,False,14
9996,0,0,4,115,21,136,706,22.0,0.0,4,True,False,789,lsm,True,False,14
9996,0,0,4,114,20,134,719,22.3,0.5,0,True,False,789,lsm,True,False,14
9996,0,0,4,116,19,135,981,21.6,0.5,0,True,False,789,lsm,True,False,14
9996,0,0,4,107,19,126,1143,20.6,4.1,0,True,False,789,lsm,True,False,14
9996,0,0,4,97,21,118,1326,20.2,16.6,8,True,False,789,lsm,True,False,14
9996,0,0,4,100,19,119,1378,21.1,14.0,15,True,False,789,lsm,True,False,14
9996,0,0,4,95,18,113,1366,21.4,1.3,15,True,False,789,lsm,True,False,14
9996,0,0,4,93,18,111,758,23.3,0.0,15,True,False,789,lsm,True,False,14
9996,0,0,4,88,18,106,890,22.7,0.0,15,True,False,789,lsm,True,False,14
9996,0,0,4,81,16,97,1110,22.2,2.0,15,True,False,789,lsm,True,False,14
9996,0,0,4,76,14,90,1339,21.7,1.0,15,True,False,789,lsm,True,False,14
9996,0,0,4,72,13,85,1460,21.1,7.1,18,True,False,789,lsm,True,False,14
9996,0,0,4,68,13,81,1302,21.3,11.7,15,True,False,789,lsm,True,False,14
9996,0,0,4,66,12,78,1233,22.0,6.1,11,True,False,789,lsm,True,False,14
9997,0,0,3,62,25,87,566,21.0,25.9,23,True,False,789,lsm,True,False,14
9997,0,0,3,64,22,86,704,21.1,2.4,23,True,False,789,lsm,True,False,14
9997,0,0,3,76,21,97,886,22.9,0.0,23,True,False,789,lsm,True,False,14
9997,0,0,3,78,19,97,1246,23.2,1.7,23,True,False,789,lsm,True,False,14
9997,0,0,3,78,18,96,1282,21.3,5.6,25,True,False,789,lsm,True,False,14
9997,0,0,3,79,18,97,1308,21.6,3.6,22,True,False,789,lsm,True,False,14
9997,0,0,3,75,19,94,1462,22.3,16.9,25,True,False,789,lsm,True,False,14
9997,0,0,3,88,19,107,773,21.7,0.0,22,True,False,789,lsm,True,False,14
9997,0,0,3,91,16,107,980,21.4,14.9,17,True,False,789,lsm,True,False,14
9997,0,0,3,86,15,101,1154,21.4,8.6,21,True,False,789,lsm,True,False,14
9997,0,0,3,87,18,105,1318,20.4,18.0,30,True,False,789,lsm,True,False,14
9997,0,0,3,86,14,100,1452,20.6,0.0,30,True,False,789,lsm,True,False,14
9997,0,0,3,83,13,96,1498,21.7,0.4,28,True,False,789,lsm,True,False,14
9997,0,0,3,78,10,88,1573,22.1,2.3,28,True,False,789,lsm,True,False,14
9998,0,0,2,82,10,92,600,22.7,5.9,22,True,False,789,lsm,True,False,14
9998,0,0,2,74,7,81,829,20.8,7.1,25,True,False,789,lsm,True,False,14
9998,0,0,2,72,6,78,1061,21.1,0.0,18,True,False,789,lsm,True,False,14
9998,0,0,2,79,7,86,1033,21.1,6.5,17,True,False,789,lsm,True,False,14
9998,0,0,2,75,8,83,1051,21.4,9.5,12,True,False,789,lsm,True,False,14
9998,0,0,2,74,7,81,1115,22.2,1.4,12,True,False,789,lsm,True,False,14
9998,0,0,2,70,8,78,1208,21.6,2.5,12,True,False,789,lsm,True,False,14
9998,0,0,2,69,10,79,544,21.1,6.3,15,True,False,789,lsm,True,False,14
9998,0,0,2,71,9,80,630,21.8,0.0,13,True,False,789,lsm,True,False,14
9998,0,0,2,72,9,81,780,20.2,3.3,10,True,False,789,lsm,True,False,14
9998,0,0,2,72,8,80,880,21.7,0.0,10,True,False,789,lsm,True,False,14
9998,0,0,2,66,8,74,828,22.3,5.4,9,True,False,789,lsm,True,False,14
9998,0,0,2,61,7,68,922,22.2,14.0,12,True,False,789,lsm,True,False,14
9998,0,0,2,64,6,70,978,21.8,0.0,12,True,False,789,lsm,True,False,14
9998,0,0,2,63,6,69,482,21.3,3.4,12,True,False,789,lsm,True,False,14
9998,0,0,2,68,6,74,750,21.4,8.9,13,True,False,789,lsm,True,False,14
9998,0,0,2,75,5,80,925,21.7,7.7,16,True,False,789,lsm,True,False,14
9998,0,0,2,71,6,77,885,22.2,1.4,16,True,False,789,lsm,True,False,14
9998,0,0,2,65,5,70,1022,22.4,1.7,16,True,False,789,lsm,True,False,14
9998,0,0,2,61,5,66,1041,20.7,6.7,17,True,False,789,lsm,True,False,14
9998,0,0,2,56,4,60,1176,22.5,1.9,10,True,False,789,lsm,True,False,14
9998,0,0,2,53,5,58,459,23.3,0.0,10,True,False,789,lsm,True,False,14
9998,0,0,2,52,5,57,617,22.2,14.0,17,True,False,789,lsm,True,False,14
9998,0,0,2,54,4,58,688,22.1,0.0,13,True,False,789,lsm,True,False,14
9998,0,0,2,51,30,81,858,21.0,31.0,25,True,False,789,lsm,True,False,14
9998,0,0,2,52,26,78,924,22.0,0.0,25,True,False,789,lsm,True,False,14
9999,0,0,1,50,25,75,1132,21.0,3.9,25,True,False,789,lsm,True,False,14
9999,0,0,1,50,25,75,1259,21.9,13.6,28,True,False,789,lsm,True,False,14
9999,0,0,1,51,32,83,508,20.5,22.6,39,True,False,789,lsm,True,False,14
9999,0,0,1,52,40,92,656,20.5,24.8,51,True,False,789,lsm,True,False,14
9999,0,0,1,55,38,93,743,20.8,7.7,47,True,False,789,lsm,True,False,14
9999,0,0,1,55,38,93,928,20.6,1.2,47,True,False,789,lsm,True,False,14
9999,0,0,1,55,35,90,1239,21.7,11.2,37,True,False,789,lsm,True,False,14
9999,0,0,1,52,37,89,1466,20.4,18.0,46,True,False,789,lsm,True,False,14
9999,0,0,1,62,36,98,1462,20.6,4.9,46,True,False,789,lsm,True,False,14
9999,0,0,1,58,36,94,741,21.5,2.0,40,True,False,789,lsm,True,False,14
9999,0,0,1,59,33,92,876,20.7,0.0,29,True,False,789,lsm,True,False,14
9999,0,0,1,57,29,86,1047,22.4,0.0,17,True,False,789,lsm,True,False,14
9999,0,0,1,54,29,83,1233,22.3,0.0,14,True,False,789,lsm,True,False,14
9999,0,0,1,57,28,85,1270,21.9,0.0,14,True,False,789,lsm,True,False,14
9999,0,0,1,60,26,86,1386,21.3,6.4,12,True,False,789,lsm,True,False,14
9999,0,0,1,55,26,81,1250,19.9,7.2,6,True,False,789,lsm,True,False,14
9999,0,0,1,50,26,76,454,19.8,2.4,6,True,False,789,lsm,True,False,14
9999,0,0,1,44,26,70,582,20.5,0.0,6,True,False,789,lsm,True,False,14
9999,0,0,1,43,26,69,628,21.3,1.7,6,True,False,789,lsm,True,False,14
9999,0,0,1,42,27,69,808,22.6,3.3,6,True,False,789,lsm,True,False,14
9998,1,0,1,40,25,65,776,21.0,0.5,6,True,False,789,lsm,True,False,14
9998,1,0,1,41,25,66,773,20.4,0.0,6,True,False,789,lsm,True,False,14
9998,1,0,1,40,25,65,660,20.8,1.7,3,True,False,789,lsm,True,False,14
9998,1,0,1,39,24,63,346,21.6,6.1,3,True,False,789,lsm,True,False,14
9998,0,1,1,39,17,56,443,19.7,7.3,6,True,False,789,lsm,True,False,14
9998,0,1,1,40,61,101,649,21.1,39.1,25,True,False,789,lsm,True,False,14
9998,0,1,1,41,58,99,749,21.9,0.0,25,True,False,789,lsm,True,False,14
9998,0,1,1,40,54,94,964,21.4,0.0,25,True,False,789,lsm,True,False,14
9998,0,1,1,37,49,86,1145,20.7,9.9,29,True,False,789,lsm,True,False,14
9998,0,1,1,34,42,76,1231,20.2,7.4,32,True,False,789,lsm,True,False,14
9998,0,1,1,37,41,78,505,21.5,4.7,32,True,False,789,lsm,True,False,14
9998,0,1,1,35,38,73,852,22.1,13.7,34,True,False,789,lsm,True,False,14
9998,0,0,2,33,36,69,841,21.7,12.1,37,True,False,789,lsm,True,False,14
9998,0,0,2,35,41,76,983,20.8,21.8,28,True,False,789,lsm,True,False,14
9998,0,0,2,39,92,131,1244,20.6,38.6,47,True,False,789,lsm,True,False,14
9998,0,0,2,37,91,128,1381,20.6,0.0,47,True,False,789,lsm,True,False,14
9997,1,0,2,37,89,126,1538,20.8,11.1,49,True,False,789,lsm,True,False,14
9997,1,0,2,38,80,118,725,21.0,0.0,46,True,False,789,lsm,True,False,14
9997,1,0,2,41,73,114,1016,20.5,7.7,49,True,False,789,lsm,True,False,14
9997,1,0,2,44,67,111,1184,21.6,6.1,46,True,False,789,lsm,True,False,14
9997,0,1,2,42,64,106,1373,19.9,9.5,44,True,False,789,lsm,True,False,14
9997,0,1,2,40,60,100,1518,19.9,13.5,40,True,False,789,lsm,True,False,14
9997,0,1,2,39,55,94,1561,19.5,5.9,23,True,False,789,lsm,True,False,14
9997,0,1,2,41,52,93,1622,20.6,2.0,23,True,False,789,lsm,True,False,14
9997,0,1,2,41,51,92,818,19.6,2.3,18,True,False,789,lsm,True,False,14
9997,0,1,2,38,47,85,920,20.5,0.0,18,True,False,789,lsm,True,False,14
9997,0,1,2,40,46,86,994,21.2,0.0,15,True,False,789,lsm,True,False,14
9997,0,1,2,37,45,82,1158,21.6,3.1,12,True,False,789,lsm,True,False,14
9997,0,0,3,41,44,85,1219,22.3,1.8,8,True,False,789,lsm,True,False,14
9997,0,0,3,42,44,86,1061,20.4,12.2,8,True,False,789,lsm,True,False,14
9997,0,0,3,42,43,85,1187,21.8,3.6,6,True,False,789,lsm,True,False,14
9997,0,0,3,41,42,83,599,21.1,6.7,9,True,False,789,lsm,True,False,14
9997,0,0,3,38,41,79,836,21.2,8.1,13,True,False,789,lsm,True,False,14
9997,0,0,3,44,42,86,970,21.3,3.6,13,True,False,789,lsm,True,False,14
9997,0,0,3,49,38,87,1142,21.2,11.5,18,True,False,789,lsm,True,False,14
9997,0,0,3,51,52,103,1342,21.3,26.0,31,True,False,789,lsm,True,False,14
9997,0,0,3,52,54,106,1610,20.4,18.5,40,True,False,789,lsm,True,False,14
9997,0,0,3,52,56,108,1620,20.4,15.2,41,True,False,789,lsm,True,False,14
9997,0,0,3,54,90,144,687,21.3,35.2,58,True,False,789,lsm,True,False,14
9997,0,0,3,50,81,131,880,20.6,11.9,60,True,False,789,lsm,True,False,14
9997,0,0,3,50,69,119,1280,20.3,10.0,61,True,False,789,lsm,True,False,14
9997,0,0,3,49,62,111,1349,21.9,0.0,61,True,False,789,lsm,True,False,14
9997,0,0,3,46,57,103,1675,22.0,7.6,59,True,False,789,lsm,True,False,14
9997,0,0,3,46,52,98,1823,21.7,0.0,46,True,False,789,lsm,True,False,14
9997,0,0,3,46,49,95,1865,19.1,1.4,37,True,False,789,lsm,True,False,14
9997,0,0,3,51,50,101,717,20.9,3.9,30,True,False,789,lsm,True,False,14
9997,0,0,3,47,48,95,945,21.6,10.1,18,True,False,789,lsm,True,False,14
9997,0,0,3,49,41,90,1083,21.0,6.4,16,True,False,789,lsm,True,False,14
9997,0,0,3,48,40,88,1112,20.7,11.9,16,True,False,789,lsm,True,False,14
9997,0,0,3,42,39,81,1221,21.6,10.1,21,True,False,789,lsm,True,False,14
9997,0,0,3,40,36,76,1332,21.5,3.2,18,True,False,789,lsm,True,False,14
9997,0,0,3,44,34,78,1228,21.2,15.0,25,True,False,789,lsm,True,False,14
9997,0,0,3,41,30,71,618,20.7,0.0,25,True,False,789,lsm,True,False,14
9997,0,0,3,40,27,67,598,21.0,7.1,28,True,False,789,lsm,True,False,14
9997,0,0,3,36,26,62,685,20.4,13.9,29,True,False,789,lsm,True,False,14
9997,0,0,3,43,29,72,823,20.9,9.7,30,True,False,789,lsm,True,False,14
9997,0,0,3,44,26,70,939,19.5,10.7,30,True,False,789,lsm,True,False,14
9997,0,0,3,48,29,77,942,20.1,3.5,25,True,False,789,lsm,True,False,14
9997,0,0,3,48,27,75,1120,20.0,2.9,25,True,False,789,lsm,True,False,14
9997,0,0,3,56,29,85,540,20.9,0.0,18,True,False,789,lsm,True,False,14
9997,0,0,3,55,25,80,905,19.8,2.7,18,True,False,789,lsm,True,False,14
9997,0,0,3,53,25,78,948,20.7,6.2,18,True,False,789,lsm,True,False,14
9997,0,0,3,56,22,78,1174,21.0,6.8,15,True,False,789,lsm,True,False,14
9997,0,0,3,51,21,72,1256,20.8,1.8,11,True,False,789,lsm,True,False,14
9997,0,0,3,54,21,75,1224,18.9,0.8,6,True,False,789,lsm,True,False,14
9997,0,0,3,54,21,75,1190,20.5,0.0,6,True,False,789,lsm,True,False,14
9997,0,0,3,49,20,69,487,20.2,2.7,6,True,False,789,lsm,True,False,14
9997,0,0,3,47,18,65,476,21.3,6.2,9,True,False,789,lsm,True,False,14
9997,0,0,3,43,17,60,574,21.4,2.0,9,True,False,789,lsm,True,False,14
9997,0,0,3,41,17,58,745,21.4,16.0,14,True,False,789,lsm,True,False,14
9997,0,0,3,39,16,55,780,21.6,0.0,11,True,False,789,lsm,True,False,14
9997,0,0,3,39,14,53,856,21.0,0.2,11,True,False,789,lsm,True,False,14
9997,0,0,3,33,14,47,954,22.8,0.0,11,True,False,789,lsm,True,False,14
9997,0,0,3,34,13,47,398,22.5,1.9,11,True,False,789,lsm,True,False,14
9997,0,0,3,32,13,45,459,21.6,0.0,11,True,False,789,lsm,True,False,14
9997,0,0,3,36,14,50,594,21.8,0.2,8,True,False,789,lsm,True,False,14
9997,0,0,3,37,14,51,549,20.7,0.3,8,True,False,789,lsm,True,False,14
9997,0,0,3,39,15,54,569,22.5,0.0,0,True,False,789,lsm,True,False,14
9997,0,0,3,38,15,53,580,22.4,0.5,0,True,False,789,lsm,True,False,14
9997,0,0,3,35,15,50,566,23.1,1.3,0,True,False,789,lsm,True,False,14
9997,0,0,3,33,14,47,193,22.5,0.0,0,True,False,789,lsm,True,False,14
9997,0,0,3,33,14,47,169,21.6,0.6,0,True,False,789,lsm,True,False,14
9997,0,0,3,33,14,47,356,21.6,0.2,0,True,False,789,lsm,True,False,14
9997,0,0,3,31,14,45,341,20.7,1.6,0,True,False,789,lsm,True,False,14
9997,0,0,3,27,10,37,484,21.6,0.0,0,True,False,789,lsm,True,False,14
9997,0,0,3,24,9,33,452,20.9,5.4,2,True,False,789,lsm,True,False,14
9997,0,0,3,21,8,29,412,21.9,1.9,2,True,False,789,lsm,True,False,14
9997,0,0,3,21,8,29,140,21.7,11.6,7,True,False,789,lsm,True,False,14
9998,0,2,0,2000,3000,5000,2000,25.0,0.0,0,False,False,789,itn_irs,False,True,15
9998,0,2,0,1863,2770,4633,16747,21.5,2.3,0,False,True,789,itn_irs,False,True,15
9998,0,2,0,1563,2325,3888,23467,22.3,0.0,0,False,True,789,itn_irs,False,True,15
9997,1,2,0,1311,1975,3286,26108,22.3,0.0,0,False,True,789,itn_irs,False,True,15
9997,1,2,0,1117,1689,2806,25261,21.8,0.0,0,False,True,789,itn_irs,False,True,15
9997,1,2,0,947,1440,2387,23266,21.6,0.0,0,False,True,789,itn_irs,False,True,15
9997,1,2,0,793,1214,2007,20823,19.5,0.2,0,False,True,789,itn_irs,False,True,15
9997,0,3,0,670,1039,1709,18163,20.1,1.7,0,False,True,789,itn_irs,False,True,15
9997,0,1,2,568,859,1427,15906,21.8,0.3,0,False,True,789,itn_irs,False,True,15
9997,0,1,2,471,720,1191,13847,21.7,0.0,0,False,True,789,itn_irs,False,True,15
9997,0,1,2,400,610,1010,12455,21.0,0.0,0,False,True,789,itn_irs,False,True,15
9997,0,1,2,324,507,831,10429,19.8,7.2,3,False,True,789,itn_irs,False,True,15
9997,0,1,2,272,423,695,9976,21.2,8.0,7,False,True,789,itn_irs,False,True,15
9997,0,1,2,224,364,588,9922,20.1,5.1,9,False,True,789,itn_irs,False,True,15
9997,0,1,2,204,305,509,9384,20.6,3.5,9,False,True,789,itn_irs,False,True,15
9997,0,0,3,181,253,434,9072,21.0,1.7,9,False,True,789,itn_irs,False,True,15
9997,0,0,3,201,225,426,9076,20.8,3.8,9,False,True,789,itn_irs,False,True,15
9997,0,0,3,213,195,408,8704,21.9,0.5,9,False,True,789,itn_irs,False,True,15
9997,0,0,3,222,191,413,7866,21.3,0.3,9,False,True,789,itn_irs,False,True,15
9997,0,0,3,242,171,413,7408,21.9,0.1,6,False,True,789,itn_irs,False,True,15
9998,0,0,2,258,153,411,5863,24.0,0.0,2,False,True,789,itn_irs,False,True,15
9998,0,0,2,312,155,467,5073,23.1,0.3,0,False,True,789,itn_irs,False,True,15
9998,0,0,2,320,142,462,4779,21.4,1.6,0,False,True,789,itn_irs,False,True,15
9998,0,0,2,317,138,455,4265,22.8,0.0,0,False,True,789,itn_irs,False,True,15
9998,0,0,2,305,125,430,4262,21.2,3.8,0,False,True,789,itn_irs,False,True,15
9998,0,0,2,295,121,416,3745,22.3,0.0,0,False,True,789,itn_irs,False,True,15
9998,0,0,2,251,199,450,4739,22.4,52.3,26,False,True,789,itn_irs,False,True,15
9998,0,0,2,232,168,400,5090,22.4,0.0,26,False,True,789,itn_irs,False,True,15
9998,0,0,2,222,160,382,5462,21.3,24.9,38,False,True,789,itn_irs,False,True,15
9998,0,0,2,205,140,345,5787,21.2,0.0,38,False,True,789,itn_irs,False,True,15
9998,0,0,2,195,112,307,6019,19.9,8.1,42,False,True,789,itn_irs,False,True,15
9998,0,0,2,177,98,275,5984,21.1,0.0,42,False,True,789,itn_irs,False,True,15
9998,0,0,2,160,87,247,5907,21.1,0.4,42,False,True,789,itn_irs,False,True,15
9998,0,0,2,152,81,233,5708,23.0,0.0,42,False,True,789,itn_irs,False,True,15
9998,0,0,2,156,71,227,5554,22.4,0.0,16,False,True,789,itn_irs,False,True,15
9998,0,0,2,165,61,226,4891,21.6,9.9,20,False,True,789,itn_irs,False,True,15
9998,0,0,2,178,56,234,4383,21.2,0.8,8,False,True,789,itn_irs,False,True,15
9998,0,0,2,215,136,351,4693,20.1,50.0,33,False,True,789,itn_irs,False,True,15
9998,0,0,2,290,120,410,5217,19.9,7.5,32,False,True,789,itn_irs,False,True,15
9998,0,0,2,247,107,354,5719,19.6,21.2,42,False,True,789,itn_irs,False,True,15
9998,0,0,2,289,96,385,5979,21.3,0.0,42,False,True,789,itn_irs,False,True,15
9998,0,0,2,348,107,455,6085,21.0,2.4,42,False,True,789,itn_irs,False,True,15
9998,0,0,2,361,98,459,6317,22.8,0.0,42,False,True,789,itn_irs,False,True,15
9998,0,0,2,435,105,540,6925,22.9,0.0,38,False,True,789,itn_irs,False,True,15
9998,0,0,2,445,98,543,7219,20.7,5.5,40,False,True,789,itn_irs,False,True,15
9998,0,0,2,455,87,542,7984,21.7,2.0,15,False,True,789,itn_irs,False,True,15
9998,0,0,2,448,78,526,7551,21.2,1.0,12,False,True,789,itn_irs,False,True,15
9998,0,0,2,432,73,505,7193,23.2,0.0,2,False,True,789,itn_irs,False,True,15
9998,0,0,2,406,66,472,7095,22.7,7.2,5,False,True,789,itn_irs,False,True,15
9998,0,0,2,393,53,446,6837,21.7,2.0,5,False,True,789,itn_irs,False,True,15
9998,0,0,2,379,48,427,7458,20.6,10.9,10,False,True,789,itn_irs,False,True,15
9998,0,0,2,356,58,414,7021,20.8,1.2,10,False,True,789,itn_irs,False,True,15
9998,0,0,2,395,54,449,6760,22.5,0.0,8,False,True,789,itn_irs,False,True,15
9998,0,0,2,403,55,458,6823,22.8,5.8,10,False,True,789,itn_irs,False,True,15
9998,0,0,2,404,57,461,7258,21.4,16.4,18,False,True,789,itn_irs,False,True,15
9998,0,0,2,391,56,447,7515,21.5,7.8,21,False,True,789,itn_irs,False,True,15
9998,0,0,2,403,53,456,7686,22.8,0.0,18,False,True,789,itn_irs,False,True,15
9998,0,0,2,444,125,569,8737,20.5,49.0,42,False,True,789,itn_irs,False,True,15
9998,0,0,2,445,112,557,9157,20.5,8.9,41,False,True,789,itn_irs,False,True,15
9998,0,0,2,479,102,581,9223,21.3,8.3,45,False,True,789,itn_irs,False,True,15
9998,0,0,2,507,91,598,9443,20.0,18.6,54,False,True,789,itn_irs,False,True,15
9998,0,0,2,531,78,609,9399,20.5,8.3,56,False,True,789,itn_irs,False,True,15
9998,0,0,2,548,70,618,9958,20.6,5.0,50,False,True,789,itn_irs,False,True,15
9998,0,0,2,560,65,625,10493,21.6,0.8,47,False,True,789,itn_irs,False,True,15
9998,0,0,2,585,55,640,10803,20.7,5.1,49,False,True,789,itn_irs,False,True,15
9998,0,0,2,497,42,539,11004,20.2,14.0,32,False,True,789,itn_irs,False,True,15
9998,0,0,2,500,30,530,10740,20.4,3.3,28,False,True,789,itn_irs,False,True,15
9998,0,0,2,526,35,561,11010,21.8,0.0,24,False,True,789,itn_irs,False,True,15
9998,0,0,2,541,27,568,10910,21.1,0.0,15,False,True,789,itn_irs,False,True,15
9998,0,0,2,597,24,621,10667,22.1,4.1,11,False,True,789,itn_irs,False,True,15
9998,0,0,2,601,27,628,11385,21.1,11.0,14,False,True,789,itn_irs,False,True,15
9998,0,0,2,614,26,640,11883,21.4,0.8,14,False,True,789,itn_irs,False,True,15
9998,0,0,2,679,48,727,11668,21.7,0.3,12,False,True,789,itn_irs,False,True,15
9998,0,0,2,701,51,752,12422,20.9,17.0,13,False,True,789,itn_irs,False,True,15
9998,0,0,2,691,50,741,12853,22.7,0.0,13,False,True,789,itn_irs,False,True,15
9997,1,0,2,742,51,793,13346,21.0,1.5,13,False,True,789,itn_irs,False,True,15
9997,1,0,2,961,60,1021,13741,22.6,0.0,13,False,True,789,itn_irs,False,True,15
9997,1,0,2,1006,61,1067,14164,21.8,4.3,13,False,True,789,itn_irs,False,True,15
9997,1,0,2,1023,134,1157,15639,22.6,50.0,33,False,True,789,itn_irs,False,True,15
9997,0,1,2,1016,113,1129,16091,21.4,3.9,33,False,True,789,itn_irs,False,True,15
9997,0,1,2,987,92,1079,17331,21.7,2.4,33,False,True,789,itn_irs,False,True,15
9997,0,1,2,995,80,1075,17896,23.9,0.0,25,False,True,789,itn_irs,False,True,15
9997,0,1,2,1006,68,1074,18506,21.7,4.5,25,False,True,789,itn_irs,False,True,15
9997,0,1,2,974,57,1031,18672,22.8,1.0,25,False,True,789,itn_irs,False,True,15
9997,0,1,2,1039,49,1088,19791,22.3,7.1,28,False,True,789,itn_irs,False,True,15
9997,0,1,2,1107,45,1152,19124,21.6,0.0,28,False,True,789,itn_irs,False,True,15
9997,0,1,2,1143,46,1189,19506,20.8,13.9,9,False,True,789,itn_irs,False,True,15
9997,0,0,3,1140,46,1186,20642,21.2,15.5,16,False,True,789,itn_irs,False,True,15
9997,0,0,3,1158,44,1202,21511,22.0,0.8,16,False,True,789,itn_irs,False,True,15
9997,0,0,3,1221,36,1257,22090,21.8,0.0,16,False,True,789,itn_irs,False,True,15
9997,0,0,3,1285,33,1318,22731,22.1,3.0,16,False,True,789,itn_irs,False,True,15
9997,0,0,3,1432,38,1470,23738,21.9,19.7,25,False,False,789,itn_irs,False,True,15
9997,0,0,3,1686,54,1740,25372,21.7,11.8,27,False,False,789,itn_irs,False,True,15
9997,0,0,3,1842,146,1988,26553,21.3,61.0,57,False,False,789,itn_irs,False,True,15
9997,0,0,3,2053,141,2194,28061,21.4,4.0,51,False,False,789,itn_irs,False,True,15
9997,0,0,3,2167,133,2300,30928,22.7,0.0,44,False,False,789,itn_irs,False,True,15
9997,0,0,3,2289,132,2421,32815,21.2,19.1,53,False,False,789,itn_irs,False,True,15
9997,0,0,3,2393,127,2520,33988,22.2,8.9,57,False,False,789,itn_irs,False,True,15
9997,0,0,3,2539,131,2670,36140,21.6,23.7,68,False,False,789,itn_irs,False,True,15
9997,0,0,3,2708,122,2830,38336,23.0,0.0,59,False,False,789,itn_irs,False,True,15
9996,1,0,3,2797,114,2911,41933,23.2,0.0,54,False,False,789,itn_irs,False,True,15
9996,1,0,3,2953,112,3065,46032,21.8,4.7,24,False,False,789,itn_irs,False,True,15
9996,1,0,3,3068,99,3167,49547,21.7,1.7,24,False,False,789,itn_irs,False,True,15
9996,1,0,3,3155,187,3342,53334,23.3,52.3,50,False,False,789,itn_irs,False,True,15
9996,0,1,3,3279,174,3453,56486,23.2,0.0,41,False,False,789,itn_irs,False,True,15
9996,0,1,3,3424,168,3592,59207,22.4,8.7,41,False,False,789,itn_irs,False,True,15
9996,0,1,3,3630,154,3784,62101,20.4,2.0,30,False,False,789,itn_irs,False,True,15
9996,0,1,3,3870,156,4026,65259,21.5,4.1,30,False,False,789,itn_irs,False,True,15
9996,0,1,3,4219,161,4380,69499,19.4,0.0,30,False,False,789,itn_irs,False,True,15
9996,0,1,3,4532,166,4698,74225,20.3,19.1,39,False,False,789,itn_irs,False,True,15
9996,0,1,3,4956,222,5178,79984,20.2,37.1,57,False,False,789,itn_irs,False,True,15
9996,0,1,3,5378,242,5620,81317,19.0,31.1,46,False,False,789,itn_irs,False,True,15
9996,0,0,4,5883,237,6120,87729,20.3,1.8,46,False,False,789,itn_irs,False,True,15
9996,0,0,4,6445,236,6681,94879,21.9,0.0,42,False,False,789,itn_irs,False,True,15
9996,0,0,4,5984,213,6197,101805,19.7,4.7,42,False,False,789,itn_irs,False,True,15
9996,0,0,4,6414,206,6620,102648,21.0,8.6,46,False,False,789,itn_irs,False,True,15
9996,0,0,4,6824,197,7021,110244,22.9,0.0,46,False,False,789,itn_irs,False,True,15
9996,0,0,4,7168,193,7361,116969,20.6,2.0,37,False,False,789,itn_irs,False,True,15
9996,0,0,4,7537,214,7751,114997,21.3,3.9,19,False,False,789,itn_irs,False,True,15
9996,0,0,4,7893,205,8098,115081,22.5,2.0,4,False,False,789,itn_irs,False,True,15
9996,0,0,4,8108,206,8314,124861,22.4,8.9,8,False,False,789,itn_irs,False,True,15
9996,0,0,4,8350,203,8553,134490,22.5,0.0,8,False,False,789,itn_irs,False,True,15
9996,0,0,4,8693,197,8890,132085,22.8,0.0,8,False,False,789,itn_irs,False,True,15
9996,0,0,4,10139,205,10344,133191,22.9,2.2,4,False,False,789,itn_irs,False,True,15
9996,0,0,4,10605,215,10820,137858,22.0,2.0,4,False,False,789,itn_irs,False,True,15
9996,0,0,4,10955,210,11165,141168,20.7,4.1,4,False,False,789,itn_irs,False,True,15
9996,0,0,4,11306,205,11511,145681,19.9,1.4,4,False,False,789,itn_irs,False,True,15
9996,0,0,4,11628,206,11834,150185,21.1,0.5,4,False,False,789,itn_irs,False,True,15
9996,0,0,4,11768,204,11972,153986,21.8,7.1,3,False,False,789,itn_irs,False,True,15
9996,0,0,4,11918,188,12106,157938,22.2,0.3,3,False,False,789,itn_irs,False,True,15
9996,0,0,4,12062,192,12254,172687,21.7,10.9,8,False,False,789,itn_irs,False,True,15
9996,0,0,4,12185,194,12379,186256,22.0,5.1,10,False,False,789,itn_irs,False,True,15
9996,0,0,4,12426,178,12604,198940,21.8,5.3,12,False,False,789,itn_irs,False,True,15
9996,0,0,4,12943,180,13123,211074,22.3,0.0,12,False,False,789,itn_irs,False,True,15
9996,0,0,4,13437,177,13614,223487,21.5,3.0,12,False,False,789,itn_irs,False,True,15
9996,0,0,4,14026,176,14202,234365,23.3,2.0,12,False,False,789,itn_irs,False,True,15
9996,0,0,4,14647,166,14813,246939,22.6,1.0,9,False,False,789,itn_irs,False,True,15
9996,0,0,4,15666,162,15828,241141,21.2,0.0,9,False,False,789,itn_irs,False,True,15
9996,0,0,4,16710,165,16875,239926,20.7,6.9,7,False,False,789,itn_irs,False,True,15
9996,0,0,4,17708,159,17867,240872,22.2,0.0,5,False,False,789,itn_irs,False,True,15
9996,0,0,4,18713,158,18871,246039,21.5,3.2,3,False,False,789,itn_irs,False,True,15
9996,0,0,4,19760,162,19922,251345,22.2,7.0,6,False,False,789,itn_irs,False,True,15
9996,0,0,4,20707,169,20876,260757,23.9,0.5,6,False,False,789,itn_irs,False,True,15
9996,0,0,4,21680,172,21852,288218,22.5,7.9,9,False,False,789,itn_irs,False,True,15
9996,0,0,4,22637,172,22809,317242,20.5,6.0,12,False,False,789,itn_irs,False,True,15
9996,0,0,4,23492,171,23663,322170,21.1,0.0,12,False,False,789,itn_irs,False,True,15
9996,0,0,4,24202,170,24372,350593,21.8,1.0,9,False,False,789,itn_irs,False,True,15
9996,0,0,4,24973,161,25134,349498,22.1,0.0,9,False,False,789,itn_irs,False,True,15
9996,0,0,4,25514,161,25675,378338,20.7,15.3,16,False,False,789,itn_irs,False,True,15
9997,0,0,3,26012,160,26172,405294,22.7,0.8,13,False,False,789,itn_irs,False,True,15
9997,0,0,3,26749,151,26900,399974,21.9,1.0,13,False,False,789,itn_irs,False,True,15
9997,0,0,3,27466,150,27616,396267,22.1,0.3,10,False,False,789,itn_irs,False,True,15
9997,0,0,3,28324,146,28470,425912,20.6,18.2,16,False,False,789,itn_irs,False,True,15
9997,0,0,3,29495,139,29634,453868,20.7,1.0,16,False,False,789,itn_irs,False,True,15
9997,0,0,3,31139,146,31285,484184,20.5,10.9,21,False,False,789,itn_irs,False,True,15
9998,0,0,2,33357,140,33497,518026,20.4,1.7,21,False,False,789,itn_irs,False,True,15
9998,0,0,2,36097,159,36256,552383,20.8,8.7,18,False,False,789,itn_irs,False,True,15
9997,1,0,2,33402,144,33546,578741,21.5,0.3,18,False,False,789,itn_irs,False,True,15
9997,1,0,2,35466,145,35611,607758,19.9,6.0,21,False,False,789,itn_irs,False,True,15
9997,1,0,2,37687,142,37829,635320,20.0,14.3,28,False,False,789,itn_irs,False,True,15
9997,1,0,2,40633,157,40790,665994,20.3,25.5,31,False,False,789,itn_irs,False,True,15
9997,0,1,2,43276,177,43453,701930,20.3,26.8,43,False,False,789,itn_irs,False,True,15
9997,0,1,2,46385,176,46561,741500,21.6,0.0,38,False,False,789,itn_irs,False,True,15
9997,0,1,2,49526,179,49705,786978,20.6,20.2,48,False,False,789,itn_irs,False,True,15
9997,0,1,2,52658,184,52842,800126,20.5,10.9,49,False,False,789,itn_irs,False,True,15
9997,0,1,2,55863,183,56046,820685,19.7,5.0,51,False,False,789,itn_irs,False,True,15
9997,0,1,2,59186,177,59363,846114,20.6,11.8,53,False,False,789,itn_irs,False,True,15
9997,0,1,2,62152,176,62328,914601,19.1,10.4,51,False,False,789,itn_irs,False,True,15
9997,0,1,2,65121,171,65292,982172,19.9,13.5,45,False,False,789,itn_irs,False,True,15
9997,0,0,3,60156,160,60316,1032236,20.2,0.0,33,False,False,789,itn_irs,False,True,15
9997,0,0,3,62624,161,62785,1073810,20.4,1.0,33,False,False,789,itn_irs,False,True,15
9997,0,0,3,65526,168,65694,1121465,20.0,4.1,23,False,False,789,itn_irs,False,True,15
9997,0,0,3,68611,161,68772,1167998,21.2,2.3,18,False,False,789,itn_irs,False,True,15
9997,0,0,3,80730,168,80898,1242058,22.6,1.0,16,False,False,789,itn_irs,False,True,15
9997,0,0,3,84717,165,84882,1320020,21.1,4.1,11,False,False,789,itn_irs,False,True,15
9997,0,0,3,88971,168,89139,1303656,19.8,5.1,8,False,False,789,itn_irs,False,True,15
9997,0,0,3,92838,166,93004,1303365,20.6,6.1,5,False,False,789,itn_irs,False,True,15
9997,0,0,3,95951,161,96112,1412509,20.0,10.6,10,False,False,789,itn_irs,False,True,15
9997,0,0,3,99601,155,99756,1514023,21.6,0.0,10,False,False,789,itn_irs,False,True,15
9997,0,0,3,104345,153,104498,1619748,21.4,0.5,10,False,False,789,itn_irs,False,True,15
9997,0,0,3,110299,154,110453,1731840,21.0,8.3,14,False,False,789,itn_irs,False,True,15
9997,0,0,3,117142,170,117312,1841739,20.7,24.7,26,False,False,789,itn_irs,False,True,15
9997,0,0,3,124457,184,124641,1954252,21.1,10.7,31,False,False,789,itn_irs,False,True,15
9997,0,0,3,131768,180,131948,2076476,22.8,1.4,29,False,False,789,itn_irs,False,True,15
9997,0,0,3,137391,173,137564,2196404,22.7,0.6,26,False,False,789,itn_irs,False,True,15
9997,0,0,3,162740,189,162929,2366909,21.4,10.5,26,False,False,789,itn_irs,False,True,15
9997,0,0,3,170909,194,171103,2548178,21.9,9.8,30,False,False,789,itn_irs,False,True,15
9997,0,0,3,182398,200,182598,2733417,22.7,5.1,32,False,False,789,itn_irs,False,True,15
9997,0,0,3,193880,205,194085,2937717,20.5,3.8,28,False,False,789,itn_irs,False,True,15
9997,0,0,3,207998,207,208205,3146664,21.9,1.2,16,False,False,789,itn_irs,False,True,15
9997,0,0,3,225053,212,225265,3380813,22.6,3.2,11,False,False,789,itn_irs,False,True,15
9997,0,0,3,242200,219,242419,3634053,20.3,12.4,17,False,False,789,itn_irs,False,True,15
9997,0,0,3,258502,236,258738,3895377,20.8,33.8,33,False,False,789,itn_irs,False,True,15
9997,0,0,3,274345,239,274584,4177290,20.8,4.9,28,False,False,789,itn_irs,False,True,15
9997,0,0,3,290615,232,290847,4476735,21.5,5.5,26,False,False,789,itn_irs,False,True,15
9997,0,0,3,306764,245,307009,4777836,22.6,2.5,24,False,False,789,itn_irs,False,True,15
9997,0,0,3,322677,237,322914,5090574,22.9,9.7,28,False,False,789,itn_irs,False,True,15
9997,0,0,3,338482,242,338724,5408168,21.3,1.0,28,False,False,789,itn_irs,False,True,15
9997,0,0,3,354264,250,354514,5728300,21.7,0.5,28,False,False,789,itn_irs,False,True,15
9997,0,0,3,374727,243,374970,5651547,21.2,0.5,22,False,False,789,itn_irs,False,True,15
9996,1,0,3,390792,244,391036,5642661,22.4,0.0,6,False,False,789,itn_irs,False,True,15
9996,1,0,3,404076,242,404318,5682536,21.9,3.0,6,False,False,789,itn_irs,False,True,15
9996,1,0,3,415640,232,415872,5751816,21.8,2.0,4,False,False,789,itn_irs,False,True,15
9995,2,0,3,424933,245,425178,4979623,22.0,0.0,4,False,False,789,itn_irs,False,True,15
9995,1,1,3,427356,233,427589,4492432,22.3,0.5,0,False,False,789,itn_irs,False,True,15
9995,1,1,3,424654,217,424871,4174993,21.6,0.5,0,False,False,789,itn_irs,False,True,15
9995,1,1,3,417172,207,417380,4582799,20.6,4.1,0,False,False,789,itn_irs,False,True,15
9995,0,2,3,409901,201,410103,5207862,20.2,16.6,8,False,False,789,itn_irs,False,True,15
9995,0,2,3,405021,184,405206,5726462,21.1,14.0,15,False,False,789,itn_irs,False,True,15
9995,0,2,3,401129,167,401298,6147783,21.4,1.3,15,False,False,789,itn_irs,False,True,15
9995,0,2,3,399437,168,399606,6499732,23.3,0.0,15,False,False,789,itn_irs,False,True,15
9995,0,2,3,398718,166,398886,6801884,22.7,0.0,15,False,False,789,itn_irs,False,True,15
9995,0,1,4,399748,167,399917,7055697,22.2,2.0,15,False,False,789,itn_irs,False,True,15
9994,1,1,4,404788,167,404957,7295865,21.7,1.0,15,False,False,789,itn_irs,False,True,15
9994,1,1,4,413721,161,413884,7521740,21.1,7.1,18,False,False,789,itn_irs,False,True,15
9994,1,0,5,425217,164,425383,7195644,21.3,11.7,15,False,False,789,itn_irs,False,True,15
9994,1,0,5,436469,162,436633,7511332,22.0,6.1,11,False,False,789,itn_irs,False,True,15
9994,0,1,5,458302,184,458488,7865513,21.0,25.9,23,False,False,789,itn_irs,False,True,15
9994,0,1,5,490990,185,491184,8292560,21.1,2.4,23,False,False,789,itn_irs,False,True,15
9994,0,1,5,533221,190,533436,8817891,22.9,0.0,23,False,False,789,itn_irs,False,True,15
9994,0,1,5,569243,204,569484,9432381,23.2,1.7,23,False,False,789,itn_irs,False,True,15
9994,0,1,5,597748,222,598007,10046336,21.3,5.6,25,False,False,789,itn_irs,False,True,15
9994,0,1,5,619288,231,619558,10658755,21.6,3.6,22,False,False,789,itn_irs,False,True,15
9994,0,1,5,636578,244,636869,11225156,22.3,16.9,25,False,False,789,itn_irs,False,True,15
9994,0,1,5,651976,241,652269,11763201,21.7,0.0,22,False,False,789,itn_irs,False,True,15
9994,0,0,6,665199,243,665490,12273042,21.4,14.9,17,False,False,789,itn_irs,False,True,15
9994,0,0,6,677425,249,677719,12737394,21.4,8.6,21,False,False,789,itn_irs,False,True,15
9994,0,0,6,688156,258,688453,13187310,20.4,18.0,30,False,False,789,itn_irs,False,True,15
9994,0,0,6,698419,245,698699,13593745,20.6,0.0,30,False,False,789,itn_irs,False,True,15
9994,0,0,6,712180,241,712453,14022828,21.7,0.4,28,False,False,789,itn_irs,False,True,15
9994,0,0,6,725296,228,725551,14440609,22.1,2.3,28,False,False,789,itn_irs,False,True,15
9994,0,0,6,739759,242,740023,14867304,22.7,5.9,22,False,False,789,itn_irs,False,True,15
9994,0,0,6,756231,245,756495,15304622,20.8,7.1,25,False,False,789,itn_irs,False,True,15
9994,0,0,6,774725,246,774985,15782422,21.1,0.0,18,False,False,789,itn_irs,False,True,15
9994,0,0,6,794837,256,795106,15109932,21.1,6.5,17,False,False,789,itn_irs,False,True,15
9994,0,0,6,811538,263,811808,15753893,21.4,9.5,12,False,False,789,itn_irs,False,True,15
9994,0,0,6,828321,269,828594,16347162,22.2,1.4,12,False,False,789,itn_irs,False,True,15
9994,0,0,6,843531,278,843811,16936881,21.6,2.5,12,False,False,789,itn_irs,False,True,15
9994,0,0,6,857744,275,858020,17495485,21.1,6.3,15,False,False,789,itn_irs,False,True,15
9994,0,0,6,871670,270,871940,18013447,21.8,0.0,13,False,False,789,itn_irs,False,True,15
9994,0,0,6,884827,261,885088,18523949,20.2,3.3,10,False,False,789,itn_irs,False,True,15
9994,0,0,6,898047,260,898307,17613247,21.7,0.0,10,False,False,789,itn_irs,False,True,15
9994,0,0,6,908714,258,908972,16917323,22.3,5.4,9,False,False,789,itn_irs,False,True,15
9994,0,0,6,917124,257,917381,17631471,22.2,14.0,12,False,False,789,itn_irs,False,True,15
9994,0,0,6,926015,255,926270,18262670,21.8,0.0,12,False,False,789,itn_irs,False,True,15
9994,0,0,6,934601,234,934835,18855036,21.3,3.4,12,False,False,789,itn_irs,False,True,15
9994,0,0,6,943697,226,943923,19389787,21.4,8.9,12,False,False,789,itn_irs,False,True,15
9994,0,0,6,954085,224,954309,19885475,21.7,7.7,15,False,False,789,itn_irs,False,True,15
9994,0,0,6,968034,218,968252,20432162,22.2,1.4,15,False,False,789,itn_irs,False,True,15
9994,0,0,6,982258,216,982474,20947179,22.4,1.7,15,False,False,789,itn_irs,False,True,15
9994,0,0,6,996450,220,996670,21443361,20.7,6.7,16,False,False,789,itn_irs,False,True,15
9994,0,0,6,1010947,218,1011165,21943231,22.5,1.9,10,False,False,789,itn_irs,False,True,15
9994,0,0,6,1025277,221,1025498,22406941,23.3,0.0,10,False,False,789,itn_irs,False,True,15
9994,0,0,6,1039357,227,1039584,22852183,22.2,14.0,17,False,False,789,itn_irs,False,True,15
9994,0,0,6,1053704,224,1053928,23283629,22.1,0.0,13,False,False,789,itn_irs,False,True,15
9994,0,0,6,1070780,236,1071016,23784085,21.0,31.0,25,False,False,789,itn_irs,False,True,15
9994,0,0,6,1090617,236,1090853,24349638,22.0,0.0,25,False,False,789,itn_irs,False,True,15
9994,0,0,6,1109071,241,1109312,24890946,21.0,3.9,25,False,False,789,itn_irs,False,True,15
9994,0,0,6,1126542,244,1126786,25405045,21.9,13.6,28,False,False,789,itn_irs,False,True,15
9994,0,0,6,1142139,256,1142395,25914094,20.5,22.6,39,False,False,789,itn_irs,False,True,15
9994,0,0,6,1156053,254,1156307,26412987,20.5,24.8,51,False,False,789,itn_irs,False,True,15
9994,0,0,6,1168016,247,1168263,25707369,20.8,7.7,47,False,False,789,itn_irs,False,True,15
9995,0,0,5,1178716,222,1178938,26281582,20.6,1.2,47,False,False,789,itn_irs,False,True,15
9995,0,0,5,1188358,211,1188569,26824475,21.7,11.2,37,False,False,789,itn_irs,False,True,15
9995,0,0,5,1197410,207,1197617,27331036,20.4,18.0,46,False,False,789,itn_irs,False,True,15
9995,0,0,5,1207139,212,1207351,27823374,20.6,4.9,46,False,False,789,itn_irs,False,True,15
9995,0,0,5,1116535,195,1116730,27277205,21.5,2.0,40,False,False,789,itn_irs,False,True,15
9995,0,0,5,1202531,174,1202705,27380654,20.7,0.0,29,False,False,789,itn_irs,False,True,15
9995,0,0,5,1211575,173,1211748,27745061,22.4,0.0,17,False,False,789,itn_irs,False,True,15
9995,0,0,5,1220074,165,1220239,28096867,22.3,0.0,14,False,False,789,itn_irs,False,True,15
9994,1,0,5,1228279,172,1228451,26387601,21.9,0.0,14,False,False,789,itn_irs,False,True,15
9994,1,0,5,1235205,177,1235382,25020990,21.3,6.4,12,False,False,789,itn_irs,False,True,15
9994,1,0,5,1241308,178,1241486,23942062,19.9,7.2,6,False,False,789,itn_irs,False,True,15
9994,1,0,5,1246081,171,1246252,23022991,19.8,2.4,6,False,False,789,itn_irs,False,True,15
9994,0,1,5,1250614,173,1250787,22293785,20.5,0.0,6,False,False,789,itn_irs,False,True,15
9994,0,1,5,1254238,172,1254422,21689537,21.3,1.7,6,False,False,789,itn_irs,False,True,15
9994,0,1,5,1257820,169,1258014,21224290,22.6,3.3,6,False,False,789,itn_irs,False,True,15
9994,0,1,5,1260629,166,1260823,20805729,21.0,0.5,6,False,False,789,itn_irs,False,True,15
9994,0,1,5,1262567,165,1262761,20429983,20.4,0.0,6,False,False,789,itn_irs,False,True,15
9994,0,1,5,1263961,157,1264148,17100318,20.8,1.7,3,False,False,789,itn_irs,False,True,15
9994,0,1,5,1262490,154,1262677,17429021,21.6,6.1,3,False,False,789,itn_irs,False,True,15
9994,0,1,5,1259249,151,1259425,17542247,19.7,7.3,6,False,False,789,itn_irs,False,True,15
9994,0,0,6,1256060,196,1256284,18980381,21.1,39.1,25,False,False,789,itn_irs,False,True,15
9994,0,0,6,1253835,189,1254047,20197121,21.9,0.0,25,False,False,789,itn_irs,False,True,15
9994,0,0,6,1252309,172,1252498,21208547,21.4,0.0,25,False,False,789,itn_irs,False,True,15
9994,0,0,6,1252747,162,1252921,22108320,20.7,9.9,29,False,False,789,itn_irs,False,True,15
9994,0,0,6,1254630,151,1254790,22904319,20.2,7.4,32,False,False,789,itn_irs,False,True,15
9994,0,0,6,1257876,145,1258028,23609365,21.5,4.7,32,False,False,789,itn_irs,False,True,15
9994,0,0,6,1262545,140,1262691,24274202,22.1,13.7,35,False,False,789,itn_irs,False,True,15
9993,1,0,6,1268634,137,1268775,24878389,21.7,12.1,38,False,False,789,itn_irs,False,True,15
9993,1,0,6,1275104,133,1275239,25439245,20.8,21.8,29,False,False,789,itn_irs,False,True,15
9993,1,0,6,1282678,173,1282852,24849187,20.6,38.6,48,False,False,789,itn_irs,False,True,15
9993,1,0,6,1289898,165,1290063,25522074,20.6,0.0,48,False,False,789,itn_irs,False,True,15
9993,0,1,6,1296745,160,1296905,25019132,20.8,11.1,49,False,False,789,itn_irs,False,True,15
9993,0,1,6,1307077,158,1307249,25894944,21.0,0.0,46,False,False,789,itn_irs,False,True,15
9993,0,1,6,1316237,151,1316402,26720408,20.5,7.7,49,False,False,789,itn_irs,False,True,15
9993,0,1,6,1324622,147,1324788,27488406,21.6,6.1,46,False,False,789,itn_irs,False,True,15
9993,0,1,6,1331524,172,1331715,28160641,19.9,9.5,44,False,False,789,itn_irs,False,True,15
9993,0,1,6,1336831,171,1337021,28752305,19.9,13.5,40,False,False,789,itn_irs,False,True,15
9993,0,1,6,1341013,171,1341200,29287509,19.5,5.9,23,False,False,789,itn_irs,False,True,15
9993,0,1,6,1344550,173,1344744,29768509,20.6,2.0,23,False,False,789,itn_irs,False,True,15
9993,0,0,7,1347720,162,1347905,30194519,19.6,2.3,18,False,False,789,itn_irs,False,True,15
9993,0,0,7,1350837,161,1351014,30571590,20.5,0.0,18,False,False,789,itn_irs,False,True,15
9993,0,0,7,1353649,151,1353809,30928917,21.2,0.0,15,False,False,789,itn_irs,False,True,15
9993,0,0,7,1357210,144,1357360,31250131,21.6,3.1,12,False,False,789,itn_irs,False,True,15
9993,0,0,7,1360442,142,1360588,29230043,22.3,1.8,8,False,False,789,itn_irs,False,True,15
9993,0,0,7,1363579,153,1363735,27653595,20.4,12.2,8,False,False,789,itn_irs,False,True,15
9993,0,0,7,1365888,156,1366045,26360617,21.8,3.6,6,False,False,789,itn_irs,False,True,15
9993,0,0,7,1368209,144,1368353,27327923,21.1,6.7,9,False,False,789,itn_irs,False,True,15
9993,0,0,7,1371031,135,1371166,28161110,21.2,8.1,13,False,False,789,itn_irs,False,True,15
9993,0,0,7,1374512,137,1374649,28898595,21.3,3.6,13,False,False,789,itn_irs,False,True,15
9993,0,0,7,1378394,132,1378526,29558617,21.2,11.5,18,False,False,789,itn_irs,False,True,15
9993,0,0,7,1382325,142,1382467,30150415,21.3,26.0,31,False,False,789,itn_irs,False,True,15
9993,0,0,7,1386344,147,1386491,30651553,20.4,18.5,40,False,False,789,itn_irs,False,True,15
9993,0,0,7,1390280,161,1390441,31107273,20.4,15.2,41,False,False,789,itn_irs,False,True,15
9993,0,0,7,1393978,192,1394170,30117361,21.3,35.2,58,False,False,789,itn_irs,False,True,15
9993,0,0,7,1397298,185,1397483,29297975,20.6,11.9,60,False,False,789,itn_irs,False,True,15
9993,0,0,7,1400082,181,1400263,28580511,20.3,10.0,61,False,False,789,itn_irs,False,True,15
9993,0,0,7,1402475,177,1402652,27988809,21.9,0.0,61,False,False,789,itn_irs,False,True,15
9992,1,0,7,1404834,174,1405008,28714452,22.0,7.6,59,False,False,789,itn_irs,False,True,15
9992,1,0,7,1408169,164,1408333,29431890,21.7,0.0,46,False,False,789,itn_irs,False,True,15
9992,1,0,7,1412367,169,1412536,30096901,19.1,1.4,37,False,False,789,itn_irs,False,True,15
9993,1,0,6,1416984,162,1417146,30739386,20.9,3.9,30,False,False,789,itn_irs,False,True,15
9993,0,1,6,1421504,171,1421675,31323974,21.6,10.1,18,False,False,789,itn_irs,False,True,15
9994,0,1,5,1425668,156,1425829,31839532,21.0,6.4,16,False,False,789,itn_irs,False,True,15
9994,0,1,5,1429708,157,1429875,32297717,20.7,11.9,16,False,False,789,itn_irs,False,True,15
9994,0,1,5,1433831,151,1433993,32712539,21.6,10.1,21,False,False,789,itn_irs,False,True,15
9994,0,1,5,1437201,145,1437363,33057611,21.5,3.2,18,False,False,789,itn_irs,False,True,15
9994,0,1,5,1440287,149,1440454,33388987,21.2,15.0,25,False,False,789,itn_irs,False,True,15
9994,0,1,5,1443622,154,1443806,33686416,20.7,0.0,25,False,False,789,itn_irs,False,True,15
9994,0,1,5,1447116,164,1447310,33984598,21.0,7.1,28,False,False,789,itn_irs,False,True,15
9994,0,0,6,1450792,169,1450984,34280883,20.4,13.9,29,False,False,789,itn_irs,False,True,15
9994,0,0,6,1454850,176,1455039,34597197,20.9,9.7,30,False,False,789,itn_irs,False,True,15
9994,0,0,6,1458914,174,1459094,34943502,19.5,10.7,30,False,False,789,itn_irs,False,True,15
9994,0,0,6,1462451,158,1462612,35229224,20.1,3.5,25,False,False,789,itn_irs,False,True,15
9994,0,0,6,1466076,153,1466231,35524561,20.0,2.9,25,False,False,789,itn_irs,False,True,15
9994,0,0,6,1469295,150,1469446,35814798,20.9,0.0,18,False,False,789,itn_irs,False,True,15
9994,0,0,6,1472500,149,1472649,36071496,19.8,2.7,18,False,False,789,itn_irs,False,True,15
9994,0,0,6,1475524,152,1475676,36306311,20.7,6.2,18,False,False,789,itn_irs,False,True,15
9994,0,0,6,1478392,161,1478553,36534478,21.0,6.8,15,False,False,789,itn_irs,False,True,15
9994,0,0,6,1481127,167,1481294,34018831,20.8,1.8,11,False,False,789,itn_irs,False,True,15
9994,0,0,6,1483307,162,1483469,32005366,18.9,0.8,6,False,False,789,itn_irs,False,True,15
9994,0,0,6,1484866,161,1485027,30321395,20.5,0.0,6,False,False,789,itn_irs,False,True,15
9994,0,0,6,1373636,154,1373790,27969898,20.2,2.7,6,False,False,789,itn_irs,False,True,15
9994,0,0,6,1486275,176,1486451,27454467,21.3,6.2,9,False,False,789,itn_irs,False,True,15
9994,0,0,6,1486956,176,1487132,26569694,21.4,2.0,9,False,False,789,itn_irs,False,True,15
9994,0,0,6,1487561,174,1487735,27779472,21.4,16.0,14,False,False,789,itn_irs,False,True,15
9994,0,0,6,1488504,169,1488673,28826398,21.6,0.0,11,False,False,789,itn_irs,False,True,15
9994,0,0,6,1489565,159,1489724,29741749,21.0,0.2,11,False,False,789,itn_irs,False,True,15
9994,0,0,6,1490638,149,1490787,30542268,22.8,0.0,11,False,False,789,itn_irs,False,True,15
9994,0,0,6,1491809,141,1491950,31210958,22.5,1.9,11,False,False,789,itn_irs,False,True,15
9994,0,0,6,1493105,138,1493243,29489112,21.6,0.0,11,False,False,789,itn_irs,False,True,15
9994,0,0,6,1494076,131,1494207,28088846,21.8,0.2,8,False,False,789,itn_irs,False,True,15
9994,0,0,6,1494739,126,1494865,22748927,20.7,0.3,8,False,False,789,itn_irs,False,True,15
9994,0,0,6,1497921,129,1498050,19920600,22.5,0.0,0,False,False,789,itn_irs,False,True,15
9994,0,0,6,1498016,128,1498144,17478393,22.4,0.5,0,False,False,789,itn_irs,False,True,15
9994,0,0,6,1497622,117,1497739,15846091,23.1,1.3,0,False,False,789,itn_irs,False,True,15
9994,0,0,6,1485469,115,1485584,14678204,22.5,0.0,0,False,False,789,itn_irs,False,True,15
9994,0,0,6,1487473,109,1487582,13935399,21.6,0.6,0,False,False,789,itn_irs,False,True,15
9994,0,0,6,1458430,102,1458532,13414316,21.6,0.2,0,False,False,789,itn_irs,False,True,15
9994,0,0,6,1408256,97,1408353,12924827,20.7,1.6,0,False,False,789,itn_irs,False,True,15
9994,0,0,6,1346218,90,1346308,12423292,21.6,0.0,0,False,False,789,itn_irs,False,True,15
9994,0,0,6,1277988,85,1278073,11898409,20.9,5.4,2,False,False,789,itn_irs,False,True,15
9994,0,0,6,1205841,79,1205920,11355103,21.9,1.9,2,False,False,789,itn_irs,False,True,15
9994,0,0,6,1133459,72,1133531,12461207,21.7,11.6,7,False,False,789,itn_irs,False,True,15
9998,0,2,0,2000,3000,5000,2000,25.0,0.0,0,False,False,789,ambas,True,True,16
9998,0,2,0,1863,2770,4633,16747,21.5,2.3,0,False,True,789,ambas,True,True,16
9998,0,2,0,1563,2325,3888,23467,22.3,0.0,0,False,True,789,ambas,True,True,16
9997,1,2,0,1311,1975,3286,26108,22.3,0.0,0,False,True,789,ambas,True,True,16
9997,1,2,0,1117,1689,2806,25261,21.8,0.0,0,False,True,789,ambas,True,True,16
9997,1,2,0,947,1440,2387,23266,21.6,0.0,0,False,True,789,ambas,True,True,16
9997,1,2,0,793,1214,2007,20823,19.5,0.2,0,False,True,789,ambas,True,True,16
9997,0,3,0,670,1039,1709,8069,20.1,1.7,0,True,True,789,ambas,True,True,16
9997,0,1,2,568,859,1427,9585,21.8,0.3,0,True,True,789,ambas,True,True,16
9997,0,1,2,471,720,1191,9899,21.7,0.0,0,True,True,789,ambas,True,True,16
9997,0,1,2,400,610,1010,9933,21.0,0.0,0,True,True,789,ambas,True,True,16
9997,0,1,2,324,507,831,8863,19.8,7.2,3,True,True,789,ambas,True,True,16
9997,0,1,2,272,423,695,8776,21.2,8.0,7,True,True,789,ambas,True,True,16
9997,0,1,2,224,364,588,8960,20.1,5.1,9,True,True,789,ambas,True,True,16
9997,0,1,2,204,305,509,3726,20.6,3.5,9,True,True,789,ambas,True,True,16
9997,0,0,3,177,255,432,4425,21.0,1.7,9,True,True,789,ambas,True,True,16
9997,0,0,3,150,219,369,4985,20.8,3.8,9,True,True,789,ambas,True,True,16
9997,0,0,3,132,185,317,5069,21.9,0.5,9,True,True,789,ambas,True,True,16
9997,0,0,3,126,158,284,4961,21.3,0.3,9,True,True,789,ambas,True,True,16
9997,0,0,3,123,142,265,4631,21.9,0.1,6,True,True,789,ambas,True,True,16
9997,0,0,3,116,115,231,3745,24.0,0.0,2,True,True,789,ambas,True,True,16
9997,0,0,3,119,105,224,1344,23.1,0.3,0,True,True,789,ambas,True,True,16
9997,0,0,3,111,85,196,1350,21.4,1.6,0,True,True,789,ambas,True,True,16
9997,0,0,3,99,65,164,1404,22.8,0.0,0,True,True,789,ambas,True,True,16
9997,0,0,3,90,61,151,1650,21.2,3.8,0,True,True,789,ambas,True,True,16
9997,0,0,3,82,56,138,1353,22.3,0.0,0,True,True,789,ambas,True,True,16
9997,0,0,3,74,132,206,2116,22.4,52.3,26,True,True,789,ambas,True,True,16
9997,0,0,3,74,117,191,2342,22.4,0.0,26,True,True,789,ambas,True,True,16
9997,0,0,3,62,108,170,1011,21.3,24.9,38,True,True,789,ambas,True,True,16
9997,0,0,3,57,89,146,1440,21.2,0.0,38,True,True,789,ambas,True,True,16
9997,0,0,3,51,75,126,1718,19.9,8.1,42,True,True,789,ambas,True,True,16
9997,0,0,3,43,59,102,1904,21.1,0.0,42,True,True,789,ambas,True,True,16
9997,0,0,3,35,50,85,1977,21.1,0.4,42,True,True,789,ambas,True,True,16
9997,0,0,3,30,40,70,1899,23.0,0.0,42,True,True,789,ambas,True,True,16
9997,0,0,3,26,37,63,1849,22.4,0.0,16,True,True,789,ambas,True,True,16
9997,0,0,3,28,31,59,708,21.6,9.9,20,True,True,789,ambas,True,True,16
9997,0,0,3,24,28,52,746,21.2,0.8,8,True,True,789,ambas,True,True,16
9997,0,0,3,25,114,139,1058,20.1,50.0,33,True,True,789,ambas,True,True,16
9997,0,0,3,33,96,129,1370,19.9,7.5,32,True,True,789,ambas,True,True,16
9997,0,0,3,26,89,115,1455,19.6,21.2,42,True,True,789,ambas,True,True,16
9997,0,0,3,23,77,100,1532,21.3,0.0,42,True,True,789,ambas,True,True,16
9997,0,0,3,30,71,101,1631,21.0,2.4,42,True,True,789,ambas,True,True,16
9997,0,0,3,28,61,89,623,22.8,0.0,42,True,True,789,ambas,True,True,16
9997,0,0,3,45,56,101,931,22.9,0.0,38,True,True,789,ambas,True,True,16
9997,0,0,3,37,48,85,1014,20.7,5.5,40,True,True,789,ambas,True,True,16
9997,0,0,3,43,43,86,1173,21.7,2.0,15,True,True,789,ambas,True,True,16
9997,0,0,3,39,34,73,1208,21.2,1.0,12,True,True,789,ambas,True,True,16
9997,0,0,3,38,28,66,1127,23.2,0.0,2,True,True,789,ambas,True,True,16
9996,1,0,3,33,26,59,1046,22.7,7.2,5,True,True,789,ambas,True,True,16
9996,1,0,3,27,22,49,415,21.7,2.0,5,True,True,789,ambas,True,True,16
9996,1,0,3,24,18,42,422,20.6,10.9,10,True,True,789,ambas,True,True,16
9996,1,0,3,24,19,43,521,20.8,1.2,10,True,True,789,ambas,True,True,16
9996,0,1,3,22,20,42,497,22.5,0.0,8,True,True,789,ambas,True,True,16
9996,0,1,3,24,20,44,516,22.8,5.8,10,True,True,789,ambas,True,True,16
9996,0,1,3,20,15,35,590,21.4,16.4,18,True,True,789,ambas,True,True,16
9996,0,1,3,21,12,33,618,21.5,7.8,21,True,True,789,ambas,True,True,16
9996,0,1,3,18,10,28,262,22.8,0.0,18,True,True,789,ambas,True,True,16
9996,0,1,3,20,89,109,447,20.5,49.0,42,True,True,789,ambas,True,True,16
9996,0,1,3,18,72,90,834,20.5,8.9,41,True,True,789,ambas,True,True,16
9996,0,1,3,23,60,83,949,21.3,8.3,45,True,True,789,ambas,True,True,16
9996,0,0,4,23,52,75,988,20.0,18.6,54,True,True,789,ambas,True,True,16
9996,0,0,4,23,45,68,995,20.5,8.3,56,True,True,789,ambas,True,True,16
9996,0,0,4,20,36,56,988,20.6,5.0,50,True,True,789,ambas,True,True,16
9996,0,0,4,21,32,53,407,21.6,0.8,47,True,True,789,ambas,True,True,16
9996,0,0,4,19,26,45,490,20.7,5.1,49,True,True,789,ambas,True,True,16
9996,0,0,4,16,22,38,517,20.2,14.0,32,True,True,789,ambas,True,True,16
9996,0,0,4,16,21,37,608,20.4,3.3,28,True,True,789,ambas,True,True,16
9996,0,0,4,18,20,38,686,21.8,0.0,24,True,True,789,ambas,True,True,16
9996,0,0,4,16,19,35,612,21.1,0.0,15,True,True,789,ambas,True,True,16
9996,0,0,4,15,16,31,540,22.1,4.1,11,True,True,789,ambas,True,True,16
9996,0,0,4,17,13,30,211,21.1,11.0,14,True,True,789,ambas,True,True,16
9996,0,0,4,17,8,25,219,21.4,0.8,14,True,True,789,ambas,True,True,16
9996,0,0,4,13,7,20,195,21.7,0.3,12,True,True,789,ambas,True,True,16
9996,0,0,4,15,9,24,216,20.9,17.0,13,True,True,789,ambas,True,True,16
9996,0,0,4,21,7,28,204,22.7,0.0,13,True,True,789,ambas,True,True,16
9996,0,0,4,21,9,30,197,21.0,1.5,13,True,True,789,ambas,True,True,16
9996,0,0,4,18,8,26,311,22.6,0.0,13,True,True,789,ambas,True,True,16
9996,0,0,4,18,6,24,163,21.8,4.3,13,True,True,789,ambas,True,True,16
9996,0,0,4,18,88,106,561,22.6,50.0,33,True,True,789,ambas,True,True,16
9996,0,0,4,15,71,86,800,21.4,3.9,33,True,True,789,ambas,True,True,16
9996,0,0,4,16,61,77,929,21.7,2.4,33,True,True,789,ambas,True,True,16
9996,0,0,4,11,50,61,961,23.9,0.0,25,True,True,789,ambas,True,True,16
9996,0,0,4,11,43,54,994,21.7,4.5,25,True,True,789,ambas,True,True,16
9996,0,0,4,9,31,40,1017,22.8,1.0,25,True,True,789,ambas,True,True,16
9996,0,0,4,9,29,38,452,22.3,7.1,28,True,True,789,ambas,True,True,16
9996,0,0,4,8,26,34,472,21.6,0.0,28,True,True,789,ambas,True,True,16
9996,0,0,4,6,23,29,453,20.8,13.9,9,True,True,789,ambas,True,True,16
9996,0,0,4,4,18,22,504,21.2,15.5,16,True,True,789,ambas,True,True,16
9996,0,0,4,5,16,21,528,22.0,0.8,16,True,True,789,ambas,True,True,16
9996,0,0,4,6,13,19,478,21.8,0.0,16,True,True,789,ambas,True,True,16
9996,0,0,4,5,7,12,432,22.1,3.0,16,True,True,789,ambas,True,True,16
9996,0,0,4,8,11,19,245,21.9,19.7,25,True,False,789,ambas,True,True,16
9996,0,0,4,12,18,30,324,21.7,11.8,27,True,False,789,ambas,True,True,16
9996,0,0,4,15,105,120,659,21.3,61.0,56,True,False,789,ambas,True,True,16
9996,0,0,4,19,95,114,898,21.4,4.0,50,True,False,789,ambas,True,True,16
9996,0,0,4,22,91,113,1159,22.7,0.0,43,True,False,789,ambas,True,True,16
9997,0,0,3,24,87,111,1305,21.2,19.1,52,True,False,789,ambas,True,True,16
9997,0,0,3,24,83,107,1378,22.2,8.9,56,True,False,789,ambas,True,True,16
9997,0,0,3,22,87,109,611,21.6,23.7,67,True,False,789,ambas,True,True,16
9997,0,0,3,19,69,88,717,23.0,0.0,58,True,False,789,ambas,True,True,16
9997,0,0,3,17,66,83,966,23.2,0.0,54,True,False,789,ambas,True,True,16
9997,0,0,3,21,63,84,1018,21.8,4.7,24,True,False,789,ambas,True,True,16
9997,0,0,3,20,62,82,1012,21.7,1.7,24,True,False,789,ambas,True,True,16
9997,0,0,3,19,147,166,1537,23.3,52.3,50,True,False,789,ambas,True,True,16
9997,0,0,3,17,134,151,1728,23.2,0.0,41,True,False,789,ambas,True,True,16
9997,0,0,3,21,124,145,818,22.4,8.7,41,True,False,789,ambas,True,True,16
9997,0,0,3,20,115,135,1090,20.4,2.0,30,True,False,789,ambas,True,True,16
9997,0,0,3,20,111,131,1394,21.5,4.1,30,True,False,789,ambas,True,True,16
9997,0,0,3,27,103,130,1477,19.4,0.0,30,True,False,789,ambas,True,True,16
9997,0,0,3,30,102,132,1605,20.3,19.1,39,True,False,789,ambas,True,True,16
9997,0,0,3,31,139,170,2111,20.2,37.1,57,True,False,789,ambas,True,True,16
9997,0,0,3,32,152,184,2091,19.0,31.1,46,True,False,789,ambas,True,True,16
9997,0,0,3,33,139,172,966,20.3,1.8,46,True,False,789,ambas,True,True,16
9997,0,0,3,36,131,167,1316,21.9,0.0,42,True,False,789,ambas,True,True,16
9997,0,0,3,34,123,157,1583,19.7,4.7,42,True,False,789,ambas,True,True,16
9997,0,0,3,43,115,158,1538,21.0,8.6,46,True,False,789,ambas,True,True,16
9997,0,0,3,46,106,152,1859,22.9,0.0,46,True,False,789,ambas,True,True,16
9997,0,0,3,44,95,139,1880,20.6,2.0,37,True,False,789,ambas,True,True,16
9997,0,0,3,46,89,135,1901,21.3,3.9,19,True,False,789,ambas,True,True,16
9997,0,0,3,51,83,134,862,22.5,2.0,4,True,False,789,ambas,True,True,16
9997,0,0,3,45,81,126,1185,22.4,8.9,8,True,False,789,ambas,True,True,16
9997,0,0,3,47,73,120,1334,22.5,0.0,8,True,False,789,ambas,True,True,16
9997,0,0,3,48,69,117,1332,22.8,0.0,8,True,False,789,ambas,True,True,16
9997,0,0,3,46,62,108,1331,22.9,2.2,4,True,False,789,ambas,True,True,16
9997,0,0,3,44,67,111,1305,22.0,2.0,4,True,False,789,ambas,True,True,16
9997,0,0,3,43,64,107,1436,20.7,4.1,4,True,False,789,ambas,True,True,16
9997,0,0,3,42,58,100,692,19.9,1.4,4,True,False,789,ambas,True,True,16
9997,0,0,3,43,57,100,807,21.1,0.5,4,True,False,789,ambas,True,True,16
9997,0,0,3,45,55,100,970,21.8,7.1,3,True,False,789,ambas,True,True,16
9997,0,0,3,46,48,94,1026,22.2,0.3,3,True,False,789,ambas,True,True,16
9997,0,0,3,44,47,91,1220,21.7,10.9,8,True,False,789,ambas,True,True,16
9997,0,0,3,41,44,85,1421,22.0,5.1,10,True,False,789,ambas,True,True,16
9997,0,0,3,43,38,81,1428,21.8,5.3,12,True,False,789,ambas,True,True,16
9997,0,0,3,49,37,86,736,22.3,0.0,12,True,False,789,ambas,True,True,16
9997,0,0,3,47,34,81,973,21.5,3.0,12,True,False,789,ambas,True,True,16
9997,0,0,3,45,34,79,1182,23.3,2.0,12,True,False,789,ambas,True,True,16
9997,0,0,3,46,32,78,1178,22.6,1.0,9,True,False,789,ambas,True,True,16
9997,0,0,3,48,30,78,1192,21.2,0.0,9,True,False,789,ambas,True,True,16
9997,0,0,3,52,30,82,1342,20.7,6.9,7,True,False,789,ambas,True,True,16
9997,0,0,3,54,27,81,1380,22.2,0.0,5,True,False,789,ambas,True,True,16
9997,0,0,3,57,25,82,620,21.5,3.2,3,True,False,789,ambas,True,True,16
9997,0,0,3,58,23,81,755,22.2,7.0,6,True,False,789,ambas,True,True,16
9997,0,0,3,62,23,85,1023,23.9,0.5,6,True,False,789,ambas,True,True,16
9997,0,0,3,60,25,85,1092,22.5,7.9,9,True,False,789,ambas,True,True,16
9997,0,0,3,55,25,80,1327,20.5,6.0,12,True,False,789,ambas,True,True,16
9997,0,0,3,53,24,77,1275,21.1,0.0,12,True,False,789,ambas,True,True,16
9997,0,0,3,49,20,69,1336,21.8,1.0,9,True,False,789,ambas,True,True,16
9997,0,0,3,48,21,69,660,22.1,0.0,9,True,False,789,ambas,True,True,16
9997,0,0,3,46,23,69,736,20.7,15.3,16,True,False,789,ambas,True,True,16
9997,0,0,3,49,22,71,870,22.7,0.8,13,True,False,789,ambas,True,True,16
9997,0,0,3,48,23,71,1057,21.9,1.0,13,True,False,789,ambas,True,True,16
9997,0,0,3,46,21,67,1008,22.1,0.3,10,True,False,789,ambas,True,True,16
9997,0,0,3,44,24,68,1103,20.6,18.2,16,True,False,789,ambas,True,True,16
9997,0,0,3,48,23,71,1234,20.7,1.0,16,True,False,789,ambas,True,True,16
9997,0,0,3,50,21,71,552,20.5,10.9,21,True,False,789,ambas,True,True,16
9997,0,0,3,52,18,70,738,20.4,1.7,21,True,False,789,ambas,True,True,16
9997,0,0,3,54,16,70,873,20.8,8.7,18,True,False,789,ambas,True,True,16
9997,0,0,3,50,15,65,862,21.5,0.3,18,True,False,789,ambas,True,True,16
9998,0,0,2,46,15,61,980,19.9,6.0,21,True,False,789,ambas,True,True,16
9998,0,0,2,54,15,69,997,20.0,14.3,28,True,False,789,ambas,True,True,16
9998,0,0,2,53,26,79,1212,20.3,25.5,31,True,False,789,ambas,True,True,16
9998,0,0,2,53,39,92,573,20.3,26.8,44,True,False,789,ambas,True,True,16
9999,0,0,1,46,38,84,831,21.6,0.0,39,True,False,789,ambas,True,True,16
9999,0,0,1,43,43,86,959,20.6,20.2,49,True,False,789,ambas,True,True,16
9999,0,0,1,41,40,81,990,20.5,10.9,50,True,False,789,ambas,True,True,16
9999,0,0,1,40,35,75,1038,19.7,5.0,52,True,False,789,ambas,True,True,16
9999,0,0,1,34,35,69,1036,20.6,11.8,54,True,False,789,ambas,True,True,16
9999,0,0,1,37,33,70,1123,19.1,10.4,52,True,False,789,ambas,True,True,16
9999,0,0,1,44,31,75,509,19.9,13.5,46,True,False,789,ambas,True,True,16
9999,0,0,1,42,28,70,635,20.2,0.0,33,True,False,789,ambas,True,True,16
9999,0,0,1,41,25,66,763,20.4,1.0,33,True,False,789,ambas,True,True,16
9999,0,0,1,45,23,68,789,20.0,4.1,23,True,False,789,ambas,True,True,16
9999,0,0,1,48,20,68,926,21.2,2.3,18,True,False,789,ambas,True,True,16
9999,0,0,1,49,18,67,938,22.6,1.0,16,True,False,789,ambas,True,True,16
9999,0,0,1,46,17,63,1045,21.1,4.1,11,True,False,789,ambas,True,True,16
9999,0,0,1,49,15,64,337,19.8,5.1,8,True,False,789,ambas,True,True,16
9999,0,0,1,48,14,62,459,20.6,6.1,5,True,False,789,ambas,True,True,16
9999,0,0,1,46,14,60,498,20.0,10.6,10,True,False,789,ambas,True,True,16
9999,0,0,1,40,14,54,546,21.6,0.0,10,True,False,789,ambas,True,True,16
9999,0,0,1,39,13,52,583,21.4,0.5,10,True,False,789,ambas,True,True,16
9999,0,0,1,43,13,56,642,21.0,8.3,14,True,False,789,ambas,True,True,16
9999,0,0,1,39,25,64,698,20.7,24.7,26,True,False,789,ambas,True,True,16
9999,0,0,1,37,19,56,306,21.1,10.7,31,True,False,789,ambas,True,True,16
9999,0,0,1,35,18,53,358,22.8,1.4,29,True,False,789,ambas,True,True,16
9999,0,0,1,35,16,51,477,22.7,0.6,26,True,False,789,ambas,True,True,16
9999,0,0,1,40,15,55,626,21.4,10.5,26,True,False,789,ambas,True,True,16
9999,0,0,1,39,13,52,709,21.9,9.8,30,True,False,789,ambas,True,True,16
9999,0,0,1,38,12,50,804,22.7,5.1,32,True,False,789,ambas,True,True,16
9999,0,0,1,40,13,53,902,20.5,3.8,28,True,False,789,ambas,True,True,16
9999,0,0,1,45,13,58,412,21.9,1.2,16,True,False,789,ambas,True,True,16
9999,0,0,1,45,12,57,494,22.6,3.2,11,True,False,789,ambas,True,True,16
9999,0,0,1,42,12,54,568,20.3,12.4,17,True,False,789,ambas,True,True,16
9999,0,0,1,39,46,85,783,20.8,33.8,33,True,False,789,ambas,True,True,16
9999,0,0,1,36,46,82,817,20.8,4.9,28,True,False,789,ambas,True,True,16
9999,0,0,1,33,38,71,911,21.5,5.5,26,True,False,789,ambas,True,True,16
9999,0,0,1,33,37,70,1019,22.6,2.5,24,True,False,789,ambas,True,True,16
9999,0,0,1,31,35,66,548,22.9,9.7,28,True,False,789,ambas,True,True,16
9999,0,0,1,33,35,68,839,21.3,1.0,28,True,False,789,ambas,True,True,16
9999,0,0,1,35,31,66,1135,21.7,0.5,28,True,False,789,ambas,True,True,16
9999,0,0,1,35,31,66,1051,21.2,0.5,22,True,False,789,ambas,True,True,16
9999,0,0,1,38,28,66,1010,22.4,0.0,6,True,False,789,ambas,True,True,16
9999,0,0,1,41,26,67,977,21.9,3.0,6,True,False,789,ambas,True,True,16
9999,0,0,1,41,23,64,821,21.8,2.0,4,True,False,789,ambas,True,True,16
9999,0,0,1,42,20,62,266,22.0,0.0,4,True,False,789,ambas,True,True,16
9999,0,0,1,42,16,58,323,22.3,0.5,0,True,False,789,ambas,True,True,16
9999,0,0,1,35,16,51,375,21.6,0.5,0,True,False,789,ambas,True,True,16
9999,0,0,1,36,17,53,515,20.6,4.1,0,True,False,789,ambas,True,True,16
9999,0,0,1,35,16,51,634,20.2,16.6,8,True,False,789,ambas,True,True,16
9999,0,0,1,28,15,43,595,21.1,14.0,15,True,False,789,ambas,True,True,16
9999,0,0,1,28,14,42,604,21.4,1.3,15,True,False,789,ambas,True,True,16
9999,0,0,1,27,13,40,251,23.3,0.0,15,True,False,789,ambas,True,True,16
9999,0,0,1,28,14,42,290,22.7,0.0,15,True,False,789,ambas,True,True,16
9999,0,0,1,28,14,42,418,22.2,2.0,15,True,False,789,ambas,True,True,16
9999,0,0,1,26,13,39,401,21.7,1.0,15,True,False,789,ambas,True,True,16
9999,0,0,1,26,12,38,416,21.1,7.1,18,True,False,789,ambas,True,True,16
9999,0,0,1,27,13,40,437,21.3,11.7,15,True,False,789,ambas,True,True,16
9999,0,0,1,25,12,37,426,22.0,6.1,11,True,False,789,ambas,True,True,16
9999,0,0,1,24,24,48,260,21.0,25.9,23,True,False,789,ambas,True,True,16
9999,0,0,1,24,24,48,295,21.1,2.4,23,True,False,789,ambas,True,True,16
9999,0,0,1,25,22,47,451,22.9,0.0,23,True,False,789,ambas,True,True,16
9999,0,0,1,25,22,47,604,23.2,1.7,23,True,False,789,ambas,True,True,16
9999,0,0,1,29,20,49,732,21.3,5.6,25,True,False,789,ambas,True,True,16
9999,0,0,1,29,19,48,773,21.6,3.6,22,True,False,789,ambas,True,True,16
9999,0,0,1,29,20,49,752,22.3,16.9,25,True,False,789,ambas,True,True,16
9999,0,0,1,30,18,48,340,21.7,0.0,22,True,False,789,ambas,True,True,16
9999,0,0,1,26,17,43,358,21.4,14.9,17,True,False,789,ambas,True,True,16
9999,0,0,1,27,17,44,401,21.4,8.6,21,True,False,789,ambas,True,True,16
9999,0,0,1,27,18,45,438,20.4,18.0,30,True,False,789,ambas,True,True,16
9999,0,0,1,27,18,45,521,20.6,0.0,30,True,False,789,ambas,True,True,16
9999,0,0,1,27,17,44,561,21.7,0.4,28,True,False,789,ambas,True,True,16
9999,0,0,1,28,17,45,699,22.1,2.3,28,True,False,789,ambas,True,True,16
9999,0,0,1,27,17,44,314,22.7,5.9,22,True,False,789,ambas,True,True,16
9999,0,0,1,26,16,42,318,20.8,7.1,25,True,False,789,ambas,True,True,16
9999,0,0,1,29,15,44,542,21.1,0.0,18,True,False,789,ambas,True,True,16
9999,0,0,1,34,11,45,486,21.1,6.5,17,True,False,789,ambas,True,True,16
9999,0,0,1,34,12,46,683,21.4,9.5,12,True,False,789,ambas,True,True,16
9999,0,0,1,34,12,46,701,22.2,1.4,12,True,False,789,ambas,True,True,16
9999,0,0,1,33,12,45,692,21.6,2.5,12,True,False,789,ambas,True,True,16
9999,0,0,1,33,12,45,333,21.1,6.3,15,True,False,789,ambas,True,True,16
9999,0,0,1,32,11,43,507,21.8,0.0,13,True,False,789,ambas,True,True,16
9999,0,0,1,33,11,44,572,20.2,3.3,10,True,False,789,ambas,True,True,16
9999,0,0,1,30,11,41,589,21.7,0.0,10,True,False,789,ambas,True,True,16
9999,0,0,1,28,11,39,652,22.3,5.4,9,True,False,789,ambas,True,True,16
9999,0,0,1,25,9,34,679,22.2,14.0,12,True,False,789,ambas,True,True,16
9999,0,0,1,28,8,36,770,21.8,0.0,12,True,False,789,ambas,True,True,16
9999,0,0,1,24,8,32,307,21.3,3.4,12,True,False,789,ambas,True,True,16
9999,0,0,1,24,7,31,332,21.4,8.9,13,True,False,789,ambas,True,True,16
9999,0,0,1,23,8,31,354,21.7,7.7,16,True,False,789,ambas,True,True,16
9999,0,0,1,24,7,31,375,22.2,1.4,16,True,False,789,ambas,True,True,16
9999,0,0,1,29,7,36,314,22.4,1.7,16,True,False,789,ambas,True,True,16
9999,0,0,1,28,8,36,413,20.7,6.7,17,True,False,789,ambas,True,True,16
9999,0,0,1,27,7,34,406,22.5,1.9,10,True,False,789,ambas,True,True,16
9999,0,0,1,28,6,34,205,23.3,0.0,10,True,False,789,ambas,True,True,16
9999,0,0,1,33,7,40,289,22.2,14.0,17,True,False,789,ambas,True,True,16
9999,0,0,1,32,6,38,347,22.1,0.0,13,True,False,789,ambas,True,True,16
9999,0,0,1,36,34,70,610,21.0,31.0,25,True,False,789,ambas,True,True,16
9999,0,0,1,45,32,77,654,22.0,0.0,25,True,False,789,ambas,True,True,16
9999,0,0,1,44,32,76,805,21.0,3.9,25,True,False,789,ambas,True,True,16
9999,0,0,1,48,30,78,859,21.9,13.6,28,True,False,789,ambas,True,True,16
9999,0,0,1,49,34,83,374,20.5,22.6,38,True,False,789,ambas,True,True,16
9999,0,0,1,50,40,90,514,20.5,24.8,50,True,False,789,ambas,True,True,16
9999,0,0,1,48,38,86,690,20.8,7.7,46,True,False,789,ambas,True,True,16
9999,0,0,1,49,35,84,999,20.6,1.2,46,True,False,789,ambas,True,True,16
9999,0,0,1,48,33,81,1125,21.7,11.2,36,True,False,789,ambas,True,True,16
9999,0,0,1,46,33,79,1162,20.4,18.0,45,True,False,789,ambas,True,True,16
9999,0,0,1,46,32,78,1178,20.6,4.9,45,True,False,789,ambas,True,True,16
9999,0,0,1,45,32,77,443,21.5,2.0,39,True,False,789,ambas,True,True,16
9999,0,0,1,43,31,74,647,20.7,0.0,29,True,False,789,ambas,True,True,16
9999,0,0,1,42,29,71,770,22.4,0.0,17,True,False,789,ambas,True,True,16
9999,0,0,1,38,26,64,779,22.3,0.0,14,True,False,789,ambas,True,True,16
9999,0,0,1,38,27,65,756,21.9,0.0,14,True,False,789,ambas,True,True,16
9999,0,0,1,35,28,63,760,21.3,6.4,12,True,False,789,ambas,True,True,16
9999,0,0,1,34,27,61,805,19.9,7.2,6,True,False,789,ambas,True,True,16
9999,0,0,1,33,24,57,414,19.8,2.4,6,True,False,789,ambas,True,True,16
9999,0,0,1,31,22,53,445,20.5,0.0,6,True,False,789,ambas,True,True,16
9999,0,0,1,31,16,47,590,21.3,1.7,6,True,False,789,ambas,True,True,16
9999,0,0,1,32,15,47,679,22.6,3.3,6,True,False,789,ambas,True,True,16
9999,0,0,1,30,15,45,650,21.0,0.5,6,True,False,789,ambas,True,True,16
9999,0,0,1,29,14,43,672,20.4,0.0,6,True,False,789,ambas,True,True,16
9999,0,0,1,31,14,45,566,20.8,1.7,3,True,False,789,ambas,True,True,16
9999,0,0,1,29,12,41,321,21.6,6.1,3,True,False,789,ambas,True,True,16
9999,0,0,1,26,11,37,422,19.7,7.3,6,True,False,789,ambas,True,True,16
9999,0,0,1,24,58,82,561,21.1,39.1,25,True,False,789,ambas,True,True,16
9999,0,0,1,22,54,76,704,21.9,0.0,25,True,False,789,ambas,True,True,16
9999,0,0,1,22,50,72,845,21.4,0.0,25,True,False,789,ambas,True,True,16
9999,0,0,1,21,42,63,1016,20.7,9.9,29,True,False,789,ambas,True,True,16
9999,0,0,1,20,39,59,1118,20.2,7.4,32,True,False,789,ambas,True,True,16
9999,0,0,1,19,39,58,481,21.5,4.7,32,True,False,789,ambas,True,True,16
9999,0,0,1,19,34,53,630,22.1,13.7,35,True,False,789,ambas,True,True,16
9999,0,0,1,18,29,47,660,21.7,12.1,38,True,False,789,ambas,True,True,16
9999,0,0,1,21,34,55,706,20.8,21.8,29,True,False,789,ambas,True,True,16
9999,0,0,1,21,80,101,945,20.6,38.6,48,True,False,789,ambas,True,True,16
9999,0,0,1,23,74,97,1049,20.6,0.0,48,True,False,789,ambas,True,True,16
9999,0,0,1,21,71,92,1074,20.8,11.1,49,True,False,789,ambas,True,True,16
9999,0,0,1,26,67,93,483,21.0,0.0,46,True,False,789,ambas,True,True,16
9999,0,0,1,25,62,87,810,20.5,7.7,49,True,False,789,ambas,True,True,16
9999,0,0,1,28,58,86,960,21.6,6.1,46,True,False,789,ambas,True,True,16
9999,0,0,1,25,54,79,1086,19.9,9.5,44,True,False,789,ambas,True,True,16
9999,0,0,1,24,48,72,1174,19.9,13.5,40,True,False,789,ambas,True,True,16
9999,0,0,1,25,46,71,1091,19.5,5.9,23,True,False,789,ambas,True,True,16
9999,0,0,1,30,44,74,1163,20.6,2.0,23,True,False,789,ambas,True,True,16
9999,0,0,1,27,39,66,592,19.6,2.3,18,True,False,789,ambas,True,True,16
9999,0,0,1,26,36,62,578,20.5,0.0,18,True,False,789,ambas,True,True,16
9999,0,0,1,26,31,57,715,21.2,0.0,15,True,False,789,ambas,True,True,16
9999,0,0,1,29,27,56,754,21.6,3.1,12,True,False,789,ambas,True,True,16
9999,0,0,1,29,21,50,909,22.3,1.8,8,True,False,789,ambas,True,True,16
9999,0,0,1,30,18,48,856,20.4,12.2,8,True,False,789,ambas,True,True,16
9999,0,0,1,32,14,46,934,21.8,3.6,6,True,False,789,ambas,True,True,16
9999,0,0,1,33,17,50,414,21.1,6.7,9,True,False,789,ambas,True,True,16
9999,0,0,1,33,17,50,473,21.2,8.1,13,True,False,789,ambas,True,True,16
9999,0,0,1,34,18,52,625,21.3,3.6,13,True,False,789,ambas,True,True,16
9999,0,0,1,34,18,52,683,21.2,11.5,18,True,False,789,ambas,True,True,16
9999,0,0,1,38,30,68,821,21.3,26.0,31,True,False,789,ambas,True,True,16
9999,0,0,1,34,35,69,876,20.4,18.5,40,True,False,789,ambas,True,True,16
9999,0,0,1,32,35,67,992,20.4,15.2,41,True,False,789,ambas,True,True,16
9999,0,0,1,31,74,105,536,21.3,35.2,58,True,False,789,ambas,True,True,16
9999,0,0,1,32,61,93,831,20.6,11.9,60,True,False,789,ambas,True,True,16
9999,0,0,1,32,58,90,1022,20.3,10.0,61,True,False,789,ambas,True,True,16
9999,0,0,1,34,53,87,1199,21.9,0.0,61,True,False,789,ambas,True,True,16
9999,0,0,1,33,45,78,1295,22.0,7.6,59,True,False,789,ambas,True,True,16
9999,0,0,1,35,45,80,1394,21.7,0.0,46,True,False,789,ambas,True,True,16
9999,0,0,1,37,42,79,1497,19.1,1.4,37,True,False,789,ambas,True,True,16
9999,0,0,1,38,39,77,586,20.9,3.9,30,True,False,789,ambas,True,True,16
9999,0,0,1,37,38,75,721,21.6,10.1,18,True,False,789,ambas,True,True,16
9999,0,0,1,38,35,73,841,21.0,6.4,16,True,False,789,ambas,True,True,16
9999,0,0,1,38,32,70,1010,20.7,11.9,16,True,False,789,ambas,True,True,16
9999,0,0,1,39,32,71,1106,21.6,10.1,21,True,False,789,ambas,True,True,16
9999,0,0,1,42,30,72,1136,21.5,3.2,18,True,False,789,ambas,True,True,16
9999,0,0,1,36,31,67,1139,21.2,15.0,25,True,False,789,ambas,True,True,16
9999,0,0,1,34,31,65,618,20.7,0.0,25,True,False,789,ambas,True,True,16
10000,0,0,0,35,31,66,695,21.0,7.1,28,True,False,789,ambas,True,True,16
10000,0,0,0,40,28,68,904,20.4,13.9,29,True,False,789,ambas,True,True,16
10000,0,0,0,46,23,69,913,20.9,9.7,30,True,False,789,ambas,True,True,16
10000,0,0,0,42,22,64,948,19.5,10.7,30,True,False,789,ambas,True,True,16
10000,0,0,0,46,20,66,948,20.1,3.5,25,True,False,789,ambas,True,True,16
10000,0,0,0,44,19,63,930,20.0,2.9,25,True,False,789,ambas,True,True,16
10000,0,0,0,46,20,66,441,20.9,0.0,18,True,False,789,ambas,True,True,16
10000,0,0,0,47,17,64,530,19.8,2.7,18,True,False,789,ambas,True,True,16
10000,0,0,0,55,16,71,813,20.7,6.2,18,True,False,789,ambas,True,True,16
10000,0,0,0,57,15,72,965,21.0,6.8,15,True,False,789,ambas,True,True,16
10000,0,0,0,62,14,76,971,20.8,1.8,11,True,False,789,ambas,True,True,16
10000,0,0,0,62,13,75,970,18.9,0.8,6,True,False,789,ambas,True,True,16
10000,0,0,0,63,13,76,1096,20.5,0.0,6,True,False,789,ambas,True,True,16
10000,0,0,0,54,10,64,413,20.2,2.7,6,True,False,789,ambas,True,True,16
10000,0,0,0,53,9,62,560,21.3,6.2,9,True,False,789,ambas,True,True,16
10000,0,0,0,53,10,63,640,21.4,2.0,9,True,False,789,ambas,True,True,16
10000,0,0,0,50,12,62,684,21.4,16.0,14,True,False,789,ambas,True,True,16
10000,0,0,0,42,9,51,781,21.6,0.0,11,True,False,789,ambas,True,True,16
10000,0,0,0,41,8,49,761,21.0,0.2,11,True,False,789,ambas,True,True,16
10000,0,0,0,38,5,43,790,22.8,0.0,11,True,False,789,ambas,True,True,16
10000,0,0,0,36,5,41,385,22.5,1.9,11,True,False,789,ambas,True,True,16
10000,0,0,0,33,4,37,398,21.6,0.0,11,True,False,789,ambas,True,True,16
10000,0,0,0,32,4,36,381,21.8,0.2,8,True,False,789,ambas,True,True,16
10000,0,0,0,32,4,36,361,20.7,0.3,8,True,False,789,ambas,True,True,16
10000,0,0,0,32,2,34,307,22.5,0.0,0,True,False,789,ambas,True,True,16
10000,0,0,0,31,2,33,291,22.4,0.5,0,True,False,789,ambas,True,True,16
10000,0,0,0,32,1,33,278,23.1,1.3,0,True,False,789,ambas,True,True,16
10000,0,0,0,29,1,30,122,22.5,0.0,0,True,False,789,ambas,True,True,16
10000,0,0,0,26,1,27,100,21.6,0.6,0,True,False,789,ambas,True,True,16
10000,0,0,0,24,1,25,164,21.6,0.2,0,True,False,789,ambas,True,True,16
10000,0,0,0,21,1,22,150,20.7,1.6,0,True,False,789,ambas,True,True,16
10000,0,0,0,19,1,20,195,21.6,0.0,0,True,False,789,ambas,True,True,16
10000,0,0,0,19,1,20,145,20.9,5.4,2,True,False,789,ambas,True,True,16
10000,0,0,0,17,1,18,163,21.9,1.9,2,True,False,789,ambas,True,True,16
10000,0,0,0,16,1,17,81,21.7,11.6,7,True,False,789,ambas,True,True,16
